TITLE,PUBLISHER,STORY
Global Growth Worries May Pressure Stocks,RTT News,dchKRTV8vDviyCMH_lfUDTuFThh_M
Stocks Seeing Modest Weakness In Early Trading - U.S. Commentary,RTT News,dchKRTV8vDviyCMH_lfUDTuFThh_M
Major Averages Posting Modest Losses In Early Trading,RTT News,dchKRTV8vDviyCMH_lfUDTuFThh_M
US STOCKS-Wall Street edges lower after record; Boeing drags,Reuters,dchKRTV8vDviyCMH_lfUDTuFThh_M
US STOCKS SNAPSHOT-Wall St opens lower after S&P's record close,Reuters,dchKRTV8vDviyCMH_lfUDTuFThh_M
"US stocks held back by China, last week's moves",MarketWatch,dchKRTV8vDviyCMH_lfUDTuFThh_M
Futures Pointing To A Lower Open On Wall Street,RTT News,dchKRTV8vDviyCMH_lfUDTuFThh_M
Stocks May Come Under Pressure On Disappointing Chinese Data - U.S.  ...,RTT News,dchKRTV8vDviyCMH_lfUDTuFThh_M
"US STOCKS-Futures edge lower after record high, China data",Reuters,dchKRTV8vDviyCMH_lfUDTuFThh_M
Uncertain Mood Prevails On Wall Street,RTT News,dchKRTV8vDviyCMH_lfUDTuFThh_M
"Stock futures ease as Chinese trade, payrolls compete",MarketWatch,dchKRTV8vDviyCMH_lfUDTuFThh_M
Will banana prices slip on merger?,MarketWatch,d2OyTeAXDFQpb3M9Cr_Ftde6Ig0aM
UPDATE 4-Chiquita and Fyffes join to make world's biggest banana firm,Reuters,d2OyTeAXDFQpb3M9Cr_Ftde6Ig0aM
Chiquita Brands International (CQB) Is Up Sharply After Merger Announcement,RTT News,d2OyTeAXDFQpb3M9Cr_Ftde6Ig0aM
UPDATE 2-Italy's UniCredit posts record $19 bln loss after writedowns,Reuters,dMggeOeT5e8qzgMn32oo6QbOpKp1M
UPDATE 1-UniCredit Bank Austria in sale talks on Ukraine unit,Reuters,dMggeOeT5e8qzgMn32oo6QbOpKp1M
"UniCredit Q4 Loss Widens On Goodwill Impairment, Loan Loss Provisions",RTT News,dMggeOeT5e8qzgMn32oo6QbOpKp1M
UniCredit loss swells to $21 billion,MarketWatch,dMggeOeT5e8qzgMn32oo6QbOpKp1M
Bank Austria may sell Ukraine unit within a year - CFO,Reuters,dMggeOeT5e8qzgMn32oo6QbOpKp1M
"UniCredit serene about AQR, does not plan mergers with other banks",Reuters,dMggeOeT5e8qzgMn32oo6QbOpKp1M
US stocks edge lower in choppy trading,MarketWatch,djt9XrrBselwTwM8zuiF2B5iM25GM
"US STOCKS-Wall Street falls in choppy trading, catalysts scarce",Reuters,djt9XrrBselwTwM8zuiF2B5iM25GM
"Urban Outfitters Q4 Profit Tops View, But Sales Miss Estimates - Quick Facts",RTT News,djt9XrrBselwTwM8zuiF2B5iM25GM
"Urban Outfitters Q4 Profit Rises, Tops Street; But Warns On Q1",RTT News,djt9XrrBselwTwM8zuiF2B5iM25GM
Urban Outfitters warns on current-quarter results after sales miss,Reuters,djt9XrrBselwTwM8zuiF2B5iM25GM
UPDATE 2-Bank of England announces shake-up as it probes FX case,Reuters,dBxpRXe8n64NSYMS2ELgYC0Mp3ySM
"UK lawmaker says BoE's handling of forex probe ""not encouraging""",Reuters,dBxpRXe8n64NSYMS2ELgYC0Mp3ySM
BOE to tighten oversight as forex questions persist,MarketWatch,dBxpRXe8n64NSYMS2ELgYC0Mp3ySM
UPDATE 1-RBS might have to leave an independent Scotland-BoE's Carney,Reuters,dBxpRXe8n64NSYMS2ELgYC0Mp3ySM
BoE's Carney Sees More Slack In Economy,RTT News,dBxpRXe8n64NSYMS2ELgYC0Mp3ySM
UPDATE 1-BoE's Carney says UK economy not close to overheating,Reuters,dBxpRXe8n64NSYMS2ELgYC0Mp3ySM
BoE's Carney says worried UK mortgage underwriting standards could deteriorate,Reuters,dBxpRXe8n64NSYMS2ELgYC0Mp3ySM
BOE's Carney defends forward guidance to lawmakers,MarketWatch,dBxpRXe8n64NSYMS2ELgYC0Mp3ySM
"TIMELINE-The FX ""fixing"" scandal",Reuters,dBxpRXe8n64NSYMS2ELgYC0Mp3ySM
Stronger sterling would delay Bank of England rate rise - BoE's Bean,Reuters,dBxpRXe8n64NSYMS2ELgYC0Mp3ySM
"Men's Wearhouse Loss Widens On Weak Sales, Margins",RTT News,do6Vg-oWU1TOTeMhVmlSXEHyzSaoM
UPDATE 3-Men's Wearhouse stitches up deal to buy Jos. A. Bank,Reuters,do6Vg-oWU1TOTeMhVmlSXEHyzSaoM
Obamacare enrollment surpasses 4.2 million; more young adults signed up,MarketWatch,do6Vg-oWU1TOTeMhVmlSXEHyzSaoM
Men's Wearhouse To Buy Jos. A. Bank Clothiers For $1.8 Bln.,RTT News,do6Vg-oWU1TOTeMhVmlSXEHyzSaoM
TIMELINE-Men's Wearhouse seals deal to buy Jos. A. Bank,Reuters,do6Vg-oWU1TOTeMhVmlSXEHyzSaoM
CORRECTED-Men's Wearhouse seals $1.8 billion deal to buy Jos. A. Bank,Reuters,do6Vg-oWU1TOTeMhVmlSXEHyzSaoM
Men's Wearhouse Enters Into Agreement To Acquire Jos. A. Bank For $65/shr,RTT News,do6Vg-oWU1TOTeMhVmlSXEHyzSaoM
"Stock futures up, looking past China to retail sales",MarketWatch,dE1nRuMbDnCeYhMLITzsKriNPFBpM
China economic data disappoint markets,MarketWatch,dE1nRuMbDnCeYhMLITzsKriNPFBpM
"GRAINS-Soybeans near 2-week low, wheat rises for 3rd day",Reuters,dE1nRuMbDnCeYhMLITzsKriNPFBpM
Stocks Recover From Initial Weakness To Close Roughly Flat - U.S. Commentary,RTT News,dE1nRuMbDnCeYhMLITzsKriNPFBpM
"US STOCKS-Wall St little changed as Ukraine, China concerns brushed off",Reuters,dE1nRuMbDnCeYhMLITzsKriNPFBpM
US STOCKS-Wall St cuts losses as diplomacy ramps up in Ukraine,Reuters,dE1nRuMbDnCeYhMLITzsKriNPFBpM
CORRECTED-US STOCKS-Wall St pares losses as Ukraine concerns ease,Reuters,dE1nRuMbDnCeYhMLITzsKriNPFBpM
Major Averages Move To The Downside In Early Trading,RTT News,dE1nRuMbDnCeYhMLITzsKriNPFBpM
Risk Aversion Intensifies Amid Uncertainty,RTT News,dE1nRuMbDnCeYhMLITzsKriNPFBpM
Stocks May See Further Downside In Early Trading - US Commentary,RTT News,dE1nRuMbDnCeYhMLITzsKriNPFBpM
US STOCKS-Wall St to open lower as China concerns mount,Reuters,dE1nRuMbDnCeYhMLITzsKriNPFBpM
US STOCKS-Futures fall as China concerns mount,Reuters,dE1nRuMbDnCeYhMLITzsKriNPFBpM
"PRECIOUS-Gold up at 6-month high as Ukraine, China prompt safe-haven bids",Reuters,dd-ja3A1HzLxsTMnYm_Zo9l7RZAHM
"PRECIOUS-Gold near 6-mth high as Ukraine, China prompt safe-haven bids",Reuters,dd-ja3A1HzLxsTMnYm_Zo9l7RZAHM
"Gold up 1.3 percent to highest since September on China, Ukraine",Reuters,dd-ja3A1HzLxsTMnYm_Zo9l7RZAHM
"Gold Surges To 6-Month High, Ends Above $1370",RTT News,dd-ja3A1HzLxsTMnYm_Zo9l7RZAHM
"PRECIOUS-Gold up 1.3 pct to highest since Sept on China, Ukraine",Reuters,dd-ja3A1HzLxsTMnYm_Zo9l7RZAHM
Gold futures mark highest close in six months,MarketWatch,dd-ja3A1HzLxsTMnYm_Zo9l7RZAHM
PRECIOUS-Gold holds gains near 4-month high on safe-haven demand,Reuters,dd-ja3A1HzLxsTMnYm_Zo9l7RZAHM
Gold Ends Higher On Ukraine Concerns,RTT News,dd-ja3A1HzLxsTMnYm_Zo9l7RZAHM
Gold gains for second straight session,MarketWatch,dd-ja3A1HzLxsTMnYm_Zo9l7RZAHM
"PRECIOUS-Gold rises on concern over Ukraine crisis, Chinese growth",Reuters,dd-ja3A1HzLxsTMnYm_Zo9l7RZAHM
"PRECIOUS-Gold firm on fund inflows; China, Ukraine worries support",Reuters,dd-ja3A1HzLxsTMnYm_Zo9l7RZAHM
"PRECIOUS-Gold flat; Ukraine, weak Chinese export seen supporting",Reuters,dd-ja3A1HzLxsTMnYm_Zo9l7RZAHM
PRECIOUS-Gold prices climb as tensions over Ukraine intensify,Reuters,dd-ja3A1HzLxsTMnYm_Zo9l7RZAHM
"PRECIOUS-Gold drops as US growth optimism weighs, China sells",Reuters,dd-ja3A1HzLxsTMnYm_Zo9l7RZAHM
"PRECIOUS-Gold falls for 2nd session, US growth optimism weighs",Reuters,dd-ja3A1HzLxsTMnYm_Zo9l7RZAHM
"Gold futures lose 1%, but gain for the week",MarketWatch,dd-ja3A1HzLxsTMnYm_Zo9l7RZAHM
"Stocks to Watch: Herbalife, Dollar General, Aeropostale",MarketWatch,dey1wWSDFLloFaMb4H5WhUu2P5biM
Federal Trade Commission Launches Civil Probe Into Herbalife,RTT News,dey1wWSDFLloFaMb4H5WhUu2P5biM
UPDATE 3-Herbalife says US FTC opens inquiry long sought by Ackman,Reuters,dey1wWSDFLloFaMb4H5WhUu2P5biM
UPDATE 2-Herbalife says US FTC opens inquiry long sought by Ackman,Reuters,dey1wWSDFLloFaMb4H5WhUu2P5biM
Federal probe is latest twist in Herbalife saga,MarketWatch,dey1wWSDFLloFaMb4H5WhUu2P5biM
UPDATE 2-Ackman accuses Herbalife of breaking laws in China,Reuters,dey1wWSDFLloFaMb4H5WhUu2P5biM
UPDATE 1-Ackman accuses Herbalife of breaking laws in China,Reuters,dey1wWSDFLloFaMb4H5WhUu2P5biM
Ackman outspent by Herbalife in lobbying battle,Reuters,dey1wWSDFLloFaMb4H5WhUu2P5biM
Bouygues raises bid for Vivendi unit,MarketWatch,d1BKBxE-TXmBEpMnaYAKMFw9iuqVM
Deals of the day- Mergers and acquisitions,Reuters,d1BKBxE-TXmBEpMnaYAKMFw9iuqVM
UPDATE 1-Bouygues raises bid for Vivendi's SFR to shut out Numericable,Reuters,d1BKBxE-TXmBEpMnaYAKMFw9iuqVM
Bouygues confirms improved offer for Vivendi's SFR,Reuters,d1BKBxE-TXmBEpMnaYAKMFw9iuqVM
Bouygues Boosts Offer For Vivendi's SFR Unit By EUR 1 Bln,RTT News,d1BKBxE-TXmBEpMnaYAKMFw9iuqVM
French and Benelux stocks-Factors to watch on March 13,Reuters,d1BKBxE-TXmBEpMnaYAKMFw9iuqVM
Bouygues board meets to approve improved SFR bid-sources,Reuters,d1BKBxE-TXmBEpMnaYAKMFw9iuqVM
DEALTALK-Vivendi hunts for the right telecom exit,Reuters,d1BKBxE-TXmBEpMnaYAKMFw9iuqVM
Numericable won't raise bid for Vivendi's SFR,MarketWatch,d1BKBxE-TXmBEpMnaYAKMFw9iuqVM
Numericable sees SFR synergies in 2014; criticises Bouygues bid,Reuters,d1BKBxE-TXmBEpMnaYAKMFw9iuqVM
UPDATE 1-French cable group Numericable keeps mid-term targets,Reuters,d1BKBxE-TXmBEpMnaYAKMFw9iuqVM
French cable group Numericable keeps mid-term targets,Reuters,d1BKBxE-TXmBEpMnaYAKMFw9iuqVM
Eurozone Inflation Slows In February,RTT News,dqO3oaCsbs8_Y0Ma_iuUkCYtlIz4M
Euro zone inflation drops back to lowest ever level in February,Reuters,dqO3oaCsbs8_Y0Ma_iuUkCYtlIz4M
Euro-zone inflation rate revised down to 0.7%,MarketWatch,dqO3oaCsbs8_Y0Ma_iuUkCYtlIz4M
European Economics Preview: Eurozone Final Inflation Data Due,RTT News,dqO3oaCsbs8_Y0Ma_iuUkCYtlIz4M
"US Consumer Prices Tick Up 0.1% In February, In Line With Estimates",RTT News,d4z586k7VjuFfYMB86gHVHgDcH7cM
U.S. Consumer Prices Rise In Line With Economist Estimates,RTT News,d4z586k7VjuFfYMB86gHVHgDcH7cM
WRAPUP 1-US inflation muted despite food price increases; housing starts slip,Reuters,d4z586k7VjuFfYMB86gHVHgDcH7cM
Consumer prices edge up in February as food prices jump,MarketWatch,d4z586k7VjuFfYMB86gHVHgDcH7cM
Consumer prices edge up 0.1% in February,MarketWatch,d4z586k7VjuFfYMB86gHVHgDcH7cM
UPDATE 1-Wal-Mart entry into used videogames trade threatens GameStop,Reuters,dDImFpjDxzjN3bMLwlq2ItFmFxWSM
Trade in your Call of Duty for diapers,MarketWatch,dDImFpjDxzjN3bMLwlq2ItFmFxWSM
GameStop drops; Hertz moves ahead with spinoff,MarketWatch,dDImFpjDxzjN3bMLwlq2ItFmFxWSM
Wal-Mart Stores To Enter Used Videogame Market,RTT News,dDImFpjDxzjN3bMLwlq2ItFmFxWSM
"BMW Sees Significant Increase In FY14 Pre-tax Profit, Sales Volume; Shares Up",RTT News,dpsbEBDv0DM5VeMEFni_ROEVX203M
BMW sees higher profits and car sales in 2014,Reuters,dpsbEBDv0DM5VeMEFni_ROEVX203M
"BMW Sees Significant Rise In FY Group Pre-tax Profit, Sales Volume - Quick Facts",RTT News,dpsbEBDv0DM5VeMEFni_ROEVX203M
UPDATE 1-BMW eyes US production hike in push for sales record,Reuters,dpsbEBDv0DM5VeMEFni_ROEVX203M
BMW sees 'clear growth' in 2014 pretax profit,MarketWatch,dpsbEBDv0DM5VeMEFni_ROEVX203M
European Markets Fall On Yellen Comments,RTT News,dAYENP5WxlnkP9MU2yDD-4yOWUHtM
"Fed may raise rates as soon as next spring, Yellen suggests",Reuters,dAYENP5WxlnkP9MU2yDD-4yOWUHtM
Stock futures slip ahead of labor data; Lennar gains,MarketWatch,dAYENP5WxlnkP9MU2yDD-4yOWUHtM
"Dollar upbeat on rate rise expectations, bonds fall",Reuters,dAYENP5WxlnkP9MU2yDD-4yOWUHtM
Dollar pauses after Fed-led surge,Reuters,dAYENP5WxlnkP9MU2yDD-4yOWUHtM
"For Janet Yellen, a single mandate now",MarketWatch,dAYENP5WxlnkP9MU2yDD-4yOWUHtM
Asian Stocks Tumble After Fed Statement,RTT News,dAYENP5WxlnkP9MU2yDD-4yOWUHtM
"EM ASIA FX-Yellen shock, weak yuan hit Asia FX; more losses seen",Reuters,dAYENP5WxlnkP9MU2yDD-4yOWUHtM
FOREX-Dollar pauses after Fed-led surge,Reuters,dAYENP5WxlnkP9MU2yDD-4yOWUHtM
Italy - Factors to watch on March 20,Reuters,dAYENP5WxlnkP9MU2yDD-4yOWUHtM
UPDATE 1-Lennar profit jumps as it sells more homes at higher prices,Reuters,dKfdYXp_oa06FjMH1vmNo466GafsM
Lennar profit rises 36 pct as it sells more homes,Reuters,dKfdYXp_oa06FjMH1vmNo466GafsM
Lennar Q1 profit climbs - quick facts,RTT News,dKfdYXp_oa06FjMH1vmNo466GafsM
"Lennar, Nike, ConAgra are Thursday's stocks to watch",MarketWatch,dKfdYXp_oa06FjMH1vmNo466GafsM
EBay Appreciates Icahn's Changed View On PayPal - Update,RTT News,dk6y3_aZG019RyMue5rnjOjxIwl3M
"UPDATE 2-Icahn changes course, urges eBay to sell 20 pct of PayPal",Reuters,dk6y3_aZG019RyMue5rnjOjxIwl3M
Carl Icahn's 80/20 vision of eBay and PayPal,MarketWatch,dk6y3_aZG019RyMue5rnjOjxIwl3M
China Mobile's annual net earnings slips 5.9%,MarketWatch,dXi8Wbod2gNBPZMOWqpiSJWxtl07M
UPDATE 3-First annual profit drop in 14 years spurs China Mobile spending on 4G,Reuters,dXi8Wbod2gNBPZMOWqpiSJWxtl07M
China Mobile to increase handset subsidies 26 pct in 2014,Reuters,dXi8Wbod2gNBPZMOWqpiSJWxtl07M
"China Mobile capex to rise 22 pct in 2014, aims to sell 100 mln 4G devices",Reuters,dXi8Wbod2gNBPZMOWqpiSJWxtl07M
"China Mobile 2013 profit falls 5.9 pct, misses estimates",Reuters,dXi8Wbod2gNBPZMOWqpiSJWxtl07M
China Mobile Annual Profit Drops - Quick Facts,RTT News,dXi8Wbod2gNBPZMOWqpiSJWxtl07M
UPDATE 2-China Telecom books record revenue on rapid mobile sales growth,Reuters,dXi8Wbod2gNBPZMOWqpiSJWxtl07M
China Telecom profit up 17% on high-value signups,MarketWatch,dXi8Wbod2gNBPZMOWqpiSJWxtl07M
China Telecom's 2014 capex to be slightly higher at 80.3 bln yuan,Reuters,dXi8Wbod2gNBPZMOWqpiSJWxtl07M
"China Telecom Annual Profit, Revenue Rise - Quick Facts",RTT News,dXi8Wbod2gNBPZMOWqpiSJWxtl07M
"China Telecom 2013 profit rises 17 pct, matches estimates",Reuters,dXi8Wbod2gNBPZMOWqpiSJWxtl07M
Oracle Corp. (ORCL) Is Pulling Back After Q3 Miss,RTT News,do8j0bCjY5DibxMZlDgqqxkTdZnyM
Oracle crosshairs: currency vs cloud boost,MarketWatch,do8j0bCjY5DibxMZlDgqqxkTdZnyM
UPDATE 4-Oracle quarterly results disappoint Wall St; shares fall,Reuters,do8j0bCjY5DibxMZlDgqqxkTdZnyM
Oracle Results Miss Estimates,RTT News,do8j0bCjY5DibxMZlDgqqxkTdZnyM
Oracle says new software sales rose 4 percent in third quarter,Reuters,do8j0bCjY5DibxMZlDgqqxkTdZnyM
"On Oracle earnings, media has its head in the clouds",MarketWatch,do8j0bCjY5DibxMZlDgqqxkTdZnyM
Symantec Corp. (SYMC) Plunged To A New Low After CEO Terminated,RTT News,dOYMWGWTc9yK85MZhujYJCZknTHFM
Tech stocks slip but Nasdaq ekes out weekly gain,MarketWatch,dOYMWGWTc9yK85MZhujYJCZknTHFM
UPDATE 1-Symantec CEO ouster raises questions about turnaround,Reuters,dOYMWGWTc9yK85MZhujYJCZknTHFM
Ousted Symantec CEO may get $18.5 mln in severance payment,Reuters,dOYMWGWTc9yK85MZhujYJCZknTHFM
Symantec Corp. (SYMC) Has Plunged To A New Low After CEO Ousted,RTT News,dOYMWGWTc9yK85MZhujYJCZknTHFM
UPDATE 2-Symantec fires CEO Bennett,Reuters,dOYMWGWTc9yK85MZhujYJCZknTHFM
Symantec Corp. (SYMC) Is Falling After CEO Fired,RTT News,dOYMWGWTc9yK85MZhujYJCZknTHFM
Symantec boots CEO as turnaround stalls,MarketWatch,dOYMWGWTc9yK85MZhujYJCZknTHFM
"Symantec Shunts CEO Steve Bennett, Names Michael Brown Interim Head  ...",RTT News,dOYMWGWTc9yK85MZhujYJCZknTHFM
Symantec Board Terminates Steve Bennett CEO - Quick Facts,RTT News,dOYMWGWTc9yK85MZhujYJCZknTHFM
"UPDATE 2-US Fed corrects stress test results, says most changes minor",Reuters,dzwWTDFSd0fzZ6MYNS6Ur17aaMO3M
"US Fed issues corrected stress test results, says most changes minor",Reuters,dzwWTDFSd0fzZ6MYNS6Ur17aaMO3M
Fed stress test weighs on B. of A.; JP Morgan jumps,MarketWatch,dzwWTDFSd0fzZ6MYNS6Ur17aaMO3M
Fed stress test: Banks lose $501 bln in bad recession,MarketWatch,dzwWTDFSd0fzZ6MYNS6Ur17aaMO3M
"Top 29 US Banks Pass Fed Stress Test; Zion Fails, To Resubmit Capital Plan",RTT News,dzwWTDFSd0fzZ6MYNS6Ur17aaMO3M
Zions To Resubmit Capital Plan; Zions' DFAST Results Were Worse Than  ...,RTT News,dzwWTDFSd0fzZ6MYNS6Ur17aaMO3M
UPDATE 3-All big US banks but one pass Fed's health test,Reuters,dzwWTDFSd0fzZ6MYNS6Ur17aaMO3M
TABLE-US banks' capital ratios under Fed stress tests,Reuters,dzwWTDFSd0fzZ6MYNS6Ur17aaMO3M
All but one of major US banks meet Fed's stress test hurdle,Reuters,dzwWTDFSd0fzZ6MYNS6Ur17aaMO3M
RPT--US Fed to release results of financial industry health check,Reuters,dzwWTDFSd0fzZ6MYNS6Ur17aaMO3M
Another object spotted; Malaysia jet search presses on,MarketWatch,dVK7SWRI1vWEpIMDLoCD_ne0yEkyM
WRAPUP 11-China spots new possible plane debris in southern Indian Ocean,Reuters,dVK7SWRI1vWEpIMDLoCD_ne0yEkyM
China To Investigate Whether Satellite Images Of Object To Be Malaysia's MH370,RTT News,dVK7SWRI1vWEpIMDLoCD_ne0yEkyM
US stocks retreat; Nasdaq off 1%,MarketWatch,dWodkwDbYh8CP3MN40m4jTNqXmMWM
Stocks Move To The Downside After Early Buying Interest Fades - U.S.  ...,RTT News,dWodkwDbYh8CP3MN40m4jTNqXmMWM
"Major Averages Close In The Red, Nasdaq Underperforms",RTT News,dWodkwDbYh8CP3MN40m4jTNqXmMWM
US STOCKS SNAPSHOT-Wall St ends down as investors book profits,Reuters,dWodkwDbYh8CP3MN40m4jTNqXmMWM
London stocks rally after inflation data; easyJet jumps,MarketWatch,dEePOIddTFj8eLMCqmM7VsHYeu8KM
"EasyJet Now Sees Narrower-than-estimated Pre-tax Loss In H1, Stock Up",RTT News,dEePOIddTFj8eLMCqmM7VsHYeu8KM
UPDATE 2-Budget airline easyJet lifts first-half results forecast,Reuters,dEePOIddTFj8eLMCqmM7VsHYeu8KM
EasyJet Sees Narrower Pre-tax Loss In Six-month Period - Quick Facts,RTT News,dEePOIddTFj8eLMCqmM7VsHYeu8KM
Walt Disney climbs after deal; Himax sinks,MarketWatch,dBOG2P12HzMwjFMgaRWP-rTeBBF2M
"Disney To Buy Maker Studios For $500 Mln, Plus Milestones - Update",RTT News,dBOG2P12HzMwjFMgaRWP-rTeBBF2M
UPDATE 2-Disney to buy YouTube network Maker Studios for $500 mln,Reuters,dBOG2P12HzMwjFMgaRWP-rTeBBF2M
U.S. stock futures rise on Plosser's rate comments,MarketWatch,dT0w_Lo75548ZlMi-NKi_To6vvf-M
"US STOCKS-Futures edge higher after selloff, but concerns remain",Reuters,dT0w_Lo75548ZlMi-NKi_To6vvf-M
"Stock futures up ahead of confidence, housing data",MarketWatch,dT0w_Lo75548ZlMi-NKi_To6vvf-M
US stocks fall; Nasdaq skids 1.2%,MarketWatch,dT0w_Lo75548ZlMi-NKi_To6vvf-M
India Morning Call-Global Markets,Reuters,dT0w_Lo75548ZlMi-NKi_To6vvf-M
"Major Averages Close In The Red, Nasdaq Posts Substantial Loss",RTT News,dT0w_Lo75548ZlMi-NKi_To6vvf-M
Disappointing Manufacturing Data Weighs On Wall Street - US Commentary,RTT News,dT0w_Lo75548ZlMi-NKi_To6vvf-M
Treasuries Close Modestly Higher After Seeing Early Weakness,RTT News,dT0w_Lo75548ZlMi-NKi_To6vvf-M
"US STOCKS-Wall St falls, Nasdaq tumbles below 50-day moving average",Reuters,dT0w_Lo75548ZlMi-NKi_To6vvf-M
"Major Averages Firmly In The Red, Nasdaq Showing Particularly Steep Drop",RTT News,dT0w_Lo75548ZlMi-NKi_To6vvf-M
Stocks Mostly Lower Following Disappointing Manufacturing Data - U.S.  ...,RTT News,dT0w_Lo75548ZlMi-NKi_To6vvf-M
"US STOCKS-Wall St slumps, Nasdaq under 50-day moving average",Reuters,dT0w_Lo75548ZlMi-NKi_To6vvf-M
Stocks Come Under Pressure After Moving Higher At The Open - U.S. Commentary,RTT News,dT0w_Lo75548ZlMi-NKi_To6vvf-M
Major Averages Pull Back Into The Red After Initial Upward Move,RTT News,dT0w_Lo75548ZlMi-NKi_To6vvf-M
Futures Pointing To Early Strength On Wall Street,RTT News,dT0w_Lo75548ZlMi-NKi_To6vvf-M
US stocks drift lower after weak PMI,MarketWatch,dT0w_Lo75548ZlMi-NKi_To6vvf-M
UK February Inflation Lowest Since 2009,RTT News,drtnhd44qzW0MaMaJYSEh4jVEMwZM
UK House Price Inflation Accelerates In January,RTT News,drtnhd44qzW0MaMaJYSEh4jVEMwZM
"UK inflation hits new four-year low in February, house prices up sharply",Reuters,drtnhd44qzW0MaMaJYSEh4jVEMwZM
U.K. inflation falls further below BOE target of 2%,MarketWatch,drtnhd44qzW0MaMaJYSEh4jVEMwZM
"TAKE A LOOK-Asia inflation: Prices cool in Singapore, Vietnam",Reuters,drtnhd44qzW0MaMaJYSEh4jVEMwZM
Singapore February Inflation Weakens More Than Forecast,RTT News,drtnhd44qzW0MaMaJYSEh4jVEMwZM
"PRECIOUS-Gold holds above 1-month low, but US rate hike fears weigh",Reuters,df099bV_5_nKjKMqxhiVh1yCmHe3M
"PRECIOUS-Gold off 1-month low, but US rate hike fears cap gains",Reuters,df099bV_5_nKjKMqxhiVh1yCmHe3M
PRECIOUS-Gold near 1-month low on concerns over US rate rises,Reuters,df099bV_5_nKjKMqxhiVh1yCmHe3M
"PRECIOUS-Gold drops 2 pct on fund selling, US rate hike fears",Reuters,df099bV_5_nKjKMqxhiVh1yCmHe3M
"Gold tumbles as dollar gains, investors cash in",MarketWatch,df099bV_5_nKjKMqxhiVh1yCmHe3M
Gold Losing Luster Amid Rate Hike Chatter,RTT News,df099bV_5_nKjKMqxhiVh1yCmHe3M
"PRECIOUS-Bullion drops nearly 1 pct on dollar, palladium holds near 2-1/2-yr high",Reuters,df099bV_5_nKjKMqxhiVh1yCmHe3M
"PRECIOUS-Gold ticks lower, US dollar holds near peak",Reuters,df099bV_5_nKjKMqxhiVh1yCmHe3M
Data Storage Firm Box Files To Raise $250 Mln In IPO,RTT News,dETmRVJVDSq1fAMN3gKNKs0k5wFZM
Data storage firm Box files for US IPO of about $250 million,Reuters,dETmRVJVDSq1fAMN3gKNKs0k5wFZM
UPDATE 2-Data storage firm Box files for US IPO of about $250 mln,Reuters,dETmRVJVDSq1fAMN3gKNKs0k5wFZM
Box IPO details yet another money-loser,MarketWatch,dETmRVJVDSq1fAMN3gKNKs0k5wFZM
Data storage firm Box files for IPO of up to $250 mln,Reuters,dETmRVJVDSq1fAMN3gKNKs0k5wFZM
Apple Inc. (AAPL) Rose Sharply On Report Of Comcast Talks,RTT News,d8WnNUjsPLscpcMvdz_yT-W5XOYcM
Could Apple make cable TV cool again?,MarketWatch,d8WnNUjsPLscpcMvdz_yT-W5XOYcM
"Apple gains on Comcast talk, new iPhone buzz",MarketWatch,d8WnNUjsPLscpcMvdz_yT-W5XOYcM
Apple's a rare gainer as most techs tumble,MarketWatch,d8WnNUjsPLscpcMvdz_yT-W5XOYcM
"Newscast: Deal talk boosts Apple, sinks Netflix",MarketWatch,d8WnNUjsPLscpcMvdz_yT-W5XOYcM
Apple gains on reports of Comcast talks,MarketWatch,d8WnNUjsPLscpcMvdz_yT-W5XOYcM
UPDATE 1-Apple in talks with Comcast for streaming-TV service - WSJ,Reuters,d8WnNUjsPLscpcMvdz_yT-W5XOYcM
"CORRECTED-GLOBAL MARKETS-China stimulus hopes, calmer Ukraine lift  ...",Reuters,dSSoW8MbaWwbChMYTaGbQPS1Ngw0M
ECB's Liikanen - Negative deposit rates not controversial issue -WSJ,Reuters,dSSoW8MbaWwbChMYTaGbQPS1Ngw0M
ECB's Weidmann opens door to quantitative easing,Reuters,dSSoW8MbaWwbChMYTaGbQPS1Ngw0M
"Dollar gains after ECB comments, US consumer confidence data",Reuters,dSSoW8MbaWwbChMYTaGbQPS1Ngw0M
Euro Extends Decline After ECB Makuch's Comments,RTT News,dSSoW8MbaWwbChMYTaGbQPS1Ngw0M
"FOREX-Dollar gains after ECB comments, US consumer confidence data",Reuters,dSSoW8MbaWwbChMYTaGbQPS1Ngw0M
Slovak central bank slashes inflation outlook,Reuters,dSSoW8MbaWwbChMYTaGbQPS1Ngw0M
Dollar cuts gains after mixed US data,MarketWatch,dSSoW8MbaWwbChMYTaGbQPS1Ngw0M
FOREX-Euro falls as ECB steps up rhetoric about currency's strength,Reuters,dSSoW8MbaWwbChMYTaGbQPS1Ngw0M
"Pound gains against a weaker euro, flat versus dollar",Reuters,dSSoW8MbaWwbChMYTaGbQPS1Ngw0M
Euro Falls On ECB Weidmann's Comments,RTT News,dSSoW8MbaWwbChMYTaGbQPS1Ngw0M
Euro falls as ECB Weidmann says negative rates could stem firm currency,Reuters,dSSoW8MbaWwbChMYTaGbQPS1Ngw0M
Euro zone bond yields fall as US manufacturing weakening,Reuters,dSSoW8MbaWwbChMYTaGbQPS1Ngw0M
REFILE-ECB tested as push-back against bank review rules begins,Reuters,dSSoW8MbaWwbChMYTaGbQPS1Ngw0M
Euro zone bonds mostly weaker after PMI data,Reuters,dSSoW8MbaWwbChMYTaGbQPS1Ngw0M
"WRAPUP 2-Bullish consumers, rising home prices brighten US growth picture",Reuters,dfBS3RPqkm4eq8MhSZx-pHIez0eqM
U.S. New Home Sales Pull Back To Five-Month Low In February,RTT News,dfBS3RPqkm4eq8MhSZx-pHIez0eqM
Sales of new homes fall to five-month low,MarketWatch,dfBS3RPqkm4eq8MhSZx-pHIez0eqM
U.S. Home Prices Rise Slightly More Than Expected In January,RTT News,dV_mH5Zqkuj_wBM68o5qjJ4OM7YVM
UPDATE 1-US home prices rise in January -S&P/Case-Shiller,Reuters,dV_mH5Zqkuj_wBM68o5qjJ4OM7YVM
US home prices decline 0.1% in January,MarketWatch,dV_mH5Zqkuj_wBM68o5qjJ4OM7YVM
U.S. Consumer Confidence Improves Much More Than Expected In March,RTT News,dmMrwXwO9--qQQM97mD0rlOCFjF_M
U.S. Consumer Confidence Index Jumps More Than Expected In March,RTT News,dmMrwXwO9--qQQM97mD0rlOCFjF_M
US new home sales fall to five-month low,Reuters,dmMrwXwO9--qQQM97mD0rlOCFjF_M
Consumer confidence highest in more than six years,MarketWatch,dmMrwXwO9--qQQM97mD0rlOCFjF_M
Consumer-confidence index rises in March,MarketWatch,dmMrwXwO9--qQQM97mD0rlOCFjF_M
UPDATE 2-Walgreen sees bigger benefit from Alliance Boots tie-up,Reuters,d9aSAf_ZMgYYCkMzqyBUue_WTLx8M
Fewer new generic drugs dent Walgreen profit,Reuters,d9aSAf_ZMgYYCkMzqyBUue_WTLx8M
"Walgreens Profit Down Slightly, To Close 76 Stores",RTT News,d9aSAf_ZMgYYCkMzqyBUue_WTLx8M
"Walgreen posts weaker profit, to close stores",MarketWatch,d9aSAf_ZMgYYCkMzqyBUue_WTLx8M
"Walgreen Q2 Profit Down, Adj. Earnings Miss Estimates - Quick Facts",RTT News,d9aSAf_ZMgYYCkMzqyBUue_WTLx8M
Major Averages Turn Mixed As Nasdaq Slides Into Negative Territory,RTT News,dPx2fhb-zjReSvMQYGjdGCUz5JNcM
Major Averages Manage To Close In Positive Territory,RTT News,dPx2fhb-zjReSvMQYGjdGCUz5JNcM
Stocks Close Mostly Higher On Upbeat Consumer Confidence Data - U.S.  ...,RTT News,dPx2fhb-zjReSvMQYGjdGCUz5JNcM
US STOCKS-Wall St rebounds; biotech shares snap losing streak,Reuters,dPx2fhb-zjReSvMQYGjdGCUz5JNcM
US STOCKS-Wall St rebounds as biotech moves back to positive zone,Reuters,dPx2fhb-zjReSvMQYGjdGCUz5JNcM
Stocks Turn Mixed After Seeing Early Strength - U.S. Commentary,RTT News,dPx2fhb-zjReSvMQYGjdGCUz5JNcM
Charting a garden-variety market pullback,MarketWatch,dPx2fhb-zjReSvMQYGjdGCUz5JNcM
"UPDATE 4-US Fed bars shareholder payouts from Citi, 4 others",Reuters,dTQ8pLlTqc1ZDHMn7F8jF1ZGbGnVM
Comerica Plans Up To $236 Mln Of Stock Buybacks,RTT News,dTQ8pLlTqc1ZDHMn7F8jF1ZGbGnVM
Citigroup Inc. (C) Is Sinking After Federal Reserve Rejects Capital Plan,RTT News,dTQ8pLlTqc1ZDHMn7F8jF1ZGbGnVM
Capital One to repurchase up to $2.5 Bln of shares through end of Q1'15,RTT News,dTQ8pLlTqc1ZDHMn7F8jF1ZGbGnVM
Bank Of America Authorizes New $4 Bln Share Buyback - Quick Facts,RTT News,dTQ8pLlTqc1ZDHMn7F8jF1ZGbGnVM
"Citi, four other banks see capital plan rejected by Fed",MarketWatch,dTQ8pLlTqc1ZDHMn7F8jF1ZGbGnVM
"US Fed objects to capital plans by Citi, four others in stress tests",Reuters,dTQ8pLlTqc1ZDHMn7F8jF1ZGbGnVM
US Bancorp Authorizes New $2.3 Bln Share Buyback - Quick Facts,RTT News,dTQ8pLlTqc1ZDHMn7F8jF1ZGbGnVM
Citigroup shares drop on Fed-rejected capital plan,MarketWatch,dTQ8pLlTqc1ZDHMn7F8jF1ZGbGnVM
UPDATE 1-US banks enjoy 'too-big-to-fail' advantage -Fed study,Reuters,dTQ8pLlTqc1ZDHMn7F8jF1ZGbGnVM
Fed's Fisher lauds study as call for action on too-big banks,Reuters,dTQ8pLlTqc1ZDHMn7F8jF1ZGbGnVM
UPDATE 2-Bank of America to pay $9.3 bln to settle mortgage bond claims,Reuters,dY-01DTE2yrit7MIM_eY2KcMgOusM
B. of A. to pay $9.5 bln to settle FHFA claims,MarketWatch,dY-01DTE2yrit7MIM_eY2KcMgOusM
"BofA Reaches Settlement With FHFA, NYAG",RTT News,dY-01DTE2yrit7MIM_eY2KcMgOusM
Bank of America to Increase Quarterly Common Stock Dividend to $0.05 per  ...,MarketWatch,dY-01DTE2yrit7MIM_eY2KcMgOusM
UPDATE 3-IMF agrees $14-18 bln bailout for Ukraine,Reuters,d32p4nuA5IPNnvMb4FELOZ8cZe8xM
Ukraine parliament fails in first bid to support law for IMF deal,Reuters,d32p4nuA5IPNnvMb4FELOZ8cZe8xM
UPDATE 1-IMF says no need for Ukraine debt restructuring now,Reuters,d32p4nuA5IPNnvMb4FELOZ8cZe8xM
IMF Announces $14-$18 Billion Financial Support For Ukraine's Economic Rescue,RTT News,d32p4nuA5IPNnvMb4FELOZ8cZe8xM
IMF standby agreement with Ukraine - text,Reuters,d32p4nuA5IPNnvMb4FELOZ8cZe8xM
IMF agrees to provide Ukraine with up to $18 billion,MarketWatch,d32p4nuA5IPNnvMb4FELOZ8cZe8xM
UPDATE 3-US govt to sell most of Ally Financial stake in IPO,Reuters,d_iR-3SNitL0XpMhHYUo-DTelAK1M
CORRECTED-Ally Financial IPO to raise up to $2.66 bln,Reuters,d_iR-3SNitL0XpMhHYUo-DTelAK1M
U.S. to get Ally Financial IPO started,MarketWatch,d_iR-3SNitL0XpMhHYUo-DTelAK1M
Ally Financial Launches 95 Mln Shares IPO - Quick Facts,RTT News,d_iR-3SNitL0XpMhHYUo-DTelAK1M
US Treasury announces Ally Financial IPO,MarketWatch,d_iR-3SNitL0XpMhHYUo-DTelAK1M
Lululemon CEO sets sights on accelerating growth; shares surge,Reuters,dfIXmgGLsp5tf8M23V0BKN7BRgJkM
Lululemon Athletica Inc. (LULU) Is Climbing On Q4 Results,RTT News,dfIXmgGLsp5tf8M23V0BKN7BRgJkM
"Citi, GameStop in red; Lululemon gains on results",MarketWatch,dfIXmgGLsp5tf8M23V0BKN7BRgJkM
"Lululemon Q4 Results Top Estimates, But Provides Weak Outlook",RTT News,dfIXmgGLsp5tf8M23V0BKN7BRgJkM
"UPDATE 1-Yogawear maker Lululemon sees profit, revs below estimates",Reuters,dfIXmgGLsp5tf8M23V0BKN7BRgJkM
"Citigroup, GameStop, Lululemon are stocks to watch",MarketWatch,dfIXmgGLsp5tf8M23V0BKN7BRgJkM
"Citi shares fall, but were Fed stress tests fair?",MarketWatch,dP-1PpYiFy6Ez7MKCA5lxmjF9UfQM
US STOCKS-Wall St dips after data; Citi leads financials lower,Reuters,dP-1PpYiFy6Ez7MKCA5lxmjF9UfQM
Just add items to create a watchlist now:,MarketWatch,dP-1PpYiFy6Ez7MKCA5lxmjF9UfQM
"US STOCKS-Wall St dips after GDP data, Citigroup shares tumble",Reuters,dP-1PpYiFy6Ez7MKCA5lxmjF9UfQM
Citigroup Inc. (C) Is Down Sharply After Fed Rejected Capital Plan,RTT News,dP-1PpYiFy6Ez7MKCA5lxmjF9UfQM
U.S. fixed mortgage rates edge up: Freddie Mac,MarketWatch,dnQ9CiOAhXTViEMht91Ct0UdxlZWM
"Bill to replace Fannie, Freddie with new housing-loan structure",Reuters,dnQ9CiOAhXTViEMht91Ct0UdxlZWM
UPDATE 3-Bank of America to pay $9.3 bln to settle mortgage bond claims,Reuters,dnQ9CiOAhXTViEMht91Ct0UdxlZWM
UPDATE 2-Bank of America to pay $9.3 bln to settle mortgage bond claims,Reuters,dnQ9CiOAhXTViEMht91Ct0UdxlZWM
"BofA reaches settlement with FHFA, NYAG",RTT News,dnQ9CiOAhXTViEMht91Ct0UdxlZWM
Credit Suisse Settles With FHFA For $885 Mln,RTT News,dnQ9CiOAhXTViEMht91Ct0UdxlZWM
UPDATE 4-GameStop shares fall as 2014 forecast disappoints,Reuters,d2tIZIbfPOiBOnMtG61otW4b2-7mM
"GameStop Q4 Results Miss Estimates, Provides Weak 2014 Outlook",RTT News,d2tIZIbfPOiBOnMtG61otW4b2-7mM
"GameStop, King Digital among tech decliners",MarketWatch,d2tIZIbfPOiBOnMtG61otW4b2-7mM
GameStop Corp. (GME) Is Down On Weak Q4 Results,RTT News,d2tIZIbfPOiBOnMtG61otW4b2-7mM
GameStop sales disappoint; store closings planned,MarketWatch,d2tIZIbfPOiBOnMtG61otW4b2-7mM
"GameStop Q4 Profit Down, Results Miss Estimates; Sees FY14 EPS Below View",RTT News,d2tIZIbfPOiBOnMtG61otW4b2-7mM
New BlackBerry phones to cater to keyboard aficionados: CEO,Reuters,dfvFDScUTV_-v1MmeljX6uJed4oYM
UPDATE 2-BlackBerry posts smaller-than-expected loss; shares rise,Reuters,dfvFDScUTV_-v1MmeljX6uJed4oYM
UPDATE 1-BlackBerry reports loss as smartphone sales keep sliding,Reuters,dfvFDScUTV_-v1MmeljX6uJed4oYM
BlackBerry Posts Narrower-than-expected Loss In Q4; Revenue Plunges,RTT News,dfvFDScUTV_-v1MmeljX6uJed4oYM
BlackBerry posts $423 million fourth-quarter loss,MarketWatch,dfvFDScUTV_-v1MmeljX6uJed4oYM
"Questions, doubts ahead of BlackBerry report",MarketWatch,dfvFDScUTV_-v1MmeljX6uJed4oYM
Dollar falls against euro but is set for monthly gain,MarketWatch,d_yCfTJxDUFGs_MQrL1DnBRuBd_eM
"Euro hovers near three-week low, inflation key before ECB meets",Reuters,d_yCfTJxDUFGs_MQrL1DnBRuBd_eM
"FOREX-Euro hovers near 3-week low, inflation key before ECB meets",Reuters,d_yCfTJxDUFGs_MQrL1DnBRuBd_eM
Inflation slump sends periphery bond yields to new historical lows,Reuters,d_yCfTJxDUFGs_MQrL1DnBRuBd_eM
"Inflation slump depresses Spanish, Italian yields before Italian auction",Reuters,d_yCfTJxDUFGs_MQrL1DnBRuBd_eM
"FOREX-Euro drops to 3-week low on ECB easing talk, kiwi strong",Reuters,d_yCfTJxDUFGs_MQrL1DnBRuBd_eM
"GLOBAL MARKETS-Euro soft as yields slip, China spending talk aids stocks",Reuters,d_yCfTJxDUFGs_MQrL1DnBRuBd_eM
"FOREX-Euro on defensive after dovish ECB talk, kiwi flies",Reuters,d_yCfTJxDUFGs_MQrL1DnBRuBd_eM
"GLOBAL MARKETS-Euro soft as yields fall, China stimulus talk aids stocks",Reuters,d_yCfTJxDUFGs_MQrL1DnBRuBd_eM
"FOREX-Euro out in the cold as ECB dovish talk stings, kiwi on fire",Reuters,d_yCfTJxDUFGs_MQrL1DnBRuBd_eM
"GLOBAL MARKETS-Euro sags as yields fall, emerging stocks rally",Reuters,d_yCfTJxDUFGs_MQrL1DnBRuBd_eM
"ECB bets push Spanish, Italian, Portuguese yields to multi-year lows",Reuters,d_yCfTJxDUFGs_MQrL1DnBRuBd_eM
Only 2 of 72 polled see April ECB rate cut; lukewarm praise for bank reform  ...,Reuters,d_yCfTJxDUFGs_MQrL1DnBRuBd_eM
"Spanish, Italian, Portuguese yields hit historical lows on ECB bets",Reuters,d_yCfTJxDUFGs_MQrL1DnBRuBd_eM
UPDATE 1-Euro zone private sector loans contract further in Feb -ECB,Reuters,d_yCfTJxDUFGs_MQrL1DnBRuBd_eM
FOREX-Euro struggles after ECB officials reopen easing debate; yen slips,Reuters,d_yCfTJxDUFGs_MQrL1DnBRuBd_eM
RPT-Sluggish economy prompts QE rethink at Germany's Bundesbank,Reuters,d_yCfTJxDUFGs_MQrL1DnBRuBd_eM
FOREX-Euro struggles after ECB officials reopen easing debate; yen firmer,Reuters,d_yCfTJxDUFGs_MQrL1DnBRuBd_eM
FOREX-Euro on defensive after ECB officials reopen easing debate,Reuters,d_yCfTJxDUFGs_MQrL1DnBRuBd_eM
ECB faces uncharted waters with negative rates,MarketWatch,d_yCfTJxDUFGs_MQrL1DnBRuBd_eM
FOREX-Dollar falls versus yen on renewed geopolitical concerns,Reuters,d_yCfTJxDUFGs_MQrL1DnBRuBd_eM
Sluggish economy prompts QE rethink at Germany's Bundesbank,Reuters,d_yCfTJxDUFGs_MQrL1DnBRuBd_eM
Dollar Finds New Footing Versus Euro,RTT News,d_yCfTJxDUFGs_MQrL1DnBRuBd_eM
"FOREX-Dollar up against euro on policy outlook, strong data",Reuters,d_yCfTJxDUFGs_MQrL1DnBRuBd_eM
FOREX-Euro weak near 3-week lows as ECB tries to tame strength,Reuters,d_yCfTJxDUFGs_MQrL1DnBRuBd_eM
French Market Rises,RTT News,d_yCfTJxDUFGs_MQrL1DnBRuBd_eM
Europe stocks higher as ECB stokes stimulus hopes,MarketWatch,d_yCfTJxDUFGs_MQrL1DnBRuBd_eM
Euro zone bond yields edge up on positive US growth signs,Reuters,d_yCfTJxDUFGs_MQrL1DnBRuBd_eM
ECB mulls bolder moves to prevent low inflation,MarketWatch,d_yCfTJxDUFGs_MQrL1DnBRuBd_eM
European Stocks Rise On ECB Stimulus Chatter,RTT News,d_yCfTJxDUFGs_MQrL1DnBRuBd_eM
"WRAPUP 3-US consumers lift spending, but sentiment slips",Reuters,dJRmfD925rN_L8M_ytlJi6hE3WnWM
"US consumers step up spending, but sentiment slips",Reuters,dJRmfD925rN_L8M_ytlJi6hE3WnWM
US consumer spending rises but is still soft,MarketWatch,dJRmfD925rN_L8M_ytlJi6hE3WnWM
Solid Income And Spending Growth In February,RTT News,dJRmfD925rN_L8M_ytlJi6hE3WnWM
Consumer spending rises 0.3% in February,MarketWatch,dJRmfD925rN_L8M_ytlJi6hE3WnWM
US Economy Grew Faster Than Previously Estimated In Q4,RTT News,dJRmfD925rN_L8M_ytlJi6hE3WnWM
Germany HICP Inflation Lowest Since Mid-2010,RTT News,dEwVIFP79W73-0MN-AgwJG_xp1AgM
UPDATE 1-Weak German price data heightens ECB's deflation dilemma,Reuters,dEwVIFP79W73-0MN-AgwJG_xp1AgM
Spain slips into deflation in March,MarketWatch,dEwVIFP79W73-0MN-AgwJG_xp1AgM
Bullion market eyes e-platform to revamp London gold benchmark,Reuters,d_gVpCAKL5OJx5MeFYkFC0jEPlhGM
Gold futures set for quarterly gain of nearly 8%,MarketWatch,d_gVpCAKL5OJx5MeFYkFC0jEPlhGM
Gold Creeps Up From 6-week Lows,RTT News,d_gVpCAKL5OJx5MeFYkFC0jEPlhGM
PRECIOUS-Gold above 6-week low; set for first monthly decline this year,Reuters,d_gVpCAKL5OJx5MeFYkFC0jEPlhGM
PRECIOUS-Gold near 6-week low; headed for first monthly decline this year,Reuters,d_gVpCAKL5OJx5MeFYkFC0jEPlhGM
S.Africa stocks end lower after volatile session,Reuters,dq2EQxPflv4_zTMNxAbv_55w0QREM
"Wall Street gets lift from Yellen remarks, tech rebound",Reuters,dq2EQxPflv4_zTMNxAbv_55w0QREM
RPT-S.Africa stocks end lower after volatile session,Reuters,dq2EQxPflv4_zTMNxAbv_55w0QREM
"UPDATE 2-Yellen strongly defends easy Fed policies, cites US labor slack",Reuters,dq2EQxPflv4_zTMNxAbv_55w0QREM
"TREASURIES-Bond yields rise, traders eye Friday jobs report",Reuters,dq2EQxPflv4_zTMNxAbv_55w0QREM
Stocks Remain Mostly Positive Following Early Rally - US Commentary,RTT News,dq2EQxPflv4_zTMNxAbv_55w0QREM
Yellen: Fed To Keep 'Extraordinary' Support 'For Some Time Come',RTT News,dq2EQxPflv4_zTMNxAbv_55w0QREM
Dollar At 5-day Low Versus Euro Amid Yellen's Comments,RTT News,dq2EQxPflv4_zTMNxAbv_55w0QREM
Major Averages Moving Notably Higher In Early Trading,RTT News,dq2EQxPflv4_zTMNxAbv_55w0QREM
"Yellen strongly defends easy Fed policies, cites labor slack",Reuters,dq2EQxPflv4_zTMNxAbv_55w0QREM
Chicago Business Barometer Falls Much More Than Expected In March,RTT News,dq2EQxPflv4_zTMNxAbv_55w0QREM
US stocks rise; Dow in triple digit gain,MarketWatch,dq2EQxPflv4_zTMNxAbv_55w0QREM
Treasurys fall as investors parse data for rate clues,MarketWatch,dq2EQxPflv4_zTMNxAbv_55w0QREM
Yellen: Fed's 'extraordinary' aid to last for some time,MarketWatch,dq2EQxPflv4_zTMNxAbv_55w0QREM
Futures Pointing Early Strength On Wall Street,RTT News,dq2EQxPflv4_zTMNxAbv_55w0QREM
US STOCKS-Futures climb with Yellen on tap,Reuters,dq2EQxPflv4_zTMNxAbv_55w0QREM
Dollar declines as euro rides out inflation dip,Reuters,d4X9eAjxdXsfdZMCYElnANaPvMRNM
FOREX-Dollar declines as euro rides out inflation dip,Reuters,d4X9eAjxdXsfdZMCYElnANaPvMRNM
"Italian, Spanish bond yields hold near multi-year lows on soft inflation",Reuters,d4X9eAjxdXsfdZMCYElnANaPvMRNM
"Dollar falls against euro, near 3-week yen high",MarketWatch,d4X9eAjxdXsfdZMCYElnANaPvMRNM
"Sterling falls vs euro on UK data, bets on ECB inaction",Reuters,d4X9eAjxdXsfdZMCYElnANaPvMRNM
Hollande's setback signals wider European shifts,MarketWatch,d4X9eAjxdXsfdZMCYElnANaPvMRNM
Eurozone Inflation Slows To 52-Month Low,RTT News,d4X9eAjxdXsfdZMCYElnANaPvMRNM
"FOREX-Euro rides out inflation dip, hits 3-week high against yen",Reuters,d4X9eAjxdXsfdZMCYElnANaPvMRNM
Inflation drop pins peripheral bond yields at multi-year lows,Reuters,d4X9eAjxdXsfdZMCYElnANaPvMRNM
Euro Climbs After Eurozone Inflation Data,RTT News,d4X9eAjxdXsfdZMCYElnANaPvMRNM
Eurozone Inflation Falls More Than Forecast In March,RTT News,d4X9eAjxdXsfdZMCYElnANaPvMRNM
UPDATE 2-Euro zone inflation drops to lowest since 2009,Reuters,d4X9eAjxdXsfdZMCYElnANaPvMRNM
"CORRECTED-Sterling slips vs euro, UK data and possible ECB inaction weigh",Reuters,d4X9eAjxdXsfdZMCYElnANaPvMRNM
German Market Turns Negative,RTT News,d4X9eAjxdXsfdZMCYElnANaPvMRNM
Euro-zone inflation rate lowest since late 2009,MarketWatch,d4X9eAjxdXsfdZMCYElnANaPvMRNM
Euro-zone inflation falls to lowest level since 2009,MarketWatch,d4X9eAjxdXsfdZMCYElnANaPvMRNM
CORRECTED-Euro zone peripheral bond yields near multi-yr lows before  ...,Reuters,d4X9eAjxdXsfdZMCYElnANaPvMRNM
"FOREX-Yen nurses losses, euro subdued ahead of inflation data",Reuters,d4X9eAjxdXsfdZMCYElnANaPvMRNM
Teva Pharmaceutical (TEVA) Set A New High After Supreme Court Decision,RTT News,dv2OydGhBNPpRLMsYz2i8k7VMbaeM
Google Prepares for 2-for-1 Split; Teva Gets Okay from U.S. Supreme Court to  ...,MarketWatch,dv2OydGhBNPpRLMsYz2i8k7VMbaeM
UPDATE 2-US justices agree to hear Teva's Copaxone appeal,Reuters,dv2OydGhBNPpRLMsYz2i8k7VMbaeM
"Major Averages Move To The Upside, S&P 500 Hits Record High",RTT News,dHZ3LZNOcUV9UuMpFiuuOIMQ9urtM
Early Strength On Wall Street Lifts S&P 500 To Record High - US Commentary,RTT News,dHZ3LZNOcUV9UuMpFiuuOIMQ9urtM
"US STOCKS SNAPSHOT-Wall St opens up, S&P set for third straight advance",Reuters,dHZ3LZNOcUV9UuMpFiuuOIMQ9urtM
"US STOCKS-Wall Street to open higher, manufacturing data on tap",Reuters,dHZ3LZNOcUV9UuMpFiuuOIMQ9urtM
US STOCKS-Futures climb ahead of manufacturing data,Reuters,dHZ3LZNOcUV9UuMpFiuuOIMQ9urtM
Don't worry about the dreary first quarter — yet,MarketWatch,dHZ3LZNOcUV9UuMpFiuuOIMQ9urtM
US STOCKS-Wall St rises on Yellen; S&P on track for modest Q1 gain,Reuters,dHZ3LZNOcUV9UuMpFiuuOIMQ9urtM
Stocks Remain Mostly Positive Following Early Rally - U.S. Commentary,RTT News,dHZ3LZNOcUV9UuMpFiuuOIMQ9urtM
US stock futures extend gains ahead of Yellen,MarketWatch,dHZ3LZNOcUV9UuMpFiuuOIMQ9urtM
"US STOCKS-Wall Street to open higher, Yellen remarks awaited",Reuters,dHZ3LZNOcUV9UuMpFiuuOIMQ9urtM
Chrysler Canada says auto sales climb 2 percent in March,Reuters,dpQq9FO68gKZ2hMfbufolcmpOMRXM
UPDATE 2-US auto sales inch higher in March,Reuters,dpQq9FO68gKZ2hMfbufolcmpOMRXM
Ford Motor March US Sales Increase 3%,RTT News,dpQq9FO68gKZ2hMfbufolcmpOMRXM
"Ford sees US 16 million annualized auto sales rate, including big trucks",Reuters,dpQq9FO68gKZ2hMfbufolcmpOMRXM
"Ford sees US 16 mln annualized auto sales rate, including big trucks",Reuters,dpQq9FO68gKZ2hMfbufolcmpOMRXM
Car makers see stronger-than-expected March sales,MarketWatch,dpQq9FO68gKZ2hMfbufolcmpOMRXM
Ford March U.S. Sales Up 3.4% - Quick Facts,RTT News,dpQq9FO68gKZ2hMfbufolcmpOMRXM
U.S. stocks rise; S&P 500 hits intraday record,MarketWatch,dpQq9FO68gKZ2hMfbufolcmpOMRXM
Stronger cyclicals help FTSE to set three-week high,Reuters,dWe65Stj94RXZzMc-_fNM6oU9cxJM
"BHP Billiton leads UK miners higher, FTSE advances",Reuters,dWe65Stj94RXZzMc-_fNM6oU9cxJM
"U.K. stocks higher, buoyed by Aberdeen, BHP gains",MarketWatch,dWe65Stj94RXZzMc-_fNM6oU9cxJM
"BHP Studies To Simplify Portfolio, To Focus On Iron Ore, Copper, Coal, Petroleum",RTT News,dWe65Stj94RXZzMc-_fNM6oU9cxJM
BHP Billiton rethinks portfolio,MarketWatch,dWe65Stj94RXZzMc-_fNM6oU9cxJM
UPDATE 3-Weir Group proposes tie-up with Finland's Metso,Reuters,dn9I4_GpQnctQNMOAl9jKLeuJlfQM
"Metso Considers Merger Proposal From Weir, Stock Climbs",RTT News,dn9I4_GpQnctQNMOAl9jKLeuJlfQM
Metso Confirms Receiving Unsolicited Approach From Weir Group - Quick Facts,RTT News,dn9I4_GpQnctQNMOAl9jKLeuJlfQM
"UK's Weir, Finland's Metso in merger talks: FT",MarketWatch,dn9I4_GpQnctQNMOAl9jKLeuJlfQM
FDA clears new version of Intuitive's da Vinci surgical robot,Reuters,drwt89kGDTb_fQMA_P6wFoKl5o0IM
Intuitive Surgical surges; auto sales in focus,MarketWatch,drwt89kGDTb_fQMA_P6wFoKl5o0IM
Intuitive Surgical Reveals New Da Vinci Xi Surgical System - Quick Facts,RTT News,drwt89kGDTb_fQMA_P6wFoKl5o0IM
Renesas surges on report of sale talks with Apple,MarketWatch,d3aSWadFuYDL6EMPYBrfzeigTDg7M
"Nikkei hits 3-week high on weak yen, Renesas jumps on Apple news",Reuters,d3aSWadFuYDL6EMPYBrfzeigTDg7M
"UPDATE 2-Renesas in talks with Apple, others on sale of display chip unit -source",Reuters,d3aSWadFuYDL6EMPYBrfzeigTDg7M
Nikkei: Apple In Talks To Buy Renesas Electronics' Stake In Chip Design Unit,RTT News,d3aSWadFuYDL6EMPYBrfzeigTDg7M
"Nikkei hits 3-wk high on US data, Renesas jumps on Apple report",Reuters,d3aSWadFuYDL6EMPYBrfzeigTDg7M
European Factors to Watch-Shares set to gain for 7th straight session,Reuters,dX8YvMGOFW4FIcMxQOAxjMru4LN7M
Thank Europe for the stock market's next rally,MarketWatch,dX8YvMGOFW4FIcMxQOAxjMru4LN7M
"FOREX-Yen extends slide as equities rally, euro firms before ECB",Reuters,dX8YvMGOFW4FIcMxQOAxjMru4LN7M
"Yen still friendless, euro firms ahead of ECB",Reuters,dX8YvMGOFW4FIcMxQOAxjMru4LN7M
"FOREX-Yen still friendless, euro firms ahead of ECB",Reuters,dX8YvMGOFW4FIcMxQOAxjMru4LN7M
FOREX-Dollar declines ahead of Friday's US jobs report,Reuters,dX8YvMGOFW4FIcMxQOAxjMru4LN7M
"Low euro zone inflation a worry, but no clear deflation risk: ECB",Reuters,dX8YvMGOFW4FIcMxQOAxjMru4LN7M
No evident risk of deflation in euro zone: Italy economy minister,Reuters,dX8YvMGOFW4FIcMxQOAxjMru4LN7M
"ECB's Constancio - concerned by low inflation, sees no deflation",Reuters,dX8YvMGOFW4FIcMxQOAxjMru4LN7M
FOREX-Dollar weakens ahead of Friday's jobs data,Reuters,dX8YvMGOFW4FIcMxQOAxjMru4LN7M
"Euro Advances On German Jobless Rate, Eurozone PMI",RTT News,dX8YvMGOFW4FIcMxQOAxjMru4LN7M
Euro-zone PMI pickups offset by cooling in Germany,MarketWatch,dX8YvMGOFW4FIcMxQOAxjMru4LN7M
"FOREX-Dollar unsettled by dovish Yellen, yen stays on defensive",Reuters,dX8YvMGOFW4FIcMxQOAxjMru4LN7M
"FOREX-Dollar unsettled by dovish Yellen, yen still in doldrums",Reuters,dX8YvMGOFW4FIcMxQOAxjMru4LN7M
Global stocks up on central bank support hopes; euro rebounds,Reuters,dX8YvMGOFW4FIcMxQOAxjMru4LN7M
UPDATE 1-Italian banks help euro zone shares touch 5-1/2 yr peak,Reuters,dX8YvMGOFW4FIcMxQOAxjMru4LN7M
No change in ECB's monetary policy despite deflation threat-traders,Reuters,dX8YvMGOFW4FIcMxQOAxjMru4LN7M
Hollande's setback signals wider European shifts,MarketWatch,dX8YvMGOFW4FIcMxQOAxjMru4LN7M
Greece to issue first long-term bond since bailout,MarketWatch,dq7p83uZZVJVlKMkVuVuO5ckbx7gM
Greece To Get EUR 8.3 Bln Bailout Fund In 3 Installments,RTT News,dq7p83uZZVJVlKMkVuVuO5ckbx7gM
UPDATE 1-European ministers take sobering look at social impact of crisis,Reuters,dq7p83uZZVJVlKMkVuVuO5ckbx7gM
"Greece wants no 3rd bailout, euro zone hopeful but cautious",Reuters,dq7p83uZZVJVlKMkVuVuO5ckbx7gM
"UPDATE 1-Greece wants no 3rd bailout, euro zone hopeful but cautious",Reuters,dq7p83uZZVJVlKMkVuVuO5ckbx7gM
"GLOBAL ECONOMY-Europe, China factory sectors weaken in March; US stable",Reuters,dW-D6tlXZlm5iYMB7c6R8hp5mkTcM
Dollar Mixed Amid Positive Manufacturing Data,RTT News,dW-D6tlXZlm5iYMB7c6R8hp5mkTcM
GLOBAL ECONOMY-Most major economies end first quarter on weaker note,Reuters,dW-D6tlXZlm5iYMB7c6R8hp5mkTcM
CORRECTED-US factory activity growth slows slightly in March -Markit,Reuters,dW-D6tlXZlm5iYMB7c6R8hp5mkTcM
Crude Steady Above $101 Ahead Of U.S. Inventories,RTT News,dW-D6tlXZlm5iYMB7c6R8hp5mkTcM
Brazil manufacturing sector expands slightly in March: PMI,Reuters,dW-D6tlXZlm5iYMB7c6R8hp5mkTcM
Markets Maintain Optimistic View Ahead Of Manufacturing Data,RTT News,dW-D6tlXZlm5iYMB7c6R8hp5mkTcM
Final U.S. Markit PMI unchanged in March at 55.5,MarketWatch,dW-D6tlXZlm5iYMB7c6R8hp5mkTcM
Pound Weakens After U.K. Manufacturing PMI Falls To 8-month Low,RTT News,dW-D6tlXZlm5iYMB7c6R8hp5mkTcM
GLOBAL ECONOMY-Major economies end first quarter on weaker note,Reuters,dW-D6tlXZlm5iYMB7c6R8hp5mkTcM
Eurozone Manufacturing Recovery Continues As Estimated,RTT News,dW-D6tlXZlm5iYMB7c6R8hp5mkTcM
Wall Street Buoyancy Tempers As Manufacturing Data Looms,RTT News,dW-D6tlXZlm5iYMB7c6R8hp5mkTcM
Swiss Factory PMI Lowest Since June 2013,RTT News,dW-D6tlXZlm5iYMB7c6R8hp5mkTcM
Norway Factory Growth Improves In March,RTT News,dW-D6tlXZlm5iYMB7c6R8hp5mkTcM
Poland Factory Activity Growth Eases In March,RTT News,dW-D6tlXZlm5iYMB7c6R8hp5mkTcM
Czech Factory Sector Expands At Slower Rate In March,RTT News,dW-D6tlXZlm5iYMB7c6R8hp5mkTcM
Turkey Factory Growth Cools In March,RTT News,dW-D6tlXZlm5iYMB7c6R8hp5mkTcM
U.K. Manufacturing Growth Eases To 8-Month Low,RTT News,dW-D6tlXZlm5iYMB7c6R8hp5mkTcM
Russia Factory Sector Shrinks For Fifth Month,RTT News,dW-D6tlXZlm5iYMB7c6R8hp5mkTcM
China shares close up as weak manufacturing surveys spur stimulus hopes,Reuters,dW-D6tlXZlm5iYMB7c6R8hp5mkTcM
India Factory Growth Eases In March,RTT News,dW-D6tlXZlm5iYMB7c6R8hp5mkTcM
Spanish Manufacturing Sector Maintains Momentum,RTT News,dW-D6tlXZlm5iYMB7c6R8hp5mkTcM
Ireland Factory Activity Growth Improves Strongly In March,RTT News,dW-D6tlXZlm5iYMB7c6R8hp5mkTcM
"GLOBAL ECONOMY-Asia's manufacturing powers stutter, stir talk of policy support",Reuters,dW-D6tlXZlm5iYMB7c6R8hp5mkTcM
Indian factory expansion eased in March: PMI,Reuters,dW-D6tlXZlm5iYMB7c6R8hp5mkTcM
"UPDATE 2-China factories struggle, adds to expectations for stimulus",Reuters,dW-D6tlXZlm5iYMB7c6R8hp5mkTcM
Indonesia manufacturing slows in March,MarketWatch,dW-D6tlXZlm5iYMB7c6R8hp5mkTcM
India manufacturing slows in March,MarketWatch,dW-D6tlXZlm5iYMB7c6R8hp5mkTcM
China Final HSBC Manufacturing PMI 48.0,RTT News,dW-D6tlXZlm5iYMB7c6R8hp5mkTcM
China HSBC Manufacturing PMI 48.0 In March,RTT News,dW-D6tlXZlm5iYMB7c6R8hp5mkTcM
China's HSBC PMI falls for third month in a row,MarketWatch,dW-D6tlXZlm5iYMB7c6R8hp5mkTcM
Korea Manufacturing PMI Moves To Expansion,RTT News,dW-D6tlXZlm5iYMB7c6R8hp5mkTcM
South Korea March PMI seasonally adjusted 50.4 vs. 49.8 in February :HSBC  ...,Reuters,dW-D6tlXZlm5iYMB7c6R8hp5mkTcM
Japan Industrial Output On Tap For Monday,RTT News,dW-D6tlXZlm5iYMB7c6R8hp5mkTcM
S&P Sets Record Closing High Amid Strength On Wall Street,RTT News,d3cUsM128OliWkMA4cIC2VBLJpC1M
US STOCKS SNAPSHOT-Factory data lifts S&P 500 to record close,Reuters,d3cUsM128OliWkMA4cIC2VBLJpC1M
"Stocks Move Mostly Higher, Lifting S&P 500 To Record High - US Commentary",RTT News,d3cUsM128OliWkMA4cIC2VBLJpC1M
US STOCKS-S&P 500 climbs to record after manufacturing data,Reuters,d3cUsM128OliWkMA4cIC2VBLJpC1M
US STOCKS-Wall St climbs to record after manufacturing data,Reuters,d3cUsM128OliWkMA4cIC2VBLJpC1M
Stocks Give Back Ground But Remain Mostly Positive - US Commentary,RTT News,d3cUsM128OliWkMA4cIC2VBLJpC1M
Charting a bullish second-quarter backdrop,MarketWatch,d3cUsM128OliWkMA4cIC2VBLJpC1M
Early Strength On Wall Street Lifts S&P 500 To Record High - U.S. Commentary,RTT News,d3cUsM128OliWkMA4cIC2VBLJpC1M
Stock Watchout on Consumer Staples Equities -- Research on  ...,MarketWatch,d3cUsM128OliWkMA4cIC2VBLJpC1M
"Information Technology Equities Stock Update -- Research on Altera, ARM  ...",MarketWatch,d3cUsM128OliWkMA4cIC2VBLJpC1M
"Pre-Market Pulse on Electric Utilities Stocks -- Research on OGE Energy, Cia  ...",MarketWatch,d3cUsM128OliWkMA4cIC2VBLJpC1M
Technical Briefing on Equities Reaching New High -- Research on Baker  ...,MarketWatch,d3cUsM128OliWkMA4cIC2VBLJpC1M
Technical Data on Equities that Hit New Highs -- Research on VAALCO Energy  ...,MarketWatch,d3cUsM128OliWkMA4cIC2VBLJpC1M
Technical Data on Metals & Mining Stocks -- Research on Reliance Steel  ...,MarketWatch,d3cUsM128OliWkMA4cIC2VBLJpC1M
MannKind: FDA committee recommends Afreeza OK,MarketWatch,d1BXzZNXVpB1WOMHkV7Xp4fII7bCM
MannKind's Inhaled Insulin One Step Away From Approval...,RTT News,d1BXzZNXVpB1WOMHkV7Xp4fII7bCM
"MNKD Breathes Easy, Arrowhead Well On Target, CPRX Awaits Next Catalyst",RTT News,d1BXzZNXVpB1WOMHkV7Xp4fII7bCM
UPDATE 2-US FDA advisers back MannKind's inhaled diabetes drug,Reuters,d1BXzZNXVpB1WOMHkV7Xp4fII7bCM
US FDA advisers back MannKind's inhaled diabetes drug,Reuters,d1BXzZNXVpB1WOMHkV7Xp4fII7bCM
"UPDATE 3-Holcim, Lafarge agree merger to create cement giant",Reuters,dG7Vj4iyby8SfiMXKt-Bvpfq_tziM
French Market Declines,RTT News,dG7Vj4iyby8SfiMXKt-Bvpfq_tziM
UK Market Drops,RTT News,dG7Vj4iyby8SfiMXKt-Bvpfq_tziM
German Market Notably Lower,RTT News,dG7Vj4iyby8SfiMXKt-Bvpfq_tziM
"Europe shares track Wall St sell-off; Holcim, Lafarge surge",Reuters,dG7Vj4iyby8SfiMXKt-Bvpfq_tziM
European stocks pull back after three weeks of gains,MarketWatch,dG7Vj4iyby8SfiMXKt-Bvpfq_tziM
"Lafarge, Holcim expect to complete merger in H1 2015",Reuters,dG7Vj4iyby8SfiMXKt-Bvpfq_tziM
"Cement Groups Lafarge, Holcim Agree To Merge - Quick Facts",RTT News,dG7Vj4iyby8SfiMXKt-Bvpfq_tziM
"UPDATE 4-Cement makers Lafarge, Holcim agree merger plan -source",Reuters,dG7Vj4iyby8SfiMXKt-Bvpfq_tziM
"Cement makers Lafarge, Holcim agree merger plan -source",Reuters,dG7Vj4iyby8SfiMXKt-Bvpfq_tziM
"Lafarge, Holcim agree terms of merger proposal -source",Reuters,dG7Vj4iyby8SfiMXKt-Bvpfq_tziM
"UPDATE 3-Cement groups Lafarge, Holcim in $50bn-plus merger talks",Reuters,dG7Vj4iyby8SfiMXKt-Bvpfq_tziM
"Bloomberg: Cement Giants Holcim, Lafarge In Merger Talks",RTT News,dG7Vj4iyby8SfiMXKt-Bvpfq_tziM
"Swiss Stocks Trim Weekly Gains, Holcim In Merger Talks",RTT News,dG7Vj4iyby8SfiMXKt-Bvpfq_tziM
European Stocks Up For Ninth Day On Strong Economic Data,RTT News,dG7Vj4iyby8SfiMXKt-Bvpfq_tziM
"Europe shares extend rally on US jobs, ECB policy talk",Reuters,dG7Vj4iyby8SfiMXKt-Bvpfq_tziM
French Market Rises,RTT News,dG7Vj4iyby8SfiMXKt-Bvpfq_tziM
FOREX-Euro better bid as ECB sees no urgent need for stimulus,Reuters,dAJiWZYlwfFRjWM0gTmrVXJeyIawM
UPDATE 1-ECB's Weidmann: France's budget policies 'test case' for euro fiscal  ...,Reuters,dAJiWZYlwfFRjWM0gTmrVXJeyIawM
FOREX-Dollar dips in wake of jobs data; ECB comments lift euro,Reuters,dAJiWZYlwfFRjWM0gTmrVXJeyIawM
"WRAPUP 1-ECB says will prime QE, but far from pulling trigger yet",Reuters,dAJiWZYlwfFRjWM0gTmrVXJeyIawM
"ECB says will prime QE, but far from pulling trigger yet",Reuters,dAJiWZYlwfFRjWM0gTmrVXJeyIawM
Euro zone debt yields edge up as Nowotny tempers ECB QE hopes,Reuters,dAJiWZYlwfFRjWM0gTmrVXJeyIawM
UPDATE 1-ECB's Mersch says must act fast to remove ABS stigma in Europe,Reuters,dAJiWZYlwfFRjWM0gTmrVXJeyIawM
"Dollar drifts lower; traders watch Fed, ECB",MarketWatch,dAJiWZYlwfFRjWM0gTmrVXJeyIawM
ECB's Mersch Calls For Less Stringent Regulations On Asset Backed Securities,RTT News,dAJiWZYlwfFRjWM0gTmrVXJeyIawM
UPDATE 1-ECB to have QE primed in case needed - Mersch,Reuters,dAJiWZYlwfFRjWM0gTmrVXJeyIawM
"FOREX-Dollar dips, euro helped by ECB's wait-and-see approach",Reuters,dAJiWZYlwfFRjWM0gTmrVXJeyIawM
Euro Climbs On ECB Mersch's Comments,RTT News,dAJiWZYlwfFRjWM0gTmrVXJeyIawM
"Greek yields dip as QE speculation swirls, debt sale eyed",Reuters,dAJiWZYlwfFRjWM0gTmrVXJeyIawM
"Bunds, Italian debt rise on speculation of ECB QE",Reuters,dAJiWZYlwfFRjWM0gTmrVXJeyIawM
US STOCKS SNAPSHOT-S&P posts biggest 3-day decline since late Jan,Reuters,djxkJxGOmgKZlXMhwPytFekONgaSM
US STOCKS-Wall St ends lower; S&P 500 in biggest 3-day drop since Jan,Reuters,djxkJxGOmgKZlXMhwPytFekONgaSM
"Stocks Close Firmly In The Red, Nasdaq Hits Two-Month Low - US Commentary",RTT News,djxkJxGOmgKZlXMhwPytFekONgaSM
US stocks fall; Nasdaq 3-day loss worst since 2011,MarketWatch,djxkJxGOmgKZlXMhwPytFekONgaSM
US STOCKS-S&P 500 on track for worst 3-day decline since late-Jan,Reuters,djxkJxGOmgKZlXMhwPytFekONgaSM
"US STOCKS-Wall Street falls on broad weakness, Pfizer drags",Reuters,djxkJxGOmgKZlXMhwPytFekONgaSM
Nasdaq Tumbles To Two-Month Low In Early Trading,RTT News,djxkJxGOmgKZlXMhwPytFekONgaSM
Stocks extend losses; TripAdvisor falls 1.5%,MarketWatch,djxkJxGOmgKZlXMhwPytFekONgaSM
US STOCKS-Wall St to open lower as momentum stocks stay weak,Reuters,djxkJxGOmgKZlXMhwPytFekONgaSM
Stocks May Extend Recent Pullback In Early Trading - US Commentary,RTT News,djxkJxGOmgKZlXMhwPytFekONgaSM
US STOCKS-Futures fall in wake of Friday selloff,Reuters,djxkJxGOmgKZlXMhwPytFekONgaSM
"Major Averages Close Firmly Negative, Nasdaq Underperforms Once Again",RTT News,djxkJxGOmgKZlXMhwPytFekONgaSM
GLOBAL MARKETS-Wall St gets post-selloff bounce; dollar and euro sag vs yen,Reuters,dq3fRDGO1ENMJnMEZN0oURuWIJ5XM
Dollar In Doldrums As Yen Perks Up,RTT News,dq3fRDGO1ENMJnMEZN0oURuWIJ5XM
FOREX-Yen gains after Bank of Japan refrains from stimulus,Reuters,dq3fRDGO1ENMJnMEZN0oURuWIJ5XM
FOREX-Yen at 10-day high vs dlr as BOJ offers little on more easing,Reuters,dq3fRDGO1ENMJnMEZN0oURuWIJ5XM
"TAKE A LOOK-Asia c.banks: BOJ stands pat, Indonesia holds policy rate",Reuters,dq3fRDGO1ENMJnMEZN0oURuWIJ5XM
BOJ's Kuroda sees no need to ease but won't hesitate if needed,Reuters,dq3fRDGO1ENMJnMEZN0oURuWIJ5XM
"TAKE A LOOK-Asia c.banks: BOJ stands pat, keeps upbeat view despite Japan  ...",Reuters,dq3fRDGO1ENMJnMEZN0oURuWIJ5XM
BOJ's Kuroda says positive cycle driving Japan economy,Reuters,dq3fRDGO1ENMJnMEZN0oURuWIJ5XM
RPT-BOJ's Kuroda says positive cycle driving Japan economy,Reuters,dq3fRDGO1ENMJnMEZN0oURuWIJ5XM
"BoJ Maintains Monetary Stimulus, Upbeat Economic View",RTT News,dq3fRDGO1ENMJnMEZN0oURuWIJ5XM
Yen Retreats After BoJ Holds Monetary Policy Intact,RTT News,dq3fRDGO1ENMJnMEZN0oURuWIJ5XM
"Asian shares lower, Japan leads losses",MarketWatch,dq3fRDGO1ENMJnMEZN0oURuWIJ5XM
FOREX-Yen stays firm after BOJ stands pat; euro holds steady,Reuters,dq3fRDGO1ENMJnMEZN0oURuWIJ5XM
BoJ Leaves Monetary Policy Unchanged,RTT News,dq3fRDGO1ENMJnMEZN0oURuWIJ5XM
"RPT-BOJ keeps policy on hold, maintains upbeat view on outlook",Reuters,dq3fRDGO1ENMJnMEZN0oURuWIJ5XM
"BOJ keeps policy on hold, maintains upbeat view on outlook",Reuters,dq3fRDGO1ENMJnMEZN0oURuWIJ5XM
Japan Rate Decision On Tap For Tuesday,RTT News,dq3fRDGO1ENMJnMEZN0oURuWIJ5XM
Nikkei falls to 1-week low as tech shares drag; SoftBank slumps,Reuters,dq3fRDGO1ENMJnMEZN0oURuWIJ5XM
GLOBAL MARKETS-Japan tech shares slip; others relieved at US jobs,Reuters,dq3fRDGO1ENMJnMEZN0oURuWIJ5XM
UPDATE 4-Japan drugmaker Takeda to fight $6 bln damages awarded by US jury,Reuters,dK4wGlLY7K7-wHM7ii2yabgT7uxOM
"Takeda, Lilly Ordered To Pay $9 Bln In Damages In Actos Diabetes Drug Claims",RTT News,dK4wGlLY7K7-wHM7ii2yabgT7uxOM
Takeda Responds To Judgment In Diabetes Drug Case,RTT News,dK4wGlLY7K7-wHM7ii2yabgT7uxOM
Nikkei drops to 2-week low as Takeda drags down pharma sector,Reuters,dK4wGlLY7K7-wHM7ii2yabgT7uxOM
Takeda told to pay $6 billion damages over Actos,MarketWatch,dK4wGlLY7K7-wHM7ii2yabgT7uxOM
Takeda looking into reported U.S. court decision,MarketWatch,dK4wGlLY7K7-wHM7ii2yabgT7uxOM
"US jury orders Takeda, Eli Lilly to pay $9 bln damages in Actos case -lawyer",Reuters,dK4wGlLY7K7-wHM7ii2yabgT7uxOM
Takeda shares drop after report on $6 bln jury award over Actos,Reuters,dK4wGlLY7K7-wHM7ii2yabgT7uxOM
WRAPUP 1-US producer prices hint at some inflation building up,Reuters,dHoTijaCAfAkgAMZd2TdiUGRMKX7M
U.S. wholesale prices rise sharply in March,MarketWatch,dHoTijaCAfAkgAMZd2TdiUGRMKX7M
US Producer Prices Rise Much More Than Expected In March,RTT News,dHoTijaCAfAkgAMZd2TdiUGRMKX7M
U.S. wholesale prices advance 0.5% in March,MarketWatch,dHoTijaCAfAkgAMZd2TdiUGRMKX7M
Coming up: US producer price index for March,MarketWatch,dHoTijaCAfAkgAMZd2TdiUGRMKX7M
"WRAPUP 2-US jobless claims at 7-year low, signal firming economy",Reuters,dHoTijaCAfAkgAMZd2TdiUGRMKX7M
"U.S. Import Prices Rise 0.6% In March, Much More Than Expected",RTT News,dHoTijaCAfAkgAMZd2TdiUGRMKX7M
U.S. Import Prices Rise More Than Expected In March,RTT News,dHoTijaCAfAkgAMZd2TdiUGRMKX7M
US import prices rise 0.6% in March,MarketWatch,dHoTijaCAfAkgAMZd2TdiUGRMKX7M
"China consumer prices rise, but industry deflation persists",Reuters,dMJ0vGdEFXQGTAMBaOwJAgWXt3jzM
China March Inflation Rises; PPI Extends Down Trend,RTT News,dMJ0vGdEFXQGTAMBaOwJAgWXt3jzM
China Inflation Rises 2.4% On Year In March,RTT News,dMJ0vGdEFXQGTAMBaOwJAgWXt3jzM
Ireland's annual CPI inflation remains subdued,MarketWatch,dMJ0vGdEFXQGTAMBaOwJAgWXt3jzM
Wells Fargo Q1 Profit Up 14% Despite Lower Revenue; Results Beat View,RTT News,d_d9JuRRu0Fhw0MNMIcAYdv3EZzaM
Wells Fargo profit rises 14 pct as costs fall,Reuters,d_d9JuRRu0Fhw0MNMIcAYdv3EZzaM
"CORRECTED-UPDATE 2-Wells Fargo profit beats estimates, sets aside less for  ...",Reuters,d_d9JuRRu0Fhw0MNMIcAYdv3EZzaM
Wells Fargo shines as earnings top expectations,MarketWatch,d_d9JuRRu0Fhw0MNMIcAYdv3EZzaM
CORRECTED-Wells Fargo profit rises 14 pct as costs fall,Reuters,d_d9JuRRu0Fhw0MNMIcAYdv3EZzaM
"UPDATE 2-Wells Fargo profit beats estimates, sets aside less for bad loans",Reuters,d_d9JuRRu0Fhw0MNMIcAYdv3EZzaM
"J.P. Morgan Chase, Wells Fargo are stocks to watch",MarketWatch,d_d9JuRRu0Fhw0MNMIcAYdv3EZzaM
Fitch Affirms L Brands' IDR at 'BB+'; Outlook Stable,MarketWatch,dUchWCDsksY-N6MKSN_FCDlKFdeBM
Portugal Outlook Raised; Lithuania Sees Rating Upgrade,RTT News,dUchWCDsksY-N6MKSN_FCDlKFdeBM
RPT-Fitch Affirms India at 'BBB-'; Outlook Stable,Reuters,dUchWCDsksY-N6MKSN_FCDlKFdeBM
"Fitch Teleconf: Portugal Affirmed at 'BB+', Positive Outlook; 11 April; 15:00 BST",Reuters,dUchWCDsksY-N6MKSN_FCDlKFdeBM
Fitch upgrades Portugal's outlook to positive,MarketWatch,dUchWCDsksY-N6MKSN_FCDlKFdeBM
Fitch Upgrades Portugal's Rating Outlook,RTT News,dUchWCDsksY-N6MKSN_FCDlKFdeBM
Fitch raises Portugal's outlook to positive,MarketWatch,dUchWCDsksY-N6MKSN_FCDlKFdeBM
Fitch Revises Outlook on Angola to Stable; Affirms at 'BB-',Reuters,dUchWCDsksY-N6MKSN_FCDlKFdeBM
Fitch Revises Outlook on Portugal to Positive; Affirms at 'BB+',Reuters,dUchWCDsksY-N6MKSN_FCDlKFdeBM
UPDATE 4-Icahn backs down from demand that eBay spin off PayPal,Reuters,dyEYffI0UIXV72MMI87w3o0T5w-ZM
"Icahn, in a rare loss, gives up eBay-PayPal fight",MarketWatch,dyEYffI0UIXV72MMI87w3o0T5w-ZM
EBay Settles Proxy Fight As Icahn Agrees To Withdraw Spin Off Proposal,RTT News,dyEYffI0UIXV72MMI87w3o0T5w-ZM
UPDATE 1-Texas Medicaid holds off on proposed limits for Gilead hepatitis drug,Reuters,dBU-y8mnlizhV4MzvA2qf2RCVIMGM
Texas Medicaid holds off on proposed limits for Gilead hepatitis drug,Reuters,dBU-y8mnlizhV4MzvA2qf2RCVIMGM
Merck Reports Interim Results From Ongoing C-WORTHy Trial - Quick Facts,RTT News,dBU-y8mnlizhV4MzvA2qf2RCVIMGM
Gilead's Sovaldi Shows Efficacy & Safety In Chronic Hepatitis C Patients,RTT News,dBU-y8mnlizhV4MzvA2qf2RCVIMGM
US drug industry group defends price of Gilead hepatitis drug,Reuters,dBU-y8mnlizhV4MzvA2qf2RCVIMGM
Merck: Hepatitis C drug has 98% cure rate in trial,MarketWatch,dBU-y8mnlizhV4MzvA2qf2RCVIMGM
UPDATE 1-Natco seeks to block Gilead's hepatitis C drug patent in India-source,Reuters,dBU-y8mnlizhV4MzvA2qf2RCVIMGM
Gilead's Phase 2 trials With Sofosbuvir-Based Regimens Show Positive Results,RTT News,dBU-y8mnlizhV4MzvA2qf2RCVIMGM
Merck Reports Addl. Data From Ongoing C-WORTHy Trial - Quick Facts,RTT News,dBU-y8mnlizhV4MzvA2qf2RCVIMGM
Gilead Sciences Reports Results From Sovaldi Trial For HCV Retreatment,RTT News,dBU-y8mnlizhV4MzvA2qf2RCVIMGM
U.S. Spending on Hepatitis C Medications to Skyrocket 1800 Percent by 2016,MarketWatch,dBU-y8mnlizhV4MzvA2qf2RCVIMGM
Gilead hepatitis C drug to get FDA priority review,MarketWatch,dBU-y8mnlizhV4MzvA2qf2RCVIMGM
"Family Dollar, other retailers see shoppers pull back",Reuters,d4p273oepCNzWtMV5ABFyvvmazkRM
"Family Dollar Results Miss View, Trims FY14 Guidance; Plans Job Cuts",RTT News,d4p273oepCNzWtMV5ABFyvvmazkRM
"Updates, advisories and surprises",MarketWatch,d4p273oepCNzWtMV5ABFyvvmazkRM
"Family Dollar to cut job, shut 370 stores to boost performance",Reuters,d4p273oepCNzWtMV5ABFyvvmazkRM
"Family Dollar Q2 Profit Down; Sees Q3, FY14 Adj. EPS Below View - Quick Facts",RTT News,d4p273oepCNzWtMV5ABFyvvmazkRM
DIARY - Emerging Markets Economic Events to April 25,Reuters,dhpby_46Ae5iB8ME-y0QZ8gSCJwLM
"Dollar falls more than 1% vs. euro, yen on week",MarketWatch,dhpby_46Ae5iB8ME-y0QZ8gSCJwLM
FOREX-Dollar inches higher on equities gloom,Reuters,dhpby_46Ae5iB8ME-y0QZ8gSCJwLM
Dollar Stabilizes After Rough Week,RTT News,dhpby_46Ae5iB8ME-y0QZ8gSCJwLM
FOREX-Dollar edges higher on equities gloom,Reuters,dhpby_46Ae5iB8ME-y0QZ8gSCJwLM
"The more the Fed explains, the less markets understand",MarketWatch,dhpby_46Ae5iB8ME-y0QZ8gSCJwLM
Dollar gets boost from March wholesale prices,MarketWatch,dhpby_46Ae5iB8ME-y0QZ8gSCJwLM
DIARY - Top economic Events to April 23,Reuters,dhpby_46Ae5iB8ME-y0QZ8gSCJwLM
"FOREX-Dollar struggles to find support, China inflation data next event risk",Reuters,dhpby_46Ae5iB8ME-y0QZ8gSCJwLM
DIARY - Emerging Markets Economic Events to April 24,Reuters,dhpby_46Ae5iB8ME-y0QZ8gSCJwLM
CANADA FX DEBT-C$ pulls back from near 3-month high,Reuters,dhpby_46Ae5iB8ME-y0QZ8gSCJwLM
FOREX-Dollar stumbles as rate hike expectations pushed back,Reuters,dhpby_46Ae5iB8ME-y0QZ8gSCJwLM
Dollar falls vs. yen; Bank of England on hold,MarketWatch,dhpby_46Ae5iB8ME-y0QZ8gSCJwLM
FOREX-Dollar reeling from Fed hit; Swedish crown down sharply,Reuters,dhpby_46Ae5iB8ME-y0QZ8gSCJwLM
"FOREX-Dollar hit by Fed, Swedish crown stung by inflation shock",Reuters,dhpby_46Ae5iB8ME-y0QZ8gSCJwLM
Asian Stocks Gain On US Cues,RTT News,dhpby_46Ae5iB8ME-y0QZ8gSCJwLM
"FOREX-Dollar hit by Fed, Swedish crown drops on inflation shock",Reuters,dhpby_46Ae5iB8ME-y0QZ8gSCJwLM
"FOREX-Dollar stung by Fed minutes, Aussie rises on solid jobs data",Reuters,dhpby_46Ae5iB8ME-y0QZ8gSCJwLM
"FOREX-Dollar stung by Fed minutes, Aussie eyes jobs data test",Reuters,dhpby_46Ae5iB8ME-y0QZ8gSCJwLM
DIARY - Top economic Events to April 22,Reuters,dhpby_46Ae5iB8ME-y0QZ8gSCJwLM
CANADA FX DEBT-C$ at nearly 3-month high after Fed minutes,Reuters,dhpby_46Ae5iB8ME-y0QZ8gSCJwLM
FOREX-Dollar recoups steep losses vs yen; focus on Fed minutes,Reuters,dhpby_46Ae5iB8ME-y0QZ8gSCJwLM
"FOREX-Swedish crown drops on rates message, dollar recovers",Reuters,dhpby_46Ae5iB8ME-y0QZ8gSCJwLM
"UPDATE 1-Fitch cuts Alcoa to ""junk"" status",Reuters,dSAALz3Yg1Ijh5MZVzXN3nqotlp2M
"Fitch cuts Alcoa to ""junk"" status",Reuters,dSAALz3Yg1Ijh5MZVzXN3nqotlp2M
Fitch Ratings Downgrades Alcoa's IDR To 'BB+'; Outlook Stable,RTT News,dSAALz3Yg1Ijh5MZVzXN3nqotlp2M
Fitch: GM's Credit Trends Still Favorable Despite Recalls,Reuters,dSAALz3Yg1Ijh5MZVzXN3nqotlp2M
Fitch: JPMorgan 1Q'14 Results Hurt by Weaker Mortgage Production and Fixed  ...,Reuters,dSAALz3Yg1Ijh5MZVzXN3nqotlp2M
Fitch Upgrades 4 Classes of LB-UBS 2002-C7,MarketWatch,dSAALz3Yg1Ijh5MZVzXN3nqotlp2M
Fitch Revises Orenburg Region's Outlook to Stable; Affirms at 'BB',Reuters,dSAALz3Yg1Ijh5MZVzXN3nqotlp2M
Fitch Affirms Marseille Provence Metropole at 'A+'; Outlook Stable,Reuters,dSAALz3Yg1Ijh5MZVzXN3nqotlp2M
Fitch Affirms Ukraine's City of Kyiv at 'CCC',Reuters,dSAALz3Yg1Ijh5MZVzXN3nqotlp2M
Fitch Affirms Voronezh Region at 'BB+'; Outlook Stable,Reuters,dSAALz3Yg1Ijh5MZVzXN3nqotlp2M
Fitch Affirms Kaluga Region at 'BB'; Outlook Stable,Reuters,dSAALz3Yg1Ijh5MZVzXN3nqotlp2M
Fitch Affirms Region of Lazio at 'BBB'; Outlook Negative,Reuters,dSAALz3Yg1Ijh5MZVzXN3nqotlp2M
Fitch Teleconf: Nigeria and Angola Rating Actions - 16 April; 15:00 BST,Reuters,dSAALz3Yg1Ijh5MZVzXN3nqotlp2M
Fitch Affirms Italian City of Busto Arsizio at 'BBB+'; Outlook Negative,Reuters,dSAALz3Yg1Ijh5MZVzXN3nqotlp2M
Fitch Affirms Tula Region at 'BB'; Outlook Stable,Reuters,dSAALz3Yg1Ijh5MZVzXN3nqotlp2M
Fitch Affirms Autonomous Region of Sardinia at 'A-'; Outlook Negative,Reuters,dSAALz3Yg1Ijh5MZVzXN3nqotlp2M
"Fitch Downgrades Bank Centercredit to 'B', Affirms ATF Bank at 'B-'",Reuters,dSAALz3Yg1Ijh5MZVzXN3nqotlp2M
Fitch Affirms UnitedHealth Group's IDR at 'A': Outlook Stable,Reuters,dSAALz3Yg1Ijh5MZVzXN3nqotlp2M
UPDATE 2-US FBI conducting a probe into Herbalife -sources,Reuters,dubzVvpGbdVKISMisyobvakh8pTTM
FBI conducting a probe into Herbalife: sources,Reuters,dubzVvpGbdVKISMisyobvakh8pTTM
Herbalife Reportedly Being Probed By FBI,RTT News,dubzVvpGbdVKISMisyobvakh8pTTM
US FBI conducting a probe into Herbalife-source,Reuters,dubzVvpGbdVKISMisyobvakh8pTTM
Herbalife Ltd. (HLF) Dropped In Late Trade On Investigation Reports,RTT News,dubzVvpGbdVKISMisyobvakh8pTTM
Herbalife falls 13% on report of criminal probe,MarketWatch,dubzVvpGbdVKISMisyobvakh8pTTM
UPDATE 1-ECB prepared to ease if inflation low for too long - Noyer,Reuters,dWKd0E3dgCw1QWML7X1ujmD6i8JIM
IMF's Vinals backs ECB push to ease ABS restrictions,Reuters,dWKd0E3dgCw1QWML7X1ujmD6i8JIM
German yields hit 10-month low after Draghi warns on strong euro,Reuters,dWKd0E3dgCw1QWML7X1ujmD6i8JIM
ECB FOCUS-Draghi puts euro strength at centre of ECB policy debate,Reuters,dWKd0E3dgCw1QWML7X1ujmD6i8JIM
Banks to return 6 billion euros in crisis loans to ECB next week: Reuters poll,Reuters,dWKd0E3dgCw1QWML7X1ujmD6i8JIM
"FOREX-Dollar gains against euro after ECB comments, retail sales data",Reuters,dWKd0E3dgCw1QWML7X1ujmD6i8JIM
Sterling climbs against flagging euro after ECB warning,Reuters,dWKd0E3dgCw1QWML7X1ujmD6i8JIM
"Euro Falls On Risk Aversion, ECB Officials' Talk On Elevated Currency Level",RTT News,dWKd0E3dgCw1QWML7X1ujmD6i8JIM
"FOREX-ECB comments hit euro, but impact limited",Reuters,dWKd0E3dgCw1QWML7X1ujmD6i8JIM
Euro bruised as ECB opens the door for more easing,MarketWatch,dWKd0E3dgCw1QWML7X1ujmD6i8JIM
"CORRECTED-FOREX-ECB comments knock euro, but not much",Reuters,dWKd0E3dgCw1QWML7X1ujmD6i8JIM
Spain banks' ECB borrowing falls for 19th month in March,Reuters,dWKd0E3dgCw1QWML7X1ujmD6i8JIM
Strong Euro Generates Need For Further Monetary Easing: ECB Noyer,RTT News,dWKd0E3dgCw1QWML7X1ujmD6i8JIM
Coeure: ECB may look at buying assets,MarketWatch,dWKd0E3dgCw1QWML7X1ujmD6i8JIM
IFR Markets ForexWatch Asia Regional Daily Briefing,Reuters,dWKd0E3dgCw1QWML7X1ujmD6i8JIM
Deadly clashes in eastern Ukraine city Slovyansk,MarketWatch,dWKd0E3dgCw1QWML7X1ujmD6i8JIM
Stocks rebound; Nasdaq erases late swoon,MarketWatch,dcMA2yLhsuf1HGM43lphsqf5jGm0M
UPDATE 5-Citi posts higher income as troubled assets perform better,Reuters,dcMA2yLhsuf1HGM43lphsqf5jGm0M
"Citigroup's stock is cheap, but should you buy it?",MarketWatch,dcMA2yLhsuf1HGM43lphsqf5jGm0M
"Wall Street ends up after Citi results, retail sales",Reuters,dcMA2yLhsuf1HGM43lphsqf5jGm0M
"US STOCKS-Wall St rises on Citi earnings, data; eyes on Ukraine",Reuters,dcMA2yLhsuf1HGM43lphsqf5jGm0M
"Wall St rises on Citi earnings, data; eyes on Ukraine",Reuters,dcMA2yLhsuf1HGM43lphsqf5jGm0M
"Citigroup's stock is cheap, but should you but it?",MarketWatch,dcMA2yLhsuf1HGM43lphsqf5jGm0M
Citigroup earnings top Wall Street views,MarketWatch,dcMA2yLhsuf1HGM43lphsqf5jGm0M
"Stocks boosted by retail sales, Citi results",MarketWatch,dcMA2yLhsuf1HGM43lphsqf5jGm0M
"Citigroup Q1 Profit Up 4% Despite Lower Revenues, Beats View",RTT News,dcMA2yLhsuf1HGM43lphsqf5jGm0M
Citigroup Q1 Net Profit Edges Up; GAAP EPS Flat - Quick Facts,RTT News,dcMA2yLhsuf1HGM43lphsqf5jGm0M
Reports: Citigroup Trims Workforce By Another 200 To 300 Positions,RTT News,dcMA2yLhsuf1HGM43lphsqf5jGm0M
"Wall Street opens up on earnings, data mixed",Reuters,dvER81GIWQxfhEMXsGMrKsmsmvLoM
"Stock futures up as Coke, J&J rise after earnings",MarketWatch,dvER81GIWQxfhEMXsGMrKsmsmvLoM
Futures Pointing To Modest Strength On Wall Street,RTT News,dvER81GIWQxfhEMXsGMrKsmsmvLoM
UPDATE 2-Nestle sees faster growth after weak start to year,Reuters,dql5TDrSP1EyZEMWsEY47opbGWU7M
Nestle Q1 Sales Fall; Backs Full-year View,RTT News,dql5TDrSP1EyZEMWsEY47opbGWU7M
"Nestlé sales drop 5.1%, miss expectations",MarketWatch,dql5TDrSP1EyZEMWsEY47opbGWU7M
UPDATE 2-Zebra Tech to buy Motorola Solutions' enterprise business,Reuters,dM-im-JNw4JjmeMinnYwPfFTvrrBM
Zebra Technologies Corp. (ZBRA) Has Gapped Open Higher Following Acquisition,RTT News,dM-im-JNw4JjmeMinnYwPfFTvrrBM
"Zebra To Buy Motorola's Unit, Sees Q1 To Beat View; Motorola Cuts Sales  ...",RTT News,dM-im-JNw4JjmeMinnYwPfFTvrrBM
Zebra to buy Motorola Solutions unit for $3.45 bln,MarketWatch,dM-im-JNw4JjmeMinnYwPfFTvrrBM
Motorola Solutions to sell unit for $3.45 bln; shares fall,MarketWatch,dM-im-JNw4JjmeMinnYwPfFTvrrBM
Motorola Solutions Expects $1.8 Bln Of Sales In Q1 - Quick Facts,RTT News,dM-im-JNw4JjmeMinnYwPfFTvrrBM
Zebra Tech to buy Motorola's enterprise business for $3.45 bln,Reuters,dM-im-JNw4JjmeMinnYwPfFTvrrBM
Zebra Tech. to buy Motorola Solutions' Enterprise Business for $3.45 bln,RTT News,dM-im-JNw4JjmeMinnYwPfFTvrrBM
Zebra Technologies sees Q1 results above view – Quick Facts,RTT News,dM-im-JNw4JjmeMinnYwPfFTvrrBM
Zebra Tech To Buy Enterprise Unit Of Motorola Solutions In $3.5 Bln Deal: FT,RTT News,dM-im-JNw4JjmeMinnYwPfFTvrrBM
Johnson & Johnson Lifts FY14 Earnings Forecast As Q1 Results Top Estimates,RTT News,deWNZ6XT-DfVZAMkcccHGKfztwhGM
Johnson & Johnson lifts outlook as drug sales rise,MarketWatch,deWNZ6XT-DfVZAMkcccHGKfztwhGM
"J&J beats forecasts, helped by new medicines",Reuters,deWNZ6XT-DfVZAMkcccHGKfztwhGM
"J&J Q1 Profit Rises, Results Top Estimates; Lifts 2014 Adj. EPS View",RTT News,deWNZ6XT-DfVZAMkcccHGKfztwhGM
"Earnings Watch For April 15 (SCHW, KO, CMA, JNJ, NTRS)",RTT News,deWNZ6XT-DfVZAMkcccHGKfztwhGM
Barclays replaces head of remuneration committee,MarketWatch,drkBlKZ47AYFUUMJ0dcUff3sXM9EM
Barclays Appoints Crawford Gillies As Member Of Remuneration Committee,RTT News,drkBlKZ47AYFUUMJ0dcUff3sXM9EM
Barclays to appoint new pay committee head -Sky News,Reuters,drkBlKZ47AYFUUMJ0dcUff3sXM9EM
UPDATE 1-Yellen prepares Wall St for more wholesale funding rules from Fed,Reuters,d2nRPv6DBK3Ae-MDlydVRoFlmEf7M
Yellen: Big Banks May Need Additional Capital,RTT News,d2nRPv6DBK3Ae-MDlydVRoFlmEf7M
Yellen says big banks may need more capital,MarketWatch,d2nRPv6DBK3Ae-MDlydVRoFlmEf7M
"Stock futures waver ahead of inflation, earnings",MarketWatch,d2nRPv6DBK3Ae-MDlydVRoFlmEf7M
Consumers seen springing ahead — for now,MarketWatch,d2nRPv6DBK3Ae-MDlydVRoFlmEf7M
"WRAPUP 2-US consumer inflation rises on higher food, rental housing costs",Reuters,dyugMC18rw8FaiMJ-QTGtr9oTxPvM
RPT-India's March CPI inflation quickens to 8.31 pct,Reuters,dyugMC18rw8FaiMJ-QTGtr9oTxPvM
"Outside of your house, there's almost no inflation",MarketWatch,dyugMC18rw8FaiMJ-QTGtr9oTxPvM
U.S. Consumer Prices Rise More Than Expected Amid Higher Food And Shelter  ...,RTT News,dyugMC18rw8FaiMJ-QTGtr9oTxPvM
"Food, housing costs push inflation up in March",MarketWatch,dyugMC18rw8FaiMJ-QTGtr9oTxPvM
"U.K. Inflation At 4-1/2 Year Low, House Prices Surge",RTT News,dyugMC18rw8FaiMJ-QTGtr9oTxPvM
INSTANT VIEW-India's March CPI accelerates to 8.31 pct,Reuters,dyugMC18rw8FaiMJ-QTGtr9oTxPvM
U.S. Consumer Prices Rise Slightly More Than Expected In March,RTT News,dyugMC18rw8FaiMJ-QTGtr9oTxPvM
U.S. consumer prices rise 0.2% on shelter costs in March,MarketWatch,dyugMC18rw8FaiMJ-QTGtr9oTxPvM
U.K. House Price Inflation Highest Since Mid-2010,RTT News,dyugMC18rw8FaiMJ-QTGtr9oTxPvM
UK Inflation Eases In March As Expected,RTT News,dyugMC18rw8FaiMJ-QTGtr9oTxPvM
"UK inflation falls to lowest in over four years in March, house prices up strongly",Reuters,dyugMC18rw8FaiMJ-QTGtr9oTxPvM
U.K. inflation falls to lowest since October 2009,MarketWatch,dyugMC18rw8FaiMJ-QTGtr9oTxPvM
Finland's March Inflation Lowest Since Mid 2010,RTT News,dyugMC18rw8FaiMJ-QTGtr9oTxPvM
UPDATE 2-Coca-Cola sales beat estimates as China volumes soar,Reuters,dtGvpP7nKa5iPhMgZRDrpLz4c-xhM
Coca-Cola Co. (KO) Has Climbed To Nearly A 3-Month High After Q1 Report,RTT News,dtGvpP7nKa5iPhMgZRDrpLz4c-xhM
"Coca-Cola sales surprise on Dasani, Minute Maid",MarketWatch,dtGvpP7nKa5iPhMgZRDrpLz4c-xhM
"Coca-Cola Q1 Profit Meets View, Revenues Top",RTT News,dtGvpP7nKa5iPhMgZRDrpLz4c-xhM
"Coca-Cola Q1 Earnings Down, Yet Match Street - Quick Facts",RTT News,dtGvpP7nKa5iPhMgZRDrpLz4c-xhM
Citigroup Inc. (C) Climbed Sharply After Q1 Profit Topped Expectations,RTT News,dtGvpP7nKa5iPhMgZRDrpLz4c-xhM
"UPDATE 3-Intel's quarterly net beats Street, CEO talks up tablets",Reuters,dl4D2R6QzDXPIBMpfvIXUrQ9EXTsM
Intel Corp. (INTC) Is Heading Higher After Q1 Earnings Beat Expectations,RTT News,dl4D2R6QzDXPIBMpfvIXUrQ9EXTsM
Intel profit slides; margin tops forecasts,MarketWatch,dl4D2R6QzDXPIBMpfvIXUrQ9EXTsM
Credit Suisse profit disappoints as revenues fall,MarketWatch,dn3swzobFAiAr0M2PB67OUrpaviHM
UPDATE 2-Credit Suisse Q1 profit falls as trading tumbles,Reuters,dn3swzobFAiAr0M2PB67OUrpaviHM
Credit Suisse says not found anything materially untoward in its forex trading,Reuters,dn3swzobFAiAr0M2PB67OUrpaviHM
Credit Suisse first-quarter profit falls as trading tumbles,Reuters,dn3swzobFAiAr0M2PB67OUrpaviHM
Danone sales fall 5.2% as FX movements weigh,MarketWatch,dn3swzobFAiAr0M2PB67OUrpaviHM
Credit Suisse Q1 Profit Down On Weak Investment Banking,RTT News,dn3swzobFAiAr0M2PB67OUrpaviHM
CSuisse says not found anything materially untoward in its forex trading,Reuters,dn3swzobFAiAr0M2PB67OUrpaviHM
Credit Suisse first-quarter profit falls,MarketWatch,dn3swzobFAiAr0M2PB67OUrpaviHM
Credit Suisse Q1 Profit Declines - Quick Facts,RTT News,dn3swzobFAiAr0M2PB67OUrpaviHM
UPDATE 3-Semiconductor tool maker ASML cuts first-half sales forecast,Reuters,dMdU6GK7UcYzUFMwDiZxgP6fPsmfM
ASML cuts guidance for first half of 2014,MarketWatch,dMdU6GK7UcYzUFMwDiZxgP6fPsmfM
"UPDATE 1-ASML sees slower Q2 sales, revises first-half outlook",Reuters,dMdU6GK7UcYzUFMwDiZxgP6fPsmfM
"ASML Q1 Profit Soars, Sales In Line With Outlook - Quick Facts",RTT News,dMdU6GK7UcYzUFMwDiZxgP6fPsmfM
"UPDATE 2-Burberry revenue jumps, sees profits hit by strong pound",Reuters,dkIyqm55wChqu_MOWhsv6pPnOdj_M
Burberry expects currency movements to hurt profit,MarketWatch,dkIyqm55wChqu_MOWhsv6pPnOdj_M
Burberry second-half revenue jumps 19 percent,Reuters,dkIyqm55wChqu_MOWhsv6pPnOdj_M
Burberry H2 Revenue Climbs 16% - Quick Facts,RTT News,dkIyqm55wChqu_MOWhsv6pPnOdj_M
UPDATE 2-Tesco to step up price cuts as CEO defies pressure to quit,Reuters,doIcbkSCfqn0xdMSS3TTcTu81OtXM
Tesco profit falls amid $1.2 billion write-down,MarketWatch,doIcbkSCfqn0xdMSS3TTcTu81OtXM
Tesco Stock Rises As Full-year Profit Climbs,RTT News,doIcbkSCfqn0xdMSS3TTcTu81OtXM
Tesco sees tough year ahead as profit falls,Reuters,doIcbkSCfqn0xdMSS3TTcTu81OtXM
"Tesco FY Statutory Profit Climbs, Underlying Earnings Down - Quick Facts",RTT News,doIcbkSCfqn0xdMSS3TTcTu81OtXM
"British unemployment hits five-year low, pay growth matches inflation",Reuters,d_ApBIiYhmZMCGMVvLCDPZnw1ChSM
U.K. Unemployment Falls Below 7%,RTT News,d_ApBIiYhmZMCGMVvLCDPZnw1ChSM
U.K. unemployment falls below BoE threshold,MarketWatch,d_ApBIiYhmZMCGMVvLCDPZnw1ChSM
Coca-Cola Co. (KO) Soared To A 3-Month High On Q1 Results,RTT News,dYQ9VkYCibP_YQMxRz_l-tM17AG9M
Coca-Cola up on earnings; Wynn worst S&P 500 loser,MarketWatch,dYQ9VkYCibP_YQMxRz_l-tM17AG9M
UPDATE 3-Coca-Cola sales beat estimates as China volumes soar,Reuters,dYQ9VkYCibP_YQMxRz_l-tM17AG9M
Coke profit drops; growth in key emerging markets,MarketWatch,dYQ9VkYCibP_YQMxRz_l-tM17AG9M
"Coca-Cola, Intel, Yahoo are Tuesday's stocks to watch",MarketWatch,dYQ9VkYCibP_YQMxRz_l-tM17AG9M
What to look for in Coca-Cola's results,MarketWatch,dYQ9VkYCibP_YQMxRz_l-tM17AG9M
Capital One Profit Rises On Lower Loss Provision,RTT News,dYCcZpNztsXgUlMg7DeBKoY1uohxM
UPDATE 1-Capital One profit beats estimates due to lower provision,Reuters,dYCcZpNztsXgUlMg7DeBKoY1uohxM
Capital One profit rises 10 percent due to lower provision,Reuters,dYCcZpNztsXgUlMg7DeBKoY1uohxM
Capital One profit rises 10 pct due to lower provision,Reuters,dYCcZpNztsXgUlMg7DeBKoY1uohxM
SanDisk Q1 Adj. Profit Beats Estimate - Quick Facts,RTT News,dYCcZpNztsXgUlMg7DeBKoY1uohxM
Capital One profit boosted by lower loss provision,MarketWatch,dYCcZpNztsXgUlMg7DeBKoY1uohxM
UPDATE 1-Bank of America's financial crisis costs become a recurring nightmare,Reuters,dlD1x2yqK4XwukMi51V0pa3U_4bhM
Bank of America loss isn't just a mortgage story,MarketWatch,dlD1x2yqK4XwukMi51V0pa3U_4bhM
UPDATE 4-BofA reports first quarterly loss since 2011 on lofty legal bill,Reuters,dlD1x2yqK4XwukMi51V0pa3U_4bhM
"Bank of America: the good, the bad and the ugly",MarketWatch,dlD1x2yqK4XwukMi51V0pa3U_4bhM
Moynihan's vision blocked by Lewis' shadow,MarketWatch,dlD1x2yqK4XwukMi51V0pa3U_4bhM
Bank Of America In Red In Q1 - Quick Facts,RTT News,dlD1x2yqK4XwukMi51V0pa3U_4bhM
Bank Of America Slips To Loss On Litigation Charge,RTT News,dlD1x2yqK4XwukMi51V0pa3U_4bhM
Bank of America: Here's what investors can expect,MarketWatch,dlD1x2yqK4XwukMi51V0pa3U_4bhM
"FGIC, BofA settle litigation over mortgage-backed securities",Reuters,dlD1x2yqK4XwukMi51V0pa3U_4bhM
B. of A. earnings hurt by $6 billion legal charge,MarketWatch,dlD1x2yqK4XwukMi51V0pa3U_4bhM
Bank Of America Turns Red In Q1 - Quick Facts,RTT News,dlD1x2yqK4XwukMi51V0pa3U_4bhM
"Weak US prices, not inflation, the threat now: Fed's Yellen",Reuters,d_3misxug-kW8rMcJxFZjryM6w8JM
US STOCKS SNAPSHOT-Wall St ends higher after Yellen's comments,Reuters,d_3misxug-kW8rMcJxFZjryM6w8JM
Dollar up vs. yen after industrial production,MarketWatch,d_3misxug-kW8rMcJxFZjryM6w8JM
"Stocks Rally On Upbeat Tech Earnings, Yellen Comments - US Commentary",RTT News,d_3misxug-kW8rMcJxFZjryM6w8JM
Treasuries Close Slightly Lower But Well Off Worst Levels,RTT News,d_3misxug-kW8rMcJxFZjryM6w8JM
"Yellen says making ""very meaningful"" progress in US jobs market",Reuters,d_3misxug-kW8rMcJxFZjryM6w8JM
Yellen: Rates To Stay Low For Considerable Time,RTT News,d_3misxug-kW8rMcJxFZjryM6w8JM
Yellen says healthy economy within reach,MarketWatch,d_3misxug-kW8rMcJxFZjryM6w8JM
Text of Janet Yellen's speech,MarketWatch,d_3misxug-kW8rMcJxFZjryM6w8JM
Yellen: 'Plausible' economy restored in two years,MarketWatch,d_3misxug-kW8rMcJxFZjryM6w8JM
Stock futures hold gains after housing data,MarketWatch,d_3misxug-kW8rMcJxFZjryM6w8JM
UPDATE 2-Yellen says Fed mulling stricter rules for Wall Street,Reuters,d_3misxug-kW8rMcJxFZjryM6w8JM
US STOCKS-Wall St gains on Yellen comments and Yahoo; BofA falls,Reuters,dq6FiYbiv9LyFUM5oONqwVQijLkyM
U.S. stocks rally; S&P 500 positive for the year,MarketWatch,dq6FiYbiv9LyFUM5oONqwVQijLkyM
"US STOCKS-Wall St up on Chinese and US data, Yellen comments",Reuters,dq6FiYbiv9LyFUM5oONqwVQijLkyM
Stocks Remain Mostly Positive Following Early Upward Move - U.S. Commentary,RTT News,dq6FiYbiv9LyFUM5oONqwVQijLkyM
"US STOCKS-Wall St gains after Chinese data, Yahoo up on Alibaba",Reuters,dq6FiYbiv9LyFUM5oONqwVQijLkyM
"Asian Stocks Rise On US Earnings, China Data",RTT News,dq6FiYbiv9LyFUM5oONqwVQijLkyM
Asian Stocks Mixed As Traders Brace For China Data,RTT News,dq6FiYbiv9LyFUM5oONqwVQijLkyM
"UPDATE 1-Google still a top pick for Wall St, despite mobile ad challenges",Reuters,d1CA2zsSJnQ-76MDbeRGYi-m_WPZM
Google shares fall on earnings miss,MarketWatch,d1CA2zsSJnQ-76MDbeRGYi-m_WPZM
Google's growth in mobile ads hurts results,MarketWatch,d1CA2zsSJnQ-76MDbeRGYi-m_WPZM
Google Profit Misses Street; Stock Down,RTT News,d1CA2zsSJnQ-76MDbeRGYi-m_WPZM
Google: What investors can expect,MarketWatch,d1CA2zsSJnQ-76MDbeRGYi-m_WPZM
IBM losses can't hold back tech gains,MarketWatch,dVi8YU8BTvscwaMxEr3HnjKb2kkdM
IBM Corp. (IBM) Is Down Sharply On Weak Q1 Revenues,RTT News,dVi8YU8BTvscwaMxEr3HnjKb2kkdM
"Updates, advisories and surprises",MarketWatch,dVi8YU8BTvscwaMxEr3HnjKb2kkdM
UPDATE 5-IBM's quarterly revenue sinks to 5-year low as hardware sales fall,Reuters,dVi8YU8BTvscwaMxEr3HnjKb2kkdM
UPDATE 4-IBM's quarterly revenue sinks to 5-year low as hardware sales fall,Reuters,dVi8YU8BTvscwaMxEr3HnjKb2kkdM
IBM Profit Meets Estimate; Revenue Falls Short,RTT News,dVi8YU8BTvscwaMxEr3HnjKb2kkdM
IBM Corp. (IBM) Is Pulling Back After Q1 Revenues Fall Short,RTT News,dVi8YU8BTvscwaMxEr3HnjKb2kkdM
IBM Q1 Profit Meets Estimate; Revenue Misses,RTT News,dVi8YU8BTvscwaMxEr3HnjKb2kkdM
"Bank of America, Google, IBM are stocks to watch",MarketWatch,dVi8YU8BTvscwaMxEr3HnjKb2kkdM
UPDATE 1-Fees fuel 13 percent profit rise at Morgan Stanley wealth unit,Reuters,d8yYZMW1FZ9vgCM4auekiP0m2XHKM
"UPDATE 2-Amid frigid winter, Goldman, Morgan Stanley see commodity gains",Reuters,d8yYZMW1FZ9vgCM4auekiP0m2XHKM
"WRAPUP 1-For Goldman Sachs and Morgan Stanley, boring is beautiful",Reuters,d8yYZMW1FZ9vgCM4auekiP0m2XHKM
"Morgan Stanley, Goldman Sachs Q1 Results Beat Estimates",RTT News,d8yYZMW1FZ9vgCM4auekiP0m2XHKM
"Morgan Stanley is looking good, but Goldman is better",MarketWatch,d8yYZMW1FZ9vgCM4auekiP0m2XHKM
Morgan Stanley Steps away from return target timeframe,Reuters,d8yYZMW1FZ9vgCM4auekiP0m2XHKM
"UPDATE 2-Morgan Stanley profit soars on wealth management, trading",Reuters,d8yYZMW1FZ9vgCM4auekiP0m2XHKM
UPDATE 1-Morgan Stanley Steps away from return target timeframe,Reuters,d8yYZMW1FZ9vgCM4auekiP0m2XHKM
"Goldman, Morgan report strong commodity results as rivals exit",Reuters,d8yYZMW1FZ9vgCM4auekiP0m2XHKM
"Goldman, Morgan Stanley rise; Google falls",MarketWatch,d8yYZMW1FZ9vgCM4auekiP0m2XHKM
Morgan Stanley reduces risky fixed-income assets by 5 pct,Reuters,d8yYZMW1FZ9vgCM4auekiP0m2XHKM
Morgan Stanley first-quarter earnings up 49 pct,Reuters,d8yYZMW1FZ9vgCM4auekiP0m2XHKM
"Morgan Stanley earnings top estimates, lift shares",MarketWatch,d8yYZMW1FZ9vgCM4auekiP0m2XHKM
Morgan Stanley Q1 Profit Beats Estimates; Increases Quarterly Dividend,RTT News,d8yYZMW1FZ9vgCM4auekiP0m2XHKM
"UPDATE 4-GE industrial profit boost underscores strategy, shares up",Reuters,dGX1NRZH5BEvBCMlAIZt0aI4LcrCM
"GE posts declines in profit, revenue",MarketWatch,dGX1NRZH5BEvBCMlAIZt0aI4LcrCM
"GE Profit Drops, Industrial Earnings Climb 12%",RTT News,dGX1NRZH5BEvBCMlAIZt0aI4LcrCM
GE Q1 Profit Down - Quick Facts,RTT News,dGX1NRZH5BEvBCMlAIZt0aI4LcrCM
Wal-Mart takes on money transfer companies with new service,Reuters,djTJEXdELNBQs8MEfG5eLPI4Ez7jM
Moneygram International Inc. (MGI) Is Falling After Wal-Mart Announcement,RTT News,djTJEXdELNBQs8MEfG5eLPI4Ez7jM
Walmart and Euronet to Announce New Service,MarketWatch,djTJEXdELNBQs8MEfG5eLPI4Ez7jM
"Chipotle raising prices as steak, avocados, cheese costs rise",Reuters,dkhq69c37vzBapM4ZFno2GIZICDuM
"UPDATE 2-Chipotle raising prices as steak, avocados, cheese costs rise",Reuters,dkhq69c37vzBapM4ZFno2GIZICDuM
Chipotle Mexican Grill (CMG) Is Up Sharply After Q1 Report,RTT News,dkhq69c37vzBapM4ZFno2GIZICDuM
"Chipotle profit rises on stronger sales, traffic",MarketWatch,dkhq69c37vzBapM4ZFno2GIZICDuM
Chipotle raises sales outlook as traffic grows,MarketWatch,dkhq69c37vzBapM4ZFno2GIZICDuM
Chipotle Mexican Grill Q1 Profit Rises - Quick Facts,RTT News,dkhq69c37vzBapM4ZFno2GIZICDuM
Top Fed officials consider enforcement issue at closed meeting,Reuters,dJ8K4ydZ4-5myaMgmzzLHYle5B8dM
"FOREX-Dollar slips on Yellen's dovish stance, pound hits 4-1/2-year high",Reuters,dJ8K4ydZ4-5myaMgmzzLHYle5B8dM
Dollar falls against euro on monetary-policy outlook,MarketWatch,dJ8K4ydZ4-5myaMgmzzLHYle5B8dM
U.S. Dollar Falls Against Majors,RTT News,dJ8K4ydZ4-5myaMgmzzLHYle5B8dM
"FOREX-Dollar struggles on Yellen's dovish stance, pound at 4-1/2-year high",Reuters,dJ8K4ydZ4-5myaMgmzzLHYle5B8dM
EM ASIA FX-Yellen helps Asia currencies crawl higher in subdued trading,Reuters,dJ8K4ydZ4-5myaMgmzzLHYle5B8dM
"FOREX-Dollar hurt by Yellen's low rate stance, pound at 4-1/2 yr high",Reuters,dJ8K4ydZ4-5myaMgmzzLHYle5B8dM
"FOREX-Yen reclaims lost ground against dollar, euro",Reuters,dJ8K4ydZ4-5myaMgmzzLHYle5B8dM
EM ASIA FX-Yellen helps Asia currencies crawl higher; trading subdued,Reuters,dJ8K4ydZ4-5myaMgmzzLHYle5B8dM
Asian Markets Mixed Amid Cautious Trades,RTT News,dJ8K4ydZ4-5myaMgmzzLHYle5B8dM
MARKET EYE-USD/INR opens weaker after Fed comments,Reuters,dJ8K4ydZ4-5myaMgmzzLHYle5B8dM
Indian Shares Seen Rising After Dovish Comments From Yellen,RTT News,dJ8K4ydZ4-5myaMgmzzLHYle5B8dM
"REFILE-FOREX-Yen grinds lower as global stocks rally, dollar holds steady",Reuters,dJ8K4ydZ4-5myaMgmzzLHYle5B8dM
"FOREX-Yen grinds lower as global stocks rally, dollar holds steady",Reuters,dJ8K4ydZ4-5myaMgmzzLHYle5B8dM
"FOREX-Dollar up vs yen on Japan stock picture, dips vs euro on Fed view",Reuters,dJ8K4ydZ4-5myaMgmzzLHYle5B8dM
Dollar up vs. yen on industrial-production data,MarketWatch,dJ8K4ydZ4-5myaMgmzzLHYle5B8dM
"TREASURIES-Yields rise as stocks gain, Yellen optimistic on economy",Reuters,dJ8K4ydZ4-5myaMgmzzLHYle5B8dM
Dollar Gains On Yen After Talk Of BoJ Easing,RTT News,dJ8K4ydZ4-5myaMgmzzLHYle5B8dM
South Korea Stocks Likely To Be Stuck In Neutral,RTT News,df54b-mYnO-45LMStNHtEcpWfYTOM
"Asian stocks head higher, rally fades in Japan",MarketWatch,df54b-mYnO-45LMStNHtEcpWfYTOM
"Nikkei extends gains, SoftBank jumps on Alibaba earnings",Reuters,df54b-mYnO-45LMStNHtEcpWfYTOM
Ford To Name Mark Fields CEO: Reports,RTT News,dmEU-iO68ZkwuvMqta5j9d20tUWeM
"UPDATE 4-Ford to name Fields as CEO soon, replacing Mulally -source",Reuters,dmEU-iO68ZkwuvMqta5j9d20tUWeM
Reports Say Ford To Name Mark Fields As Next CEO,RTT News,dmEU-iO68ZkwuvMqta5j9d20tUWeM
Ford COO Mark Fields to become CEO,MarketWatch,dmEU-iO68ZkwuvMqta5j9d20tUWeM
"UPDATE 3-Ackman, Valeant team up to bid for Allergan in unusual pairing",Reuters,dfWBqDxgv21TUlMFBrhOOHpO3cvPM
"Valeant, Bill Ackman Consider Buying Allergan; Shares Surge",RTT News,dfWBqDxgv21TUlMFBrhOOHpO3cvPM
UPDATE 2-Ackman working with Valeant to press for Allergan takeover,Reuters,dfWBqDxgv21TUlMFBrhOOHpO3cvPM
Valeant sees 'unrivaled' growth in possible Allergan merger,Reuters,dfWBqDxgv21TUlMFBrhOOHpO3cvPM
Ackman working with Valeant to press for Allergan takeover,Reuters,dfWBqDxgv21TUlMFBrhOOHpO3cvPM
"After-market Movers For April 21 (NFLX, AGN, VRX, RMBS)",RTT News,dfWBqDxgv21TUlMFBrhOOHpO3cvPM
"Ackman' Pershing Square, Valeant eye Allergan; reveal stakes - Quick Facts",RTT News,dfWBqDxgv21TUlMFBrhOOHpO3cvPM
Valeant Pharmaceuticals International (VRX) Is Rising On Allergan News,RTT News,dfWBqDxgv21TUlMFBrhOOHpO3cvPM
"Ackman, Valeant to pursue Allergan takeover",MarketWatch,dfWBqDxgv21TUlMFBrhOOHpO3cvPM
Lilly Announces Agreement to Acquire Novartis Animal Health,MarketWatch,d0BJOy4VPmT-CKMOzWgDCCxSYbyjM
UPDATE 1-Novartis transforms drug business via deals with GSK and Lilly,Reuters,d0BJOy4VPmT-CKMOzWgDCCxSYbyjM
UPDATE 1-Eli Lilly to buy Novartis' animal health unit for $5.4 bln,Reuters,d0BJOy4VPmT-CKMOzWgDCCxSYbyjM
Eli Lilly to buy Novartis' animal health business for $5.4 bln,Reuters,d0BJOy4VPmT-CKMOzWgDCCxSYbyjM
Novartis Acquires GSK Oncology Products; Divests Vaccines Business,RTT News,d0BJOy4VPmT-CKMOzWgDCCxSYbyjM
"Novartis announces portfolio transformation, focusing company on leading  ...",MarketWatch,d0BJOy4VPmT-CKMOzWgDCCxSYbyjM
Sarepta Therapeutics Inc. (SRPT) Soared To A 5-Month High On Eteplirsen News,RTT News,doSu4r1VQ7fGhpMF_8q4WIyUoINLM
UPDATE 2-Sarepta shares soar on new hope for fatal muscle disorder drug,Reuters,doSu4r1VQ7fGhpMF_8q4WIyUoINLM
Sarepta Therapeutics Inc. (SRPT) Has Jumped To A 5-Month High On Eteplirsen  ...,RTT News,doSu4r1VQ7fGhpMF_8q4WIyUoINLM
Sarepta to reapply for FDA approval of MD drug,MarketWatch,doSu4r1VQ7fGhpMF_8q4WIyUoINLM
Sarepta to start new trials on muscle disorder drug,Reuters,doSu4r1VQ7fGhpMF_8q4WIyUoINLM
Sarepta Therapeutics To Submit NDA For Eteplirsen By Year End 2014 - Quick  ...,RTT News,doSu4r1VQ7fGhpMF_8q4WIyUoINLM
"Gilead Sciences Q1 Profit More Than Triples, Results Beat View",RTT News,dqVbD-tvwdDfF6MKCWctt5l_WyXGM
"UPDATE 2-Gilead profit triples, hepatitis C drug sales beat by $1 bln",Reuters,dqVbD-tvwdDfF6MKCWctt5l_WyXGM
Gilead Sciences Q1 Profit Rises; Reiterates 2014 Guidance,RTT News,dqVbD-tvwdDfF6MKCWctt5l_WyXGM
Gilead Sciences Inc. (GILD) Is Rising After Q1 Profit Surges,RTT News,dqVbD-tvwdDfF6MKCWctt5l_WyXGM
Gilead earnings buoyed by Hepatitis-C drug,MarketWatch,dqVbD-tvwdDfF6MKCWctt5l_WyXGM
I have no qualms about taking Gilead's $84000 drug,MarketWatch,dqVbD-tvwdDfF6MKCWctt5l_WyXGM
"UPDATE 2-VMware revenue beats estimates, but shares dip on sales delays",Reuters,dpyaXsRFx5y_GSMYaMFlRDZFLxg0M
"VMware Q1 Profit Rises, Beats Street - Update",RTT News,dpyaXsRFx5y_GSMYaMFlRDZFLxg0M
VMware revenue rises 14 pct on higher cloud software demand,Reuters,dpyaXsRFx5y_GSMYaMFlRDZFLxg0M
"WMware profit up on services, license revenue",MarketWatch,dpyaXsRFx5y_GSMYaMFlRDZFLxg0M
"UPDATE 3-McDonald's profit falls, US diners not ""lovin' it""",Reuters,dIgs1CVCYZN8jxMmSqqAXeepUjhfM
McDonald's earnings slide on weak sales growth,MarketWatch,dIgs1CVCYZN8jxMmSqqAXeepUjhfM
"McDonald's Q1 Profit Declines, But Revenues Rise - Quick Facts",RTT News,dIgs1CVCYZN8jxMmSqqAXeepUjhfM
UPDATE 1-Data storage equipment maker EMC cuts profit forecast,Reuters,dnK0_JagknGeXSMfpMdb_lLfmHkVM
EMC's 1st-qtr revenue rises 2 pct,Reuters,dnK0_JagknGeXSMfpMdb_lLfmHkVM
EMC's first-quarter revenue rises two percent,Reuters,dnK0_JagknGeXSMfpMdb_lLfmHkVM
"EMC Q1 profit down, cuts 2014 profit View; hikes dividend – Quick Facts",RTT News,dnK0_JagknGeXSMfpMdb_lLfmHkVM
EMC profit down 32% despite rise in revenue,MarketWatch,dnK0_JagknGeXSMfpMdb_lLfmHkVM
UPDATE 2-Procter & Gamble quarterly profit rises on home care sales,Reuters,dWxMfkH6lnOKmRMpvpCsB-uPnnFHM
"Procter & Gamble Q3 Adj. Profit Tops View, But Sales Miss; Backs 2014 Outlook",RTT News,dWxMfkH6lnOKmRMpvpCsB-uPnnFHM
Procter & Gamble third-quarter profit rises,Reuters,dWxMfkH6lnOKmRMpvpCsB-uPnnFHM
"P&G Delivers Third Quarter Core EPS up 5% to $1.04, Organic Sales Increases  ...",MarketWatch,dWxMfkH6lnOKmRMpvpCsB-uPnnFHM
"P&G Q3 profit rises 2%, Organic sales up 3% - quick facts",RTT News,dWxMfkH6lnOKmRMpvpCsB-uPnnFHM
"Valeant CEO ""disappointed"" in Allergan poison pill - CNBC",Reuters,dOlCDTpbRrXmCNMAaajueJz4pmidM
Ackman: Didn't violate insider-trading rules over Allergan,MarketWatch,dOlCDTpbRrXmCNMAaajueJz4pmidM
Allergan Inc. (AGN) Surged To A New High After VRX's Takeover Offer,RTT News,dOlCDTpbRrXmCNMAaajueJz4pmidM
Allergan adopts poison pill in face of Valeant bid,MarketWatch,dOlCDTpbRrXmCNMAaajueJz4pmidM
"UPDATE 5-Valeant, Ackman offer to buy Botox maker Allergan for $47 bln",Reuters,dOlCDTpbRrXmCNMAaajueJz4pmidM
"CANADA STOCKS-CP outlook, Valeant deal inject cheer into TSX",Reuters,dOlCDTpbRrXmCNMAaajueJz4pmidM
Allergan Confirms Acquisition Proposal From Valeant Pharma - Quick Facts,RTT News,dOlCDTpbRrXmCNMAaajueJz4pmidM
Allergan (AGN) & Valeant Pharmaceuticals (VRX) Are Surging On Possible Deal,RTT News,dOlCDTpbRrXmCNMAaajueJz4pmidM
CANADA STOCKS-TSX rises early as investors cheer Valeant buy,Reuters,dOlCDTpbRrXmCNMAaajueJz4pmidM
"UPDATE 3-Delta Air profits rise, stronger outlook boosts shares",Reuters,du8wsAhL9twgyuMqlvvnoOadDGy7M
"Delta Air Lines Q1 Profit Tops View, Revenues Match",RTT News,du8wsAhL9twgyuMqlvvnoOadDGy7M
"Delta Air Q1 Profit Spikes, Non-GAAP EPS Tops View - Quick Facts",RTT News,du8wsAhL9twgyuMqlvvnoOadDGy7M
Delta profit jumps despite weather troubles,MarketWatch,du8wsAhL9twgyuMqlvvnoOadDGy7M
US STOCKS-Wall St snaps six-day run; Apple to split stock,Reuters,dh9aStwZD7qH9AM_EXJisok07Ms2M
US STOCKS-Wall St slips to snap six-day rally; biotechs weak,Reuters,dh9aStwZD7qH9AM_EXJisok07Ms2M
Stocks Give Back Ground Following Recent Upward Trend - US Commentary,RTT News,dh9aStwZD7qH9AM_EXJisok07Ms2M
"Major Averages Close In The Red, Nasdaq Underperforms",RTT News,dh9aStwZD7qH9AM_EXJisok07Ms2M
US stocks tumble; S&P 500 ends 6-day run,MarketWatch,dh9aStwZD7qH9AM_EXJisok07Ms2M
US STOCKS-Wall St slips after six-day S&P run; biotechs drop,Reuters,dh9aStwZD7qH9AM_EXJisok07Ms2M
Stocks Continue To See Modest Weakness In Mid-Day Trading - U.S. Commentary,RTT News,dh9aStwZD7qH9AM_EXJisok07Ms2M
US STOCKS-Futures imply lower open after recent rally,Reuters,dh9aStwZD7qH9AM_EXJisok07Ms2M
Stocks May Give Back Ground Following Recent Upward Trend - US Commentary,RTT News,dh9aStwZD7qH9AM_EXJisok07Ms2M
US stock futures pause after six-session win streak,MarketWatch,dh9aStwZD7qH9AM_EXJisok07Ms2M
US STOCKS-Futures flat after six straight days of gains,Reuters,dh9aStwZD7qH9AM_EXJisok07Ms2M
"Stock futures waver with home sales, tech results ahead",MarketWatch,dh9aStwZD7qH9AM_EXJisok07Ms2M
Stock futures look for direction from heavyweights,MarketWatch,dh9aStwZD7qH9AM_EXJisok07Ms2M
Stocks Showing A Lack Of Direction In Morning Trading - U.S. Commentary,RTT News,dh9aStwZD7qH9AM_EXJisok07Ms2M
"Unilever sales top estimates; may sell Ragu, SlimFast",Reuters,d4LH7HUsmC_xb9MTf4XkMxxKba_KM
Unilever sales fall as currency weakness weighs,MarketWatch,d4LH7HUsmC_xb9MTf4XkMxxKba_KM
"Unilever Q1 Turnover Down; Expects Volume, Margin Growth",RTT News,d4LH7HUsmC_xb9MTf4XkMxxKba_KM
"UPDATE 1-Unilever sales top estimates; may sell Ragu, SlimFast",Reuters,d4LH7HUsmC_xb9MTf4XkMxxKba_KM
Unilever Q1 Turnover Declines - Quick Facts,RTT News,d4LH7HUsmC_xb9MTf4XkMxxKba_KM
REFILE-Qualcomm faces China bribery allegations from US regulator,Reuters,dB8FEaUi9SHJD5M280aCek_3KP02M
"UPDATE 3-Qualcomm's quarterly revenue growth dwindles, shares fall",Reuters,dB8FEaUi9SHJD5M280aCek_3KP02M
"Qualcomm Profit Tops Street, But Revenue Misses",RTT News,dB8FEaUi9SHJD5M280aCek_3KP02M
"Qualcomm sales, outlook disappoint; shares off 4%",MarketWatch,dB8FEaUi9SHJD5M280aCek_3KP02M
QUALCOMM Inc. (QCOM) Is Falling On Weak Forecast,RTT News,dB8FEaUi9SHJD5M280aCek_3KP02M
Qualcomm posts higher 2nd-quarter revenue but misses Street,Reuters,dB8FEaUi9SHJD5M280aCek_3KP02M
Qualcomm Q2 Profit Up - Quick Facts,RTT News,dB8FEaUi9SHJD5M280aCek_3KP02M
WRAPUP 3-US new home sales hint at prolonged housing weakness,Reuters,dYIVqKGQ17jaALMi_dW8IW1TBkUKM
U.S. New Home Sales Unexpectedly Show Steep Drop In March,RTT News,dYIVqKGQ17jaALMi_dW8IW1TBkUKM
Sales of new homes plunge 14.5% in March,MarketWatch,dYIVqKGQ17jaALMi_dW8IW1TBkUKM
Sales of new single-family homes plunge 14.5% in March,MarketWatch,dYIVqKGQ17jaALMi_dW8IW1TBkUKM
U.S. Existing Home Sales Drop To Lowest Level Since July 2012,RTT News,dYIVqKGQ17jaALMi_dW8IW1TBkUKM
Sales of existing homes slowest since July 2012,MarketWatch,dYIVqKGQ17jaALMi_dW8IW1TBkUKM
German Stocks Rise On Upbeat Data,RTT News,dZa1R4jYBvUK_jMWjI6c3MscPxjEM
"European stocks strong after Ifo, Draghi comments",MarketWatch,dZa1R4jYBvUK_jMWjI6c3MscPxjEM
Ukraine has no impact on German economy - Ifo economist,Reuters,dZa1R4jYBvUK_jMWjI6c3MscPxjEM
Ifo surprises with rise as German business strong despite Ukraine,Reuters,dZa1R4jYBvUK_jMWjI6c3MscPxjEM
UPDATE 1-Ifo rises as Ukraine has little effect on German business,Reuters,dZa1R4jYBvUK_jMWjI6c3MscPxjEM
German Business Confidence Improves Unexpectedly In April,RTT News,dZa1R4jYBvUK_jMWjI6c3MscPxjEM
"European stocks strong after Ifo, US earnings",MarketWatch,dZa1R4jYBvUK_jMWjI6c3MscPxjEM
"Nasdaq futures soar after Apple; Caterpillar, GM loom",MarketWatch,dZa1R4jYBvUK_jMWjI6c3MscPxjEM
European Stocks Seen Higher On US Earnings,RTT News,dZa1R4jYBvUK_jMWjI6c3MscPxjEM
European Economics Preview: German Ifo Business Confidence Data Due,RTT News,dZa1R4jYBvUK_jMWjI6c3MscPxjEM
"Asian shares struggle, dollar slips as Ukraine tensions rise",Reuters,diuBb8GaScP3H_M08sSdIRHIKRl3M
FOREX-Dollar under pressure on rising Ukraine tension,Reuters,diuBb8GaScP3H_M08sSdIRHIKRl3M
FOREX -Dollar loses ground on escalation of Russia/Ukraine tensions,Reuters,diuBb8GaScP3H_M08sSdIRHIKRl3M
Dollar Mixed As ECB's Draghi Talks Stimulus,RTT News,diuBb8GaScP3H_M08sSdIRHIKRl3M
"FOREX -Dollar up vs euro on durable goods strength, potential ECB easing",Reuters,diuBb8GaScP3H_M08sSdIRHIKRl3M
UPDATE 2-Cash drop in the euro zone adds to impetus for ECB action,Reuters,diuBb8GaScP3H_M08sSdIRHIKRl3M
UPDATE 2-Weaker inflation could prompt broad ECB asset-buying -Draghi,Reuters,diuBb8GaScP3H_M08sSdIRHIKRl3M
ECB's Draghi: Weaker Inflation Would Warrant Broad-based Asset Buying,RTT News,diuBb8GaScP3H_M08sSdIRHIKRl3M
RPT-UPDATE 1-Cash drop in the euro zone adds to impetus for ECB action,Reuters,diuBb8GaScP3H_M08sSdIRHIKRl3M
RPT-Spare cash in euro zone falls below 100 billion euro threshold,Reuters,diuBb8GaScP3H_M08sSdIRHIKRl3M
Euro Eases As ECB's Draghi Signals On Asset Purchase Programme,RTT News,diuBb8GaScP3H_M08sSdIRHIKRl3M
Spare cash in euro zone falls below 100 billion euro threshold,Reuters,diuBb8GaScP3H_M08sSdIRHIKRl3M
Euro shakes off Draghi warning over strong currency,MarketWatch,diuBb8GaScP3H_M08sSdIRHIKRl3M
"New Microsoft CEO Nadella impresses Wall Street, stresses challenges",Reuters,dIzGm0p1VgKiYnM7J9Gi6svpdekbM
Microsoft CEO sees 'gold rush' in the cloud,MarketWatch,dIzGm0p1VgKiYnM7J9Gi6svpdekbM
UPDATE 2-Microsoft beats Wall Street on new CEO debut,Reuters,dIzGm0p1VgKiYnM7J9Gi6svpdekbM
Microsoft Profit Tops Estimate,RTT News,dIzGm0p1VgKiYnM7J9Gi6svpdekbM
"Microsoft profit slips; software, Surface help sales",MarketWatch,dIzGm0p1VgKiYnM7J9Gi6svpdekbM
WRAPUP 2-Strong durable goods orders buoy US growth outlook,Reuters,d0ga8ha_iqFppuMwrqQD6R_WtOsmM
US Durable Goods Orders Show Strong Growth For Second Straight Month,RTT News,d0ga8ha_iqFppuMwrqQD6R_WtOsmM
"U.S. Dollar Climbs On Durable Goods Orders, Ukraine Tensions",RTT News,d0ga8ha_iqFppuMwrqQD6R_WtOsmM
TABLE-US March durable goods orders rise 2.6 pct,Reuters,d0ga8ha_iqFppuMwrqQD6R_WtOsmM
U.S. Durable Goods Orders Jump More Than Expected In March,RTT News,d0ga8ha_iqFppuMwrqQD6R_WtOsmM
Durable-goods orders jump 2.6% in March,MarketWatch,d0ga8ha_iqFppuMwrqQD6R_WtOsmM
Durable-goods orders climb 2.6% in March,MarketWatch,d0ga8ha_iqFppuMwrqQD6R_WtOsmM
"Coming up: Durable-goods orders, jobless claims",MarketWatch,d0ga8ha_iqFppuMwrqQD6R_WtOsmM
Pandora's rise in ad revenue helps beat expectations,Reuters,dfpI0nHKwMLIIjMoWeOnBITk8OuqM
"Pandora Loss Narrows, But Stock Slips On Weak Q2 Outlook",RTT News,dfpI0nHKwMLIIjMoWeOnBITk8OuqM
"Microsoft, Baidu pop; Visa, Pandora drop after hours",MarketWatch,dfpI0nHKwMLIIjMoWeOnBITk8OuqM
Pandora Media Q1 Loss Narrows; Lifts FY14 Outlook - Quick Facts,RTT News,dfpI0nHKwMLIIjMoWeOnBITk8OuqM
Pandora Media Inc. (P) Is Pulling Back On Weak Q2 Forecast,RTT News,dfpI0nHKwMLIIjMoWeOnBITk8OuqM
"United, Southwest, JetBlue Q1 Results Hurt By Severe Winter Weather",RTT News,dfpI0nHKwMLIIjMoWeOnBITk8OuqM
"Pandora investors tune into growth, ignore lawsuits",MarketWatch,dfpI0nHKwMLIIjMoWeOnBITk8OuqM
"Pandora earnings: Listeners, outlook to get attention",MarketWatch,dfpI0nHKwMLIIjMoWeOnBITk8OuqM
"Apple targeting $600, Facebook $70?",MarketWatch,dmfi_sd7XLRPVDMmGV2ez24yd4a-M
Apple continues to climb after earnings,MarketWatch,dmfi_sd7XLRPVDMmGV2ez24yd4a-M
Apple sharpens its edge after earnings,MarketWatch,dmfi_sd7XLRPVDMmGV2ez24yd4a-M
"Apple needs a big new idea, not financial engineering",MarketWatch,dmfi_sd7XLRPVDMmGV2ez24yd4a-M
RPT-Apple resets the clock as investors await next big thing,Reuters,dmfi_sd7XLRPVDMmGV2ez24yd4a-M
Apple Profit Climbs 7% On Strong IPhone Sales,RTT News,dmfi_sd7XLRPVDMmGV2ez24yd4a-M
"UPDATE 4-Ford profit driven down by North America, warranty costs",Reuters,dBMY4amftlAvPyMBHb5UD0AXJKcNM
Ford reaffirms full-year pretax-profit view,MarketWatch,dBMY4amftlAvPyMBHb5UD0AXJKcNM
Ford profit falls 39% but sales edge up,MarketWatch,dBMY4amftlAvPyMBHb5UD0AXJKcNM
"Ford Motor Q1 Profit Drops, China Shines",RTT News,dBMY4amftlAvPyMBHb5UD0AXJKcNM
Amazon.com Inc. (AMZN) Dropped To A 6-Month Low After Q1 Report,RTT News,di3iq1L07eWvlfMCSiKrxtyxVJdJM
Amazon: Will costly expansion pay off soon?,MarketWatch,di3iq1L07eWvlfMCSiKrxtyxVJdJM
Amazon.com Inc. (AMZN) Is Losing Ground After Q1 Profit Met Expectations,RTT News,di3iq1L07eWvlfMCSiKrxtyxVJdJM
UPDATE 3-Amazon's revenue increases even as spending rises,Reuters,di3iq1L07eWvlfMCSiKrxtyxVJdJM
Amazon Q1 Profit Rises As Revenues Surge,RTT News,di3iq1L07eWvlfMCSiKrxtyxVJdJM
Amazon outlook hit by big spending plans,MarketWatch,di3iq1L07eWvlfMCSiKrxtyxVJdJM
Amazon.com Inc. (AMZN) Is Heading Higher After Q1 Profit Met Expectations,RTT News,di3iq1L07eWvlfMCSiKrxtyxVJdJM
"Corporate news lifts stocks, tight money markets buoy euro",Reuters,dBeI4iCvcA98V6MVCm1nyKrXXye4M
"GLOBAL MARKETS-Corporate news lifts stocks, tight money markets buoy euro",Reuters,dBeI4iCvcA98V6MVCm1nyKrXXye4M
Eurozone M3 Growth Slows; Lending Continues To Fall,RTT News,dBeI4iCvcA98V6MVCm1nyKrXXye4M
Euro zone bond yields edge up as bets on ECB asset buys subside,Reuters,dBeI4iCvcA98V6MVCm1nyKrXXye4M
"FOREX-Draghi helps euro higher, UK growth numbers in focus",Reuters,dBeI4iCvcA98V6MVCm1nyKrXXye4M
ECB's Constancio watching more than just April inflation data,Reuters,dBeI4iCvcA98V6MVCm1nyKrXXye4M
"FOREX-Euro edges up ahead of inflation test, sterling supported",Reuters,dBeI4iCvcA98V6MVCm1nyKrXXye4M
"Euro resilient ahead of inflation test, M&A supports sterling",Reuters,dBeI4iCvcA98V6MVCm1nyKrXXye4M
"FOREX-Euro resilient ahead of inflation test, M&A supports sterling",Reuters,dBeI4iCvcA98V6MVCm1nyKrXXye4M
UPDATE 2-ECB's Constancio watching more than just April inflation data,Reuters,dBeI4iCvcA98V6MVCm1nyKrXXye4M
"FOREX-Euro firm on safe-haven flow, expectation for inflation uptick",Reuters,dBeI4iCvcA98V6MVCm1nyKrXXye4M
"RPT-FOREX-Euro firm on safe-haven flow, expectation for inflation uptick",Reuters,dBeI4iCvcA98V6MVCm1nyKrXXye4M
ECB chief sees low inflation persisting but QE still distant-source,Reuters,dBeI4iCvcA98V6MVCm1nyKrXXye4M
"Dollar gets boost vs. yen from housing data, yields",MarketWatch,dBeI4iCvcA98V6MVCm1nyKrXXye4M
"Dollar up against yen, down vs. pound, euro",MarketWatch,dBeI4iCvcA98V6MVCm1nyKrXXye4M
Why Draghi believes the FOMC way is the best way,MarketWatch,dBeI4iCvcA98V6MVCm1nyKrXXye4M
ECB's Constancio: Eurozone Not Entirely Out Of Danger Zone,RTT News,dBeI4iCvcA98V6MVCm1nyKrXXye4M
"FOREX-Euro firm on expectations of inflation uptick, dwindling cash",Reuters,dBeI4iCvcA98V6MVCm1nyKrXXye4M
ECB's Noyer: Euro strength is weighing on prices,MarketWatch,dBeI4iCvcA98V6MVCm1nyKrXXye4M
RPT-FOREX-Euro firm on expectations of inflation uptick; pound surges,Reuters,dBeI4iCvcA98V6MVCm1nyKrXXye4M
"ECB policy, stress tests weighing on bank credit: BBVA",Reuters,dBeI4iCvcA98V6MVCm1nyKrXXye4M
"FOREX-Dollar off to slow start in event-packed week, yen firmer",Reuters,dBeI4iCvcA98V6MVCm1nyKrXXye4M
FOREX-Dollar off to slow start in event-packed week,Reuters,dBeI4iCvcA98V6MVCm1nyKrXXye4M
AstraZeneca chief puts cancer ahead of megadeals,MarketWatch,dbq3sVrhBtbWPjMzH-gVBxD8C6AxM
ANALYSIS-Pfizer's weak drug pipeline fuels hunger for AstraZeneca,Reuters,dbq3sVrhBtbWPjMzH-gVBxD8C6AxM
UPDATE 7-Pfizer chases AstraZeneca for potential $100 bln deal,Reuters,dbq3sVrhBtbWPjMzH-gVBxD8C6AxM
"Dow And S&P 500 Close Higher, Nasdaq Posts Slim Loss - US Commentary",RTT News,dbq3sVrhBtbWPjMzH-gVBxD8C6AxM
Major Averages Close Mixed Following Volatile Trading Session,RTT News,dbq3sVrhBtbWPjMzH-gVBxD8C6AxM
AstraZeneca Says Confident In Execution Of Strategy As Independent Company,RTT News,dbq3sVrhBtbWPjMzH-gVBxD8C6AxM
Stocks Turn Mixed After Seeing Early Strength - U.S. Commentary,RTT News,dbq3sVrhBtbWPjMzH-gVBxD8C6AxM
European shares up; AstraZeneca surges on M&A prospect,MarketWatch,dbq3sVrhBtbWPjMzH-gVBxD8C6AxM
Major Averages Turn Mixed After Early Upward Move,RTT News,dbq3sVrhBtbWPjMzH-gVBxD8C6AxM
AstraZeneca bid supports FTSE 100 despite ripples from Russian sanctions,Reuters,dbq3sVrhBtbWPjMzH-gVBxD8C6AxM
US STOCKS-Wall St gains on merger activity; financials drag,Reuters,dbq3sVrhBtbWPjMzH-gVBxD8C6AxM
Major Averages Climb Firmly Into Positive Territory In Early Trading,RTT News,dbq3sVrhBtbWPjMzH-gVBxD8C6AxM
AstraZeneca PLC (AZN) Has Set A New High On Pfizer News,RTT News,dbq3sVrhBtbWPjMzH-gVBxD8C6AxM
"AstraZeneca, Furiex jump; Newmont Mining drops",MarketWatch,dbq3sVrhBtbWPjMzH-gVBxD8C6AxM
"UPDATE 4-BofA suspends buyback, div increase after capital error",Reuters,dsmdKqhpqXk-8aMFGllh2qrk6-IaM
Bank of America may cancel stock buyback this year,MarketWatch,dsmdKqhpqXk-8aMFGllh2qrk6-IaM
Bank of America miscalculated its capital levels,MarketWatch,dsmdKqhpqXk-8aMFGllh2qrk6-IaM
Bank of America joins Citigroup in the penalty box,MarketWatch,dsmdKqhpqXk-8aMFGllh2qrk6-IaM
"BofA Adjusts Q1 Capital Ratios, Suspends And To Resubmit 2014 Capital Plan",RTT News,dsmdKqhpqXk-8aMFGllh2qrk6-IaM
"CORRECTED-UPDATE 2-BofA suspends buyback, div increase after capital  ...",Reuters,dsmdKqhpqXk-8aMFGllh2qrk6-IaM
Bank Of America (BAC) Has Dropped To A 4-Month Low After Accounting Error,RTT News,dsmdKqhpqXk-8aMFGllh2qrk6-IaM
UPDATE 4-Nokia names leader of networks business turnaround as CEO,Reuters,d0P4azXWamm0lRMJMTmGz5l2BskIM
Nokia posts loss on lower mobile sales,MarketWatch,d0P4azXWamm0lRMJMTmGz5l2BskIM
Nokia Sales Drop At Networks,RTT News,d0P4azXWamm0lRMJMTmGz5l2BskIM
"Nokia Names Rajeev Suri CEO, To Recommence Dividend",RTT News,d0P4azXWamm0lRMJMTmGz5l2BskIM
France meets Alstom bidders with pledge to protect jobs,Reuters,ddieo1I2wvePuIM-llBRDdtri4i3M
Siemens could get extra time to finalise Alstom proposal -sources,Reuters,ddieo1I2wvePuIM-llBRDdtri4i3M
CORRECTED-UPDATE 6-France meets Alstom bidders with pledge to protect jobs,Reuters,ddieo1I2wvePuIM-llBRDdtri4i3M
Watchdog must assure transparency over Alstom - French min,Reuters,ddieo1I2wvePuIM-llBRDdtri4i3M
French minister meets unions to discuss Alstom,MarketWatch,ddieo1I2wvePuIM-llBRDdtri4i3M
Siemens offer for Alstom likely on Tuesday: source,Reuters,ddieo1I2wvePuIM-llBRDdtri4i3M
UPDATE 6-France meets Alstom bidders with pledge to protect jobs,Reuters,ddieo1I2wvePuIM-llBRDdtri4i3M
GE CEO Immelt Meets With French Government To Discuss Potential Investments,RTT News,ddieo1I2wvePuIM-llBRDdtri4i3M
Siemens to decide on Alstom offer after meeting with Hollande,Reuters,ddieo1I2wvePuIM-llBRDdtri4i3M
GE reports 'productive' meeting with France's Hollande,Reuters,ddieo1I2wvePuIM-llBRDdtri4i3M
"GE reports ""productive"" meeting with France's Hollande",Reuters,ddieo1I2wvePuIM-llBRDdtri4i3M
Germany prefers Siemens tie-up with Alstom to GE deal - source,Reuters,ddieo1I2wvePuIM-llBRDdtri4i3M
"Toyota To Move North American Headquarters From California To Plano, Texas",RTT News,d9a4JvArFQKm2_MeZ6_-2Wkfd7enM
"Toyota withdrawal a bombshell, economic blow to California city",Reuters,d9a4JvArFQKm2_MeZ6_-2Wkfd7enM
UPDATE 1-Toyota move to Texas is latest blow to Southern California,Reuters,d9a4JvArFQKm2_MeZ6_-2Wkfd7enM
Texas to pay $10000 for each Toyota job relocated,MarketWatch,d9a4JvArFQKm2_MeZ6_-2Wkfd7enM
UPDATE 4-Twitter disappoints again on user growth and views; shares drop,Reuters,dvx-QjBRfE3ooNM6bbG5IgEblXJgM
Twitter tanks as user growth falls short,MarketWatch,dvx-QjBRfE3ooNM6bbG5IgEblXJgM
UPDATE 3-Twitter disappoints again on user growth and views; shares drop,Reuters,dvx-QjBRfE3ooNM6bbG5IgEblXJgM
Twitter user growth is worrying Wall Street,MarketWatch,dvx-QjBRfE3ooNM6bbG5IgEblXJgM
"Twitter Posts Loss On Expenses, Yet Tops Estimate; Stock Down",RTT News,dvx-QjBRfE3ooNM6bbG5IgEblXJgM
Key number for Twitter: 16 million new users,MarketWatch,dvx-QjBRfE3ooNM6bbG5IgEblXJgM
Twitter earnings: User growth again in focus,MarketWatch,dvx-QjBRfE3ooNM6bbG5IgEblXJgM
UPDATE 2-EBay beefs up US war chest in pursuit of growth,Reuters,d4LdeQeG96e-2JMUeby0G-P-7w3hM
EBay Slips To Loss On Tax Charge,RTT News,d4LdeQeG96e-2JMUeby0G-P-7w3hM
Ebay Q1 results top estimates,RTT News,d4LdeQeG96e-2JMUeby0G-P-7w3hM
"EBay turns in a loss, but sales rise",MarketWatch,d4LdeQeG96e-2JMUeby0G-P-7w3hM
"WRAPUP 1-US consumer confidence near 6-yr high, home prices rise",Reuters,dpTzASICyrc1IiMbNFlHUBEDnRHfM
U.S. Consumer Confidence Shows Modest Deterioration In April,RTT News,dpTzASICyrc1IiMbNFlHUBEDnRHfM
US Consumer Confidence Dips Amid Less Favorable View Of Current Conditions,RTT News,dpTzASICyrc1IiMbNFlHUBEDnRHfM
Consumer confidence falls slightly in April,MarketWatch,dpTzASICyrc1IiMbNFlHUBEDnRHfM
France to consider raising stake in Alstom - minister,Reuters,dAkmszWj6qHhuhMd3q-HxJr-AQjiM
Siemens sweetens offer for Alstom unit,MarketWatch,dAkmszWj6qHhuhMd3q-HxJr-AQjiM
"GE Says Alstom Positively Received Offer For Alstom Power, Grid Businesses",RTT News,dAkmszWj6qHhuhMd3q-HxJr-AQjiM
UPDATE 2-Alstom says to review GE offer for energy business,Reuters,dAkmszWj6qHhuhMd3q-HxJr-AQjiM
GE To Acquire Alstom's Energy Activities,RTT News,dAkmszWj6qHhuhMd3q-HxJr-AQjiM
GE vows to boost French jobs with Alstom bid - letter,Reuters,dAkmszWj6qHhuhMd3q-HxJr-AQjiM
Alstom board accepts 10 billion euro GE offer for energy unit-paper,Reuters,dAkmszWj6qHhuhMd3q-HxJr-AQjiM
Europe Factors to Watch-Shares set to dip; all eyes on Alstom,Reuters,dAkmszWj6qHhuhMd3q-HxJr-AQjiM
Alstom accepts GE offer for its energy unit: sources,Reuters,dAkmszWj6qHhuhMd3q-HxJr-AQjiM
"GE Offers $16.9 bln to buy Thermal, Renewables and Grid businesses of Alstom",RTT News,dAkmszWj6qHhuhMd3q-HxJr-AQjiM
Alstom Accepts GE Bid For Its Power Business: Reports,RTT News,dAkmszWj6qHhuhMd3q-HxJr-AQjiM
Rolls-Royce says in talks to sell parts of energy unit to Siemens,Reuters,dAkmszWj6qHhuhMd3q-HxJr-AQjiM
Banks take hefty 13 bln euros in 3-month tender from ECB,Reuters,d6oH4km9IXNQhDMMjOqbrYbTbVjcM
"UPDATE 2-Euro zone inflation edges up, swift ECB action seen less likely",Reuters,d6oH4km9IXNQhDMMjOqbrYbTbVjcM
Honohan says ECB should use tools wisely to boost inflation,Reuters,d6oH4km9IXNQhDMMjOqbrYbTbVjcM
Euro recovers after inflation dip fails to impress,Reuters,d6oH4km9IXNQhDMMjOqbrYbTbVjcM
Euro Recovers As Eurozone Inflation Accelerates,RTT News,d6oH4km9IXNQhDMMjOqbrYbTbVjcM
Euro zone April inflation rises less than expected,Reuters,d6oH4km9IXNQhDMMjOqbrYbTbVjcM
Euro bounces back after expected inflation dip,Reuters,d6oH4km9IXNQhDMMjOqbrYbTbVjcM
"Euro-zone inflation picks up, but below ECB target",MarketWatch,d6oH4km9IXNQhDMMjOqbrYbTbVjcM
Here's how the ECB will force the euro lower,MarketWatch,d6oH4km9IXNQhDMMjOqbrYbTbVjcM
ECB's Noyer favors some additional easing measures,MarketWatch,d6oH4km9IXNQhDMMjOqbrYbTbVjcM
"CORRECTED-GLOBAL MARKETS-Stocks rise on earnings, euro falls on  ...",Reuters,d6oH4km9IXNQhDMMjOqbrYbTbVjcM
"FOREX-Euro nurses losses after soft German inflation, yen eyes BOJ",Reuters,d6oH4km9IXNQhDMMjOqbrYbTbVjcM
FOREX-Dollar's losing streak vs euro ends after German inflation data,Reuters,d6oH4km9IXNQhDMMjOqbrYbTbVjcM
"GLOBAL MARKETS-Stocks rise on corporate results, euro falls on inflation data",Reuters,d6oH4km9IXNQhDMMjOqbrYbTbVjcM
"GLOBAL MARKETS-Corporate results boost stocks, euro falls on inflation data",Reuters,d6oH4km9IXNQhDMMjOqbrYbTbVjcM
Euro zone bonds flip-flop as inflation clouds ECB easing bets,Reuters,d6oH4km9IXNQhDMMjOqbrYbTbVjcM
Dollar up vs. euro after soft German inflation,MarketWatch,d6oH4km9IXNQhDMMjOqbrYbTbVjcM
"German inflation picks up in April, points to higher euro zone rate",Reuters,d6oH4km9IXNQhDMMjOqbrYbTbVjcM
Germany HICP Inflation Accelerates Less Than Expected,RTT News,d6oH4km9IXNQhDMMjOqbrYbTbVjcM
Banks take most loans in ECB weekly operation since mid-2012,Reuters,d6oH4km9IXNQhDMMjOqbrYbTbVjcM
"FOREX-Draghi comments support euro, UK growth disappoints",Reuters,d6oH4km9IXNQhDMMjOqbrYbTbVjcM
ECB chief sees low inflation persisting but QE still distant-source,Reuters,d6oH4km9IXNQhDMMjOqbrYbTbVjcM
High Euro A Key Factor For Low Inflation: ECB Noyer,RTT News,d6oH4km9IXNQhDMMjOqbrYbTbVjcM
Time Warner raises full-year view as profit soars,MarketWatch,dF98bMa-7GUW6kMas4p8h19aBI20M
'Lego Movie' Helps Time Warner Build Strong Profit,RTT News,dF98bMa-7GUW6kMas4p8h19aBI20M
Time Warner 1st-qtr results beat estimates,Reuters,dF98bMa-7GUW6kMas4p8h19aBI20M
"UPDATE 1-""The Lego Movie"", ""Game of Thrones"" boost Time Warner results",Reuters,dF98bMa-7GUW6kMas4p8h19aBI20M
Automatic Data Processing Q3 Profit Rises; Updates FY14 Outlook - Quick Facts,RTT News,dF98bMa-7GUW6kMas4p8h19aBI20M
Time Warner Q1 Adj. EPS Tops Street; Revises Annual Outlook - Quick Facts,RTT News,dF98bMa-7GUW6kMas4p8h19aBI20M
US STOCKS-Wall St to open lower after GDP offsets jobs data,Reuters,djPO8UamtgEYZyM2volPnR1N_a8xM
UPDATE 2-Nuclear power producer Exelon to buy Pepco for $6.83 bln,Reuters,djPO8UamtgEYZyM2volPnR1N_a8xM
"Energizer, Pepco surge; Twitter, eBay fall on earnings",MarketWatch,djPO8UamtgEYZyM2volPnR1N_a8xM
Exelon Turns To Profit In Q1; To Buy Pepco Holdings In Around $6.8 Bln Deal,RTT News,djPO8UamtgEYZyM2volPnR1N_a8xM
"US STOCKS-Futures dip ahead of jobs, GDP data",Reuters,djPO8UamtgEYZyM2volPnR1N_a8xM
Exelon Corp to buy Pepco Holdings for $6.83 bln,Reuters,djPO8UamtgEYZyM2volPnR1N_a8xM
Exelon to buy Pepco in all-cash $6.83 billion deal,MarketWatch,djPO8UamtgEYZyM2volPnR1N_a8xM
Exelon To Acquire Pepco Holdings For $27.25 Per Share In Cash - Quick Facts,RTT News,djPO8UamtgEYZyM2volPnR1N_a8xM
Deals of the day- Mergers and acquisitions,Reuters,djPO8UamtgEYZyM2volPnR1N_a8xM
Alstom endorses GE's $17 bln bid for power unit,MarketWatch,dOR-2J7zSzdz-tMTE967cyqiFFy2M
Alstom: Ready to review any offer from Siemens,MarketWatch,dOR-2J7zSzdz-tMTE967cyqiFFy2M
Alstom says to review GE offer for energy business,Reuters,dOR-2J7zSzdz-tMTE967cyqiFFy2M
"GE Offers $16.9 Bln To Buy Thermal, Renewables And Grid Businesses Of Alstom",RTT News,dOR-2J7zSzdz-tMTE967cyqiFFy2M
Target removes CEO in wake of devastating cyber attack,Reuters,dpyfzwtPWIiWllMXoMerDydpmTaVM
CORRECTED-UPDATE 2-Target removes CEO in wake of devastating cyber  ...,Reuters,dpyfzwtPWIiWllMXoMerDydpmTaVM
Target Corp. (TGT) Is Down Following CEO's Departure,RTT News,dpyfzwtPWIiWllMXoMerDydpmTaVM
Target CEO resigns 5 months after holiday data breach,MarketWatch,dpyfzwtPWIiWllMXoMerDydpmTaVM
Italy Services Sector Grows Modestly In April,RTT News,dv39D7ysZ4nw1dMqVeJRegesc55QM
Spain's services grow at fastest since crisis,MarketWatch,dv39D7ysZ4nw1dMqVeJRegesc55QM
Eurozone Private Sector Growth At 3-Year High,RTT News,dv39D7ysZ4nw1dMqVeJRegesc55QM
France Private Sector Growth Weakens In April,RTT News,dv39D7ysZ4nw1dMqVeJRegesc55QM
UPDATE 1-US services sector growth slows in April - Markit,Reuters,dv39D7ysZ4nw1dMqVeJRegesc55QM
AIG profit falls 27%,MarketWatch,dwoE9jMhPIUoWiMOqapyC5C8iJPjM
"AIG Profit Falls On Catastrophe Claims, Yet Tops Street",RTT News,dwoE9jMhPIUoWiMOqapyC5C8iJPjM
American International Group (AIG) Is Heading Lower After Q1 Report,RTT News,dwoE9jMhPIUoWiMOqapyC5C8iJPjM
AIG profit falls 27 pct,Reuters,dwoE9jMhPIUoWiMOqapyC5C8iJPjM
"UPDATE 1-AIG's income from premiums fall, shares down",Reuters,dwoE9jMhPIUoWiMOqapyC5C8iJPjM
"UPDATE 3-Tyson profit misses, shares fall 9 pct on growth jitters",Reuters,dqEsDIV3EvaVLiMT79js7h8g6wXXM
"Tyson profit misses, shares fall 9 percent on growth jitters",Reuters,dqEsDIV3EvaVLiMT79js7h8g6wXXM
URGENT-Tyson sees pork production down as much as 4 pct this year,Reuters,dqEsDIV3EvaVLiMT79js7h8g6wXXM
"Tyson Foods Q2 Profit More Than Doubles, But Misses View; Lifts Sales Outlook",RTT News,dqEsDIV3EvaVLiMT79js7h8g6wXXM
JP Morgan falls on warning; Tyson slips on earnings,MarketWatch,dqEsDIV3EvaVLiMT79js7h8g6wXXM
Tyson Foods earnings surge on higher sales,MarketWatch,dqEsDIV3EvaVLiMT79js7h8g6wXXM
"Tyson Foods Q2 Profit More Than Doubles, But Misses Estimates - Quick Facts",RTT News,dqEsDIV3EvaVLiMT79js7h8g6wXXM
"UPDATE 2-US trade deficit narrows, but not enough to help GDP",Reuters,d7nLppD5D2Pzh6MSC-mr3n-BfCSDM
U.S. Trade Deficit Narrows In March Amid Rebound In Exports,RTT News,d7nLppD5D2Pzh6MSC-mr3n-BfCSDM
US Trade Deficit Narrows Slightly More Than Expected In March,RTT News,d7nLppD5D2Pzh6MSC-mr3n-BfCSDM
Exports snap back as US trade deficit shrinks 3.6%,MarketWatch,d7nLppD5D2Pzh6MSC-mr3n-BfCSDM
"UPDATE 6-Fiat Chrysler bets on Jeep, Alfa revamp to go global",Reuters,dgpGwokH5i7z49MfjElP-TsDJGz8M
"UPDATE 5-Fiat Chrysler bets on Jeep, Alfa revamp to go global",Reuters,dgpGwokH5i7z49MfjElP-TsDJGz8M
"Fiat Chrysler posts 1st-qtr net loss, trading profit stable",Reuters,dgpGwokH5i7z49MfjElP-TsDJGz8M
Fiat Group swings to loss,MarketWatch,dgpGwokH5i7z49MfjElP-TsDJGz8M
HIGHLIGHTS-Fiat Chrysler's five-year plan,Reuters,dgpGwokH5i7z49MfjElP-TsDJGz8M
"RPT-Fiat Chrysler bets on Jeep, Alfa revamp to go global",Reuters,dgpGwokH5i7z49MfjElP-TsDJGz8M
Fiat Chrysler plans Alfa Romeo drive : Reports,RTT News,dgpGwokH5i7z49MfjElP-TsDJGz8M
UPDATE 4-Twitter shares plumb new lows as stock lock-up expires,Reuters,drDwBNwo2u54cIMtKlcdQBaPMPUxM
Twitter's big slump highlights tech losses,MarketWatch,drDwBNwo2u54cIMtKlcdQBaPMPUxM
Newscast: Twitter tumbles as lockup expires,MarketWatch,drDwBNwo2u54cIMtKlcdQBaPMPUxM
Twitter Inc. (TWTR) Has Fallen To A New Low After Lock-Up Period Expires,RTT News,drDwBNwo2u54cIMtKlcdQBaPMPUxM
Twitter shares slump as lock-up period ends,MarketWatch,drDwBNwo2u54cIMtKlcdQBaPMPUxM
Twitter tumbles on wave of unlocked shares,MarketWatch,drDwBNwo2u54cIMtKlcdQBaPMPUxM
OECD Trims 2014 Global Outlook; Recovery Faces Significant Risks,RTT News,djYdAphw5jDBdqMzI96Ssguo2rdAM
OECD cuts forecasts for Turkey's growth,MarketWatch,djYdAphw5jDBdqMzI96Ssguo2rdAM
OECD cuts China 2014 growth forecast to 7.4 pct,Reuters,djYdAphw5jDBdqMzI96Ssguo2rdAM
OECD Downgrades 2014 Global Growth Outlook,RTT News,djYdAphw5jDBdqMzI96Ssguo2rdAM
"UPDATE 2-EA, Activision Blizzard sales beat targets, shares rise",Reuters,dCHspZdghQ7u6BMxQtKYocPvsi2LM
Activision first-quarter revenue drops but profit rises,Reuters,dCHspZdghQ7u6BMxQtKYocPvsi2LM
Activision Blizzard Profit Tops Estimate; Stock Up,RTT News,dCHspZdghQ7u6BMxQtKYocPvsi2LM
Activision Blizzard Q1 Adj. Profit Beats Estimate; - Quick Facts,RTT News,dCHspZdghQ7u6BMxQtKYocPvsi2LM
Activision Blizzard earnings slide 35%,MarketWatch,dCHspZdghQ7u6BMxQtKYocPvsi2LM
RPT-Activision places $500 mln bet on its next blockbuster franchise,Reuters,dCHspZdghQ7u6BMxQtKYocPvsi2LM
Activision places $500 mln bet on its next blockbuster franchise,Reuters,dCHspZdghQ7u6BMxQtKYocPvsi2LM
GLOBAL MARKETS-Yellen comments boost US stocks; gold falls,Reuters,duFafA3ap35yO4MOcofi4Br3PF6WM
FOREX-Dollar extends gains despite dovish Yellen comments,Reuters,duFafA3ap35yO4MOcofi4Br3PF6WM
"UPDATE 3-Yellen cites housing, geopolitical tensions as economic risks",Reuters,duFafA3ap35yO4MOcofi4Br3PF6WM
Treasurys gain for fifth day in six on Yellen,MarketWatch,duFafA3ap35yO4MOcofi4Br3PF6WM
Gold Plunges To End Below $1300 On Ukraine,RTT News,duFafA3ap35yO4MOcofi4Br3PF6WM
Dollar Withstands Yellen's Low-Rate Pledge,RTT News,duFafA3ap35yO4MOcofi4Br3PF6WM
Gold ends 1.5% lower after Yellen testimony,MarketWatch,duFafA3ap35yO4MOcofi4Br3PF6WM
GLOBAL MARKETS-Stocks flat after Putin comments; gold falls,Reuters,duFafA3ap35yO4MOcofi4Br3PF6WM
Yellen stays upbeat but is watching housing,MarketWatch,duFafA3ap35yO4MOcofi4Br3PF6WM
Dollar pares gain vs. yen on Yellen; kiwi falls,MarketWatch,duFafA3ap35yO4MOcofi4Br3PF6WM
Yellen: Economy Improving But Rates To Remain Low,RTT News,duFafA3ap35yO4MOcofi4Br3PF6WM
Treasurys cut losses on Yellen remarks,MarketWatch,duFafA3ap35yO4MOcofi4Br3PF6WM
UPDATE 2-Cold weather sinks US productivity but trend steady,Reuters,d5hzAN0GxA9lkwMfZbioCtLDy270M
U.S. Labor Productivity Falls 1.7% In Q1 As Weather Impacts Output,RTT News,d5hzAN0GxA9lkwMfZbioCtLDy270M
U.S. Labor Productivity Falls More Than Expected In Q1,RTT News,d5hzAN0GxA9lkwMfZbioCtLDy270M
US firms less productive in first quarter,MarketWatch,d5hzAN0GxA9lkwMfZbioCtLDy270M
U.S. productivity declines by 1.7% in first quarter,MarketWatch,d5hzAN0GxA9lkwMfZbioCtLDy270M
UPDATE 4-AOL profit misses estimate on costs; shares tumble,Reuters,dDDMVzdUvh2NLMMtU_wiUQSQZJAxM
AOL profit misses estimate on costs; shares tumble,Reuters,dDDMVzdUvh2NLMMtU_wiUQSQZJAxM
"AOL Q1 Profit Plunges On Charges; Revenue Rises, Beats Estimates",RTT News,dDDMVzdUvh2NLMMtU_wiUQSQZJAxM
AOL 1st-qtr revenue rises 8 pct on higher ad sales,Reuters,dDDMVzdUvh2NLMMtU_wiUQSQZJAxM
AOL revenue boosted by ad-network growth,MarketWatch,dDDMVzdUvh2NLMMtU_wiUQSQZJAxM
AOL Q1 Profit Plummets - Quick Facts,RTT News,dDDMVzdUvh2NLMMtU_wiUQSQZJAxM
Bank Of England Keeps Monetary Policy Unchanged,RTT News,d9VRwFyyf249y0M7nCc89xlsJwe-M
UPDATE 1-Bank of England sticks with low rates even as recovery builds,Reuters,d9VRwFyyf249y0M7nCc89xlsJwe-M
Pound Mixed After Bank Of England Keeps Rate On Hold At 0.50%,RTT News,d9VRwFyyf249y0M7nCc89xlsJwe-M
Bank Of England Maintains Key Rate; QE At GBP 375 Bln,RTT News,d9VRwFyyf249y0M7nCc89xlsJwe-M
BOE stands pat on policy as jobless rate falls,MarketWatch,d9VRwFyyf249y0M7nCc89xlsJwe-M
"Tesla skids on earnings; SolarCity, Keurig jumps",MarketWatch,dUTKkZ5tHDuJgcMIazr5_JyZZVdLM
"Tesla, Keurig, SolarCity are stocks to watch",MarketWatch,dUTKkZ5tHDuJgcMIazr5_JyZZVdLM
"UPDATE 4-Tesla outlook disappoints some on Wall St, shares drop 7 pct",Reuters,dUTKkZ5tHDuJgcMIazr5_JyZZVdLM
"UPDATE 3-Tesla outlook disappoints some on Wall St, shares drop 7 pct",Reuters,dUTKkZ5tHDuJgcMIazr5_JyZZVdLM
Tesla Slips To Loss On Expenses,RTT News,dUTKkZ5tHDuJgcMIazr5_JyZZVdLM
Tesla slips to Q1 loss,RTT News,dUTKkZ5tHDuJgcMIazr5_JyZZVdLM
Only 4 Teslas have ever been stolen in US,MarketWatch,dUTKkZ5tHDuJgcMIazr5_JyZZVdLM
Tesla posts loss as research costs rise,MarketWatch,dUTKkZ5tHDuJgcMIazr5_JyZZVdLM
Tesla Motors Inc. (TSLA) Is Sharply Lower Following Q1 Report,RTT News,dUTKkZ5tHDuJgcMIazr5_JyZZVdLM
"Tesla drops, Keurig, SolarCity gain after hours",MarketWatch,dUTKkZ5tHDuJgcMIazr5_JyZZVdLM
"Tesla, Keurig set for active after-hours session",MarketWatch,dUTKkZ5tHDuJgcMIazr5_JyZZVdLM
"Tesla, Keurig, Allergan are stocks to watch",MarketWatch,dUTKkZ5tHDuJgcMIazr5_JyZZVdLM
Tesla earnings: Balancing goals and costs,MarketWatch,dUTKkZ5tHDuJgcMIazr5_JyZZVdLM
UPDATE 4-Brent below $108 on signs of easing Ukraine tensions,Reuters,dFm1Wel8mCo4VPMz43wzCCzeudllM
WRAPUP 1-China commodity imports top expectations as stockpiling supports,Reuters,dFm1Wel8mCo4VPMz43wzCCzeudllM
UPDATE 2-Brent holds steady near $108; Chinese trade data supports,Reuters,dFm1Wel8mCo4VPMz43wzCCzeudllM
China's Exports Rise Unexpectedly In April,RTT News,dFm1Wel8mCo4VPMz43wzCCzeudllM
"COLUMN-China's robust commodity imports boosted by stockpiling, financing  ...",Reuters,dFm1Wel8mCo4VPMz43wzCCzeudllM
UPDATE 1-China April soybean imports climb around 60 pct on year,Reuters,dFm1Wel8mCo4VPMz43wzCCzeudllM
"China exports improve, analysts see stronger yuan",MarketWatch,dFm1Wel8mCo4VPMz43wzCCzeudllM
China's April crude-oil imports reach daily record,MarketWatch,dFm1Wel8mCo4VPMz43wzCCzeudllM
UPDATE 1-Toyota braces for stalling profit after last year's bonanza,Reuters,dK_8AM8fOxT0pvMjcLiE6-fiodKSM
Toyota FY14 Profit Soars; Sees Lower Earnings In FY15,RTT News,dK_8AM8fOxT0pvMjcLiE6-fiodKSM
"Toyota sees 2.4 pct drop in FY 2014/15 net profit, below estimates",Reuters,dK_8AM8fOxT0pvMjcLiE6-fiodKSM
Toyota hits record-high profit in last year,MarketWatch,dK_8AM8fOxT0pvMjcLiE6-fiodKSM
TABLE-Toyota Motor -2013/14 group results (SEC),Reuters,dK_8AM8fOxT0pvMjcLiE6-fiodKSM
RPT-TABLE-Konami -2013/14 group results (SEC),Reuters,dK_8AM8fOxT0pvMjcLiE6-fiodKSM
"U.S. stocks rise on jobless claims, Draghi easing talk",MarketWatch,dj2gaJQ71DfKWyMRvKbZUWIkrAKLM
Banks are managing lower liquidity on their own -Draghi,Reuters,dj2gaJQ71DfKWyMRvKbZUWIkrAKLM
UPDATE 2-Draghi says ECB poised to shore up economy as soon as June,Reuters,dj2gaJQ71DfKWyMRvKbZUWIkrAKLM
Draghi says ECB may act after sees June forecasts,Reuters,dj2gaJQ71DfKWyMRvKbZUWIkrAKLM
U.S. stocks rise on Draghi's dovish comments,MarketWatch,dj2gaJQ71DfKWyMRvKbZUWIkrAKLM
Draghi comments send European stocks rallying,MarketWatch,dj2gaJQ71DfKWyMRvKbZUWIkrAKLM
Euro drops; Draghi 'comfortable' easing in June,MarketWatch,dj2gaJQ71DfKWyMRvKbZUWIkrAKLM
Draghi: ECB 'comfortable with acting next time',MarketWatch,dj2gaJQ71DfKWyMRvKbZUWIkrAKLM
Euro zone bond yields fall after Draghi flags ECB action,Reuters,dj2gaJQ71DfKWyMRvKbZUWIkrAKLM
"FOREX-Euro at 2-month high, tests ECB's resolve on currency",Reuters,dj2gaJQ71DfKWyMRvKbZUWIkrAKLM
Euro zone shares rise as ECB's Draghi opens door to June move,Reuters,dj2gaJQ71DfKWyMRvKbZUWIkrAKLM
ECB's Draghi says euro zone recovery proceeding,Reuters,dj2gaJQ71DfKWyMRvKbZUWIkrAKLM
Draghi's introductory statement,MarketWatch,dj2gaJQ71DfKWyMRvKbZUWIkrAKLM
US stock futures fluctuate after jobless claims,MarketWatch,dj2gaJQ71DfKWyMRvKbZUWIkrAKLM
ECB Maintains Status Quo Despite Pressure To Act,RTT News,dj2gaJQ71DfKWyMRvKbZUWIkrAKLM
Euro buoyant as European Central Bank hold rates,Reuters,dj2gaJQ71DfKWyMRvKbZUWIkrAKLM
"RPT- FOREX-Euro at 2-month high, tests ECB's resolve on currency",Reuters,dj2gaJQ71DfKWyMRvKbZUWIkrAKLM
Euro Mixed Ahead Of ECB Interest Rate Decision,RTT News,dj2gaJQ71DfKWyMRvKbZUWIkrAKLM
ECB leaves key rates unchanged,MarketWatch,dj2gaJQ71DfKWyMRvKbZUWIkrAKLM
European shares advance as Metro and ProSieben rally,Reuters,dj2gaJQ71DfKWyMRvKbZUWIkrAKLM
Outside chance of ECB easing keeps euro zone yields subdued,Reuters,dj2gaJQ71DfKWyMRvKbZUWIkrAKLM
Adecco rallies as European shares advance,Reuters,dj2gaJQ71DfKWyMRvKbZUWIkrAKLM
Euro zone yields hold near lows before ECB meeting,Reuters,dj2gaJQ71DfKWyMRvKbZUWIkrAKLM
"Europe Factors to Watch-Shares set to rise, all eyes on ECB",Reuters,dj2gaJQ71DfKWyMRvKbZUWIkrAKLM
FOREX-Euro off highs ahead of ECB; Aussie buoyed by upbeat data,Reuters,dj2gaJQ71DfKWyMRvKbZUWIkrAKLM
"FOREX-Euro off highs ahead of ECB, data set to drive currencies",Reuters,dj2gaJQ71DfKWyMRvKbZUWIkrAKLM
FOREX-Dollar falls on strong euro zone data despite positive US signs,Reuters,dj2gaJQ71DfKWyMRvKbZUWIkrAKLM
RPT-CORRECTED-UPDATE 1-Could take 5-8 years to shrink Fed portfolio -Yellen,Reuters,d06p_B068Tz-trM0VOb3T9IS-s-rM
CORRECTED-UPDATE 1-Could take 5-8 years to shrink Fed portfolio -Yellen,Reuters,d06p_B068Tz-trM0VOb3T9IS-s-rM
PRECIOUS-Gold edges up as investors digest Yellen comments,Reuters,d06p_B068Tz-trM0VOb3T9IS-s-rM
Markets Turn Cautious As Averages Push Towards Unchartered Territory,RTT News,d06p_B068Tz-trM0VOb3T9IS-s-rM
6 dubious Yellenisms from the Fed chair's testimony,MarketWatch,d06p_B068Tz-trM0VOb3T9IS-s-rM
Wall Street Stays Cautiously Optimistic,RTT News,d06p_B068Tz-trM0VOb3T9IS-s-rM
"GLOBAL MARKETS-Asian shares up on Yellen, China trade data, Ukraine",Reuters,d06p_B068Tz-trM0VOb3T9IS-s-rM
Indian Shares Set To Rebound After Tech Selloff,RTT News,d06p_B068Tz-trM0VOb3T9IS-s-rM
Yellen comments boost US stocks; gold falls,Reuters,d06p_B068Tz-trM0VOb3T9IS-s-rM
"UPDATE 3-Yellen cites housing, geopolitical tensions as economic risks",Reuters,d06p_B068Tz-trM0VOb3T9IS-s-rM
Canadian Dollar Rises As Oil Prices Advance,RTT News,d06p_B068Tz-trM0VOb3T9IS-s-rM
"WATCH LIVE: Reuters Today - Publicis, Omnicom call off merger",Reuters,dG6Zfmor_3OYSpMJCobF_GCpMNq_M
"Omnicom, Publicis Groupe Agree To Terminate Proposed $35 Bln Merger Of  ...",RTT News,dG6Zfmor_3OYSpMJCobF_GCpMNq_M
"UPDATE 3-Omnicom, Publicis call off proposed $35 billion merger",Reuters,dG6Zfmor_3OYSpMJCobF_GCpMNq_M
"Omnicom, Publicis call off $35 billion merger",MarketWatch,dG6Zfmor_3OYSpMJCobF_GCpMNq_M
"Omnicom, Publicis call off proposed $35 billion merger- NY Times",Reuters,dG6Zfmor_3OYSpMJCobF_GCpMNq_M
"UPDATE 1-Omnicom, Publicis call off proposed $35 billion merger -source",Reuters,dG6Zfmor_3OYSpMJCobF_GCpMNq_M
"Omnicom, Publicis call off $35 billion merger: WSJ",MarketWatch,dG6Zfmor_3OYSpMJCobF_GCpMNq_M
Lower-rated euro zone debt yields at new lows on ECB,Reuters,dk4owFClCY8fpmMeJ3SHsDptJDeeM
GLOBAL MARKETS -Asia shares step cautiously around tame China inflation,Reuters,dk4owFClCY8fpmMeJ3SHsDptJDeeM
FOREX-Euro steadies after slumping on dovish Draghi comments,Reuters,dk4owFClCY8fpmMeJ3SHsDptJDeeM
FOREX-Battered euro nervous after slumping on dovish Draghi comments,Reuters,dk4owFClCY8fpmMeJ3SHsDptJDeeM
Draghi paints European Central Bank into corner,MarketWatch,dk4owFClCY8fpmMeJ3SHsDptJDeeM
FOREX-Dollar gains against euro as Draghi hints at action,Reuters,dk4owFClCY8fpmMeJ3SHsDptJDeeM
Euro zone candidate Lithuania gains ECB scrutiny of top lenders,Reuters,dk4owFClCY8fpmMeJ3SHsDptJDeeM
Euro zone yields fall to new lows on ECB's clearest signal yet,Reuters,dk4owFClCY8fpmMeJ3SHsDptJDeeM
Sterling climbs vs euro after ECB signals it is ready to act,Reuters,dk4owFClCY8fpmMeJ3SHsDptJDeeM
European Stocks Rally As Draghi Talks Stimulus,RTT News,dk4owFClCY8fpmMeJ3SHsDptJDeeM
ECB's Draghi Says Recovery Proceeding; Hints At June Action,RTT News,dk4owFClCY8fpmMeJ3SHsDptJDeeM
GLOBAL MARKETS-Euro buoyant as European Central Bank hold rates,Reuters,dk4owFClCY8fpmMeJ3SHsDptJDeeM
ECB Holds Interest Rates Steady For Sixth Month,RTT News,dk4owFClCY8fpmMeJ3SHsDptJDeeM
Adecco rallies as European shares advance,Reuters,dk4owFClCY8fpmMeJ3SHsDptJDeeM
UPDATE 2-CBS revenue misses estimates on lower advertising,Reuters,dE21f9Rai6-KxWM691W8191VCK2-M
CBS Q1 Profit Rises - Update,RTT News,dE21f9Rai6-KxWM691W8191VCK2-M
"CBS profit up 5.6%, sees strong second half",MarketWatch,dE21f9Rai6-KxWM691W8191VCK2-M
Apple in talks to buy Dr. Dre's Beats for $3.2 billion,MarketWatch,dO9T5X7Lj8LWAXMq4eRhyoAYy9zrM
Reports: Apple In Talks To Buy Beats Electronics For $3.2 Bln,RTT News,dO9T5X7Lj8LWAXMq4eRhyoAYy9zrM
CORRECTED-UPDATE 2-Apple close to buying Beats for $3.2 bln -source,Reuters,dO9T5X7Lj8LWAXMq4eRhyoAYy9zrM
"WRAPUP 3-Fannie Mae, Freddie Mac post profits driven by legal settlements",Reuters,dcyLbiQc2fUnSVM2QTnFhuuscqU9M
Fannie Mae Posts Profit; To Pay $5.7 Bln. To Treasury - Update,RTT News,dcyLbiQc2fUnSVM2QTnFhuuscqU9M
Freddie Mac earnings down 12%,MarketWatch,dcyLbiQc2fUnSVM2QTnFhuuscqU9M
Freddie Mac to pay US Treasury $4.5 billion on quarterly profit,Reuters,dcyLbiQc2fUnSVM2QTnFhuuscqU9M
UPDATE 1-Fannie Mae to pay US Treasury $5.7 billion on quarterly profit,Reuters,dcyLbiQc2fUnSVM2QTnFhuuscqU9M
Fannie Mae Q1 Stockholders' Net Loss Narrows - Quick Facts,RTT News,dcyLbiQc2fUnSVM2QTnFhuuscqU9M
"US STOCKS SNAPSHOT-Dow closes at a record high, buoyed by IBM",Reuters,dBLe5HmogoMp3wMOx66xlZd6YQ-gM
"Stocks Rise, Dow Rallies To New Record High",RTT News,dBLe5HmogoMp3wMOx66xlZd6YQ-gM
"Stocks rise; Dow sets record, Nasdaq sees weekly fall",MarketWatch,dBLe5HmogoMp3wMOx66xlZd6YQ-gM
Alcatel-Lucent first-quarter loss narrows,MarketWatch,de399DJBp_HRq7MH09t6a4iNOfo4M
"UPDATE 2-Alcatel-Lucent cuts Q1 loss, pursues turnaround",Reuters,de399DJBp_HRq7MH09t6a4iNOfo4M
Alcatel-Lucent Posts Smaller Loss In Q1,RTT News,de399DJBp_HRq7MH09t6a4iNOfo4M
Alcatel-Lucent swings to Q1 loss on restructuring costs,Reuters,de399DJBp_HRq7MH09t6a4iNOfo4M
"Alcatel-Lucent Posts Q1 Net Loss (Group Share) Of €73 Mln, Or €0.03/shr",RTT News,de399DJBp_HRq7MH09t6a4iNOfo4M
"GLOBAL MARKETS-US stocks rise, push Dow to record; euro slips on ECB view",Reuters,dibPrncWSnfQ6yMpAIzIKB9Std9CM
"GLOBAL MARKETS-Dollar gains on ECB stimulus talk, stocks decline",Reuters,dibPrncWSnfQ6yMpAIzIKB9Std9CM
FOREX-Draghi's warnings deflate euro but dollar's rise seen limited,Reuters,dibPrncWSnfQ6yMpAIzIKB9Std9CM
"US STOCKS-Wall St near flat; Apple off, but momentum shares rebound",Reuters,dibPrncWSnfQ6yMpAIzIKB9Std9CM
Dollar Snapping Back Versus Euro As ECB Stimulus Seen Likely,RTT News,dibPrncWSnfQ6yMpAIzIKB9Std9CM
"Prospects of ECB easing drive Spain, Italy yields to record lows",Reuters,dibPrncWSnfQ6yMpAIzIKB9Std9CM
FOREX-Draghi's warnings deflate euro but dollar's rise seen as limited,Reuters,dibPrncWSnfQ6yMpAIzIKB9Std9CM
Euro drops through $1.38 to one-month low,MarketWatch,dibPrncWSnfQ6yMpAIzIKB9Std9CM
FOREX-Euro slips further but little faith in dollar rally,Reuters,dibPrncWSnfQ6yMpAIzIKB9Std9CM
"Euro Slips On German Trade Data, Draghi's Comments",RTT News,dibPrncWSnfQ6yMpAIzIKB9Std9CM
Euro Weakens After German Trade Data,RTT News,dibPrncWSnfQ6yMpAIzIKB9Std9CM
FOREX-Euro steadies after slumping on dovish Draghi comments,Reuters,dibPrncWSnfQ6yMpAIzIKB9Std9CM
FOREX-Dollar gains against euro as Draghi hints at action,Reuters,dibPrncWSnfQ6yMpAIzIKB9Std9CM
ECB's Draghi says critics should not threaten bank's independence,Reuters,dibPrncWSnfQ6yMpAIzIKB9Std9CM
Pinnacle Foods Inc. (PF) Has Leaped To A New High On Merger News,RTT News,dBaoKOqq_VPXxWMRnKUudrInTKVsM
UPDATE 1-Hillshire to buy Pinnacle Foods in $6.6 bln deal,Reuters,dBaoKOqq_VPXxWMRnKUudrInTKVsM
"Hillshire, Pinnacle rise on deal; Gogo up on earnings",MarketWatch,dBaoKOqq_VPXxWMRnKUudrInTKVsM
"Hillshire Brands Agrees To Buy Pinnacle Foods In $6.6 Bln Cash, Stock Deal",RTT News,dBaoKOqq_VPXxWMRnKUudrInTKVsM
Hillshire Brands To Buy Pinnacle Foods For $6.6 Bln - Quick Facts,RTT News,dBaoKOqq_VPXxWMRnKUudrInTKVsM
UPDATE 2-BSkyB in talks to unite Murdoch's pay-TV businesses in Europe,Reuters,dysDyHADszIP0MMy5xERBEYEq-M7M
European stocks gain as miners upgraded; BSkyB declines,MarketWatch,dysDyHADszIP0MMy5xERBEYEq-M7M
"Rio Tinto rises in U.K. trade, but BSkyB falls",MarketWatch,dysDyHADszIP0MMy5xERBEYEq-M7M
BSkyB looks to buy pay-TV units from 21st Century Fox,MarketWatch,dysDyHADszIP0MMy5xERBEYEq-M7M
"European stocks gain as Rio Tinto, miners are upgraded",MarketWatch,dysDyHADszIP0MMy5xERBEYEq-M7M
European stocks gain; Sky Deutschland soars on deal talk,MarketWatch,dysDyHADszIP0MMy5xERBEYEq-M7M
"BSkyB working to buy control of Sky Deutschland, Sky Italia from Fox: Bloomberg",RTT News,dysDyHADszIP0MMy5xERBEYEq-M7M
UPDATE 2-Elizabeth Arden to explore strategic options as sales plunge,Reuters,dkZP9QS5ffbw_sM0xqxl09LoOyNqM
Elizabeth Arden Stock Plummets 16% As Loss Widens,RTT News,dkZP9QS5ffbw_sM0xqxl09LoOyNqM
Elizabeth Arden Q3 Loss Widens - Quick Facts,RTT News,dkZP9QS5ffbw_sM0xqxl09LoOyNqM
Elizabeth Arden Inc. (RDEN) Is Sinking After Q3 Loss,RTT News,dkZP9QS5ffbw_sM0xqxl09LoOyNqM
Elizabeth Arden shares slump 16% as loss widens,MarketWatch,dkZP9QS5ffbw_sM0xqxl09LoOyNqM
Elizabeth Arden shares slump 30% as loss widens,MarketWatch,dkZP9QS5ffbw_sM0xqxl09LoOyNqM
UPDATE 2-China c.bank tells banks to quicken mortgage lending-sources,Reuters,d--wbowLE_mEcaMG2HSlJBQmHDBVM
China loans slow in April,MarketWatch,d--wbowLE_mEcaMG2HSlJBQmHDBVM
China's New Lending Remains Below Expectations,RTT News,d--wbowLE_mEcaMG2HSlJBQmHDBVM
"China April bank lending disappoints, money growth picks up",Reuters,d--wbowLE_mEcaMG2HSlJBQmHDBVM
China April new bank lending 774.7 bln yuan,Reuters,d--wbowLE_mEcaMG2HSlJBQmHDBVM
Chinese Yuan At 4-day Low Against U.S. Dollar,RTT News,d--wbowLE_mEcaMG2HSlJBQmHDBVM
China April fiscal revenues up 9.2 percent year-on-year,Reuters,d--wbowLE_mEcaMG2HSlJBQmHDBVM
China April fiscal revenues up 9.2 pct yr/yr,Reuters,d--wbowLE_mEcaMG2HSlJBQmHDBVM
"US STOCKS-Dow, S&P 500 end at record highs; DirecTV up late",Reuters,dN2LOb5utlNL28Mq0G0OTXMBqQskM
"US STOCKS-Dow, S&P 500 end at record highs; Internet names jump",Reuters,dN2LOb5utlNL28Mq0G0OTXMBqQskM
"US STOCKS SNAPSHOT-Dow, S&P 500 close at record highs",Reuters,dN2LOb5utlNL28Mq0G0OTXMBqQskM
Rally Lifts Dow And S&P 500 To Record Closing Highs - U.S. Commentary,RTT News,dN2LOb5utlNL28Mq0G0OTXMBqQskM
US STOCKS-Dow hits record; Internet names advance,Reuters,dN2LOb5utlNL28Mq0G0OTXMBqQskM
US STOCKS-Wall St advances in broad rally; S&P 500 near record,Reuters,dN2LOb5utlNL28Mq0G0OTXMBqQskM
"European Stocks Hit Fresh Highs, Miners Boosted By Upgrade",RTT News,dN2LOb5utlNL28Mq0G0OTXMBqQskM
"Stock market live blog: Small stocks rally; Dow, S&P 500 hit records",MarketWatch,dN2LOb5utlNL28Mq0G0OTXMBqQskM
"Stocks Move Mostly Higher, Lifting Dow To Record Intraday High - US  ...",RTT News,dN2LOb5utlNL28Mq0G0OTXMBqQskM
"Stock market live blog: Small stocks rally; Dow, S&P 500 hit records",MarketWatch,dN2LOb5utlNL28Mq0G0OTXMBqQskM
"US STOCKS-Futures point to higher open, S&P 500 near record",Reuters,dN2LOb5utlNL28Mq0G0OTXMBqQskM
Allergan formally rejects Valeant's $46 bln bid,MarketWatch,dzvg47oBo7aKbXMhmEXX3NvBP_mLM
UPDATE 1-Ackman asks for Allergan's stockholder list,Reuters,dzvg47oBo7aKbXMhmEXX3NvBP_mLM
Allergan Plans To Reject Valeant's C$46 Bln Offer : Report,RTT News,dzvg47oBo7aKbXMhmEXX3NvBP_mLM
Samsung Elec jumps over 4 pct on restructuring speculation,Reuters,drHTMFoUgnyp66Mcr8SPQgVX_Q34M
"S.Korean stocks rise for 3rd day on Samsung Elec rally, won flat",Reuters,drHTMFoUgnyp66Mcr8SPQgVX_Q34M
Samsung Chairman Lee Kun-Hee Hospitalised After Cardiac Arrest,RTT News,drHTMFoUgnyp66Mcr8SPQgVX_Q34M
Samsung Chairman Lee Kun-hee hospitalized,MarketWatch,drHTMFoUgnyp66Mcr8SPQgVX_Q34M
Fitch: Proposed Net Neutrality Rule Puts Cable/Telecom on Hold,MarketWatch,duoyAwRXp-a3WiM9AJda6uF0yzRQM
UPDATE 4-Darden books $2.1 bln price for Red Lobster seafood chain,Reuters,duoyAwRXp-a3WiM9AJda6uF0yzRQM
Darden Restaurants Inc. (DRI) Weakened Following Sale Of Red Lobster,RTT News,duoyAwRXp-a3WiM9AJda6uF0yzRQM
Darden to sell Red Lobster seafood chain for $2.1 bln,Reuters,duoyAwRXp-a3WiM9AJda6uF0yzRQM
Wal-Mart Stores Inc. (WMT) Dropped To A 1-Month Low After Q1 Miss,RTT News,dmRpYEWXwL9-LpM-nDxSTdZU2RvhM
Volatility knocks,MarketWatch,dmRpYEWXwL9-LpM-nDxSTdZU2RvhM
"UPDATE 3-Wal-Mart sales growth weakest in 5 years, outlook disappoints",Reuters,dmRpYEWXwL9-LpM-nDxSTdZU2RvhM
Wal-Mart Stores Inc. (WMT) Is Down Sharply After Disappointing Q1 Report,RTT News,dmRpYEWXwL9-LpM-nDxSTdZU2RvhM
Stocks May Extend Yesterday's Pullback In Early Trading - US Commentary,RTT News,dmRpYEWXwL9-LpM-nDxSTdZU2RvhM
"Wal-Mart Profit Chilled By Brutal Winter, Outlook Weak",RTT News,dmRpYEWXwL9-LpM-nDxSTdZU2RvhM
Futures Pointing To Early Weakness On Wall Street,RTT News,dmRpYEWXwL9-LpM-nDxSTdZU2RvhM
Wal-Mart profit falls 5 pct as severe winter deters shoppers,Reuters,dmRpYEWXwL9-LpM-nDxSTdZU2RvhM
US STOCKS-Futures little changed ahead of data; Wal-Mart earnings disappoint,Reuters,dmRpYEWXwL9-LpM-nDxSTdZU2RvhM
Wal-Mart Q1 Profit Down - Quick Facts,RTT News,dmRpYEWXwL9-LpM-nDxSTdZU2RvhM
"Wal-Mart profit, sales fall short of estimates",MarketWatch,dmRpYEWXwL9-LpM-nDxSTdZU2RvhM
Wal-Mart's earnings say a lot about other companies,MarketWatch,dmRpYEWXwL9-LpM-nDxSTdZU2RvhM
AT&T- DirecTV deal may be announced Monday: Bloomberg,RTT News,dTkSuW4xTWuo2JMC1z_V5DueMscrM
AT&T nears DirecTV purchase in new jolt to TV landscape,Reuters,dTkSuW4xTWuo2JMC1z_V5DueMscrM
AT&T set to pay mid-$90s per share for DirecTV,MarketWatch,dTkSuW4xTWuo2JMC1z_V5DueMscrM
UPDATE 3-AT&T nears DirecTV purchase in new jolt to TV landscape,Reuters,dTkSuW4xTWuo2JMC1z_V5DueMscrM
J. C. Penney Co. (JCP) Is Up Sharply After Narrower Than Expected Q1 Loss,RTT News,ddjUIDjB840OthMTLYk20MpKZ8CWM
"J.C. Penney Loss Widens, But Stock Up 19% On Sales Growth - Update",RTT News,ddjUIDjB840OthMTLYk20MpKZ8CWM
"Penney's sales top expectations, shares jump",MarketWatch,ddjUIDjB840OthMTLYk20MpKZ8CWM
JC Penney Co. (JCP) Is Heading Higher After Narrower Q1 Loss,RTT News,ddjUIDjB840OthMTLYk20MpKZ8CWM
"JC Penney quarterly sales rise 6.3 pct, shares surge",Reuters,ddjUIDjB840OthMTLYk20MpKZ8CWM
JC Penney Posts Q1 Adj. Loss Of $1.16/shr; Comps. Up 6.2% - Quick Facts,RTT News,ddjUIDjB840OthMTLYk20MpKZ8CWM
"JC Penney earnings: margins, turnaround news key",MarketWatch,ddjUIDjB840OthMTLYk20MpKZ8CWM
"Apple, Google To Drop Lawsuits Against Each Other",RTT News,d_TPCK7BiHMWTPM5FlTIWSFjnBdDM
"UPDATE 2-Apple, Google settle smartphone patent litigation",Reuters,d_TPCK7BiHMWTPM5FlTIWSFjnBdDM
Apple and Google agree to dismiss all lawsuits,MarketWatch,d_TPCK7BiHMWTPM5FlTIWSFjnBdDM
"UPDATE 1-Apple, Google settle smartphone patent litigation",Reuters,d_TPCK7BiHMWTPM5FlTIWSFjnBdDM
UPDATE 2-US court refuses to revive Samsung patent case against Apple,Reuters,d_TPCK7BiHMWTPM5FlTIWSFjnBdDM
RPT-Fitch: Capital Increase to Aid Deutsche Bank's Manoeuvrability,Reuters,d00cInYMRHLlE8MjJH5RWuRePdmMM
"Factbox: Threat of fines, litigation stalks Deutsche Bank",Reuters,d00cInYMRHLlE8MjJH5RWuRePdmMM
UPDATE 4-Deutsche Bank to raise $11 bln with help from Qatar,Reuters,d00cInYMRHLlE8MjJH5RWuRePdmMM
Qatar pledged to take up rights in issue - Deutsche Bank CFO,Reuters,d00cInYMRHLlE8MjJH5RWuRePdmMM
Deutsche Bank says cap hike not demanded by regulators,Reuters,d00cInYMRHLlE8MjJH5RWuRePdmMM
Deutsche Bank plans to raise $11 billion in share sale,MarketWatch,d00cInYMRHLlE8MjJH5RWuRePdmMM
AstraZeneca weighs on Europe shares as it rejects Pfizer bid,Reuters,d00cInYMRHLlE8MjJH5RWuRePdmMM
Deutsche Bank investment banking revenues may shrink in Q2 - CFO,Reuters,d00cInYMRHLlE8MjJH5RWuRePdmMM
Deutsche Bank sets June 4 to price equity issue - slides,Reuters,d00cInYMRHLlE8MjJH5RWuRePdmMM
"Deutsche Bank Plans Capital Raise Of 8 Bln Euros, Reaffirms Strategy 2015+",RTT News,d00cInYMRHLlE8MjJH5RWuRePdmMM
UPDATE 4-Deutsche Bank enlists Qatar in $11 bln capital hike,Reuters,d00cInYMRHLlE8MjJH5RWuRePdmMM
Deutsche Bank to raise more than $10 billion,MarketWatch,d00cInYMRHLlE8MjJH5RWuRePdmMM
Asia stocks fall; Shanghai and Sydney lead retreat,MarketWatch,d77FOoidVTM_KCMtUPW86iPeYKyPM
Hong Kong H-shares down on weaker China financial sector,Reuters,d77FOoidVTM_KCMtUPW86iPeYKyPM
Shanghai shares end at 3-week low on new bank rules and weak data,Reuters,d77FOoidVTM_KCMtUPW86iPeYKyPM
China real-estate market cools further,MarketWatch,d77FOoidVTM_KCMtUPW86iPeYKyPM
China property market cools further,MarketWatch,d77FOoidVTM_KCMtUPW86iPeYKyPM
PRESS DIGEST - Hong Kong - May 19,Reuters,d77FOoidVTM_KCMtUPW86iPeYKyPM
Hong Kong Market May Take Further Damage On Monday,RTT News,d77FOoidVTM_KCMtUPW86iPeYKyPM
"European shares slip, Vodafone drops after results",Reuters,d5U_wamCIMERFaMINjAWXKgW9PJcM
UPDATE 2-Vodafone sees 2015 earnings hit by network investment,Reuters,d5U_wamCIMERFaMINjAWXKgW9PJcM
Vodafone sees 2015 earnings hit by network investment,Reuters,d5U_wamCIMERFaMINjAWXKgW9PJcM
"Vodafone FY14 Pre-tax Loss Widens, Warns Of Weak EBITDA In FY15; Stock Dips",RTT News,d5U_wamCIMERFaMINjAWXKgW9PJcM
Vodafone boosted by Verizon deal,MarketWatch,d5U_wamCIMERFaMINjAWXKgW9PJcM
"Vodafone FY Pre-tax Loss Widens, But Profit Surges On Disposal Of US Group",RTT News,d5U_wamCIMERFaMINjAWXKgW9PJcM
PRECIOUS-Platinum gains on supply worries; gold treads water below $1300,Reuters,dF5bW8bFaCOF4XMOT6PobLBIeklNM
"Gold Ends Higher On Demand Growth Concerns, Ukraine",RTT News,dF5bW8bFaCOF4XMOT6PobLBIeklNM
Demand data fail to give gold much of a boost,MarketWatch,dF5bW8bFaCOF4XMOT6PobLBIeklNM
Gold holds to tight range after demand data,MarketWatch,dF5bW8bFaCOF4XMOT6PobLBIeklNM
Gold Stuck Below $1300 As Stocks Waver,RTT News,dF5bW8bFaCOF4XMOT6PobLBIeklNM
PRECIOUS-Platinum firm on South African strikes; gold eases below $1300,Reuters,dF5bW8bFaCOF4XMOT6PobLBIeklNM
PRECIOUS-Platinum extends gains on South African strikes; gold firm,Reuters,dF5bW8bFaCOF4XMOT6PobLBIeklNM
Gold settles with a gain after two session decline,MarketWatch,dF5bW8bFaCOF4XMOT6PobLBIeklNM
Gold Inches Back Above $1300 As Stocks Wobble,RTT News,dF5bW8bFaCOF4XMOT6PobLBIeklNM
PRECIOUS-Gold slips on economic optimism; platinum adds to gains,Reuters,dF5bW8bFaCOF4XMOT6PobLBIeklNM
Home Depot says May sales 'robust' on post-winter demand,Reuters,d8HxQRr1Yqou3aMiE3mut7cla4lBM
"UPDATE 3-Home Depot says May sales ""robust"" on post-winter demand",Reuters,d8HxQRr1Yqou3aMiE3mut7cla4lBM
CORRECTED-UPDATE 2-Slow start to spring selling season hurts Home Depot  ...,Reuters,d8HxQRr1Yqou3aMiE3mut7cla4lBM
US stock futures waver; Home Depot results miss mark,MarketWatch,d8HxQRr1Yqou3aMiE3mut7cla4lBM
"Home Depot profit, sales fall short of estimates",MarketWatch,d8HxQRr1Yqou3aMiE3mut7cla4lBM
"Home Depot Q1 Profit Climbs On Higher Comps, Lifts Earnings Forecast",RTT News,d8HxQRr1Yqou3aMiE3mut7cla4lBM
Home Depot Q1 Profit Climbs; Lifts FY14 EPS View - Quick Facts,RTT News,d8HxQRr1Yqou3aMiE3mut7cla4lBM
"Home Depot profit grows, but misses views",MarketWatch,d8HxQRr1Yqou3aMiE3mut7cla4lBM
Home Depot's first-quarter sales rise 2.9 pct,Reuters,d8HxQRr1Yqou3aMiE3mut7cla4lBM
"US stock futures slip ahead of Home Depot, Staples",MarketWatch,d8HxQRr1Yqou3aMiE3mut7cla4lBM
"Home Depot, Staples, Salesforce.com are stocks to watch",MarketWatch,d8HxQRr1Yqou3aMiE3mut7cla4lBM
"For Home Depot's earnings — well, it's complicated",MarketWatch,d8HxQRr1Yqou3aMiE3mut7cla4lBM
Salesforce.com Results Tops View; Lifts FY15 Outlook,RTT News,dhgkU8LXSWyd8jMS4dAvrp6mjMr8M
"Salesforce.com Q1 Adj. Profit Tops View; Lifts FY15 Adj. EPS, Revenue Outlook",RTT News,dhgkU8LXSWyd8jMS4dAvrp6mjMr8M
UPDATE 1-Salesforce.com raises forecast after revenue beats Street,Reuters,dhgkU8LXSWyd8jMS4dAvrp6mjMr8M
Salesforce.com Inc. (CRM) Is Rising After Q1 Earnings Beat Expectations,RTT News,dhgkU8LXSWyd8jMS4dAvrp6mjMr8M
Salesforce.com loss widens but outlook lifts stock,MarketWatch,dhgkU8LXSWyd8jMS4dAvrp6mjMr8M
"Salesforce rallies, but Intuit tumbles",MarketWatch,dhgkU8LXSWyd8jMS4dAvrp6mjMr8M
"WRAPUP 1-Fed's Dudley sees ""relatively slow"" rate hike cycle",Reuters,dwMKM5kPWrIOj8Ml2CSOKwz46dKTM
"Dow ends at lowest level in 3 weeks as Plosser, retailers weigh: stock market  ...",MarketWatch,dwMKM5kPWrIOj8Ml2CSOKwz46dKTM
Treasuries Close Moderately Higher Amid Pullback By Stocks,RTT News,dwMKM5kPWrIOj8Ml2CSOKwz46dKTM
Fed's Dudley signals support for reverse repo tool,Reuters,dwMKM5kPWrIOj8Ml2CSOKwz46dKTM
Fed's Plosser: Massive bank reserves could trigger inflation,Reuters,dwMKM5kPWrIOj8Ml2CSOKwz46dKTM
Fed's Plosser says 'uncertainty' slowing US recovery,Reuters,dwMKM5kPWrIOj8Ml2CSOKwz46dKTM
"Treasurys rise on Dudley comments, positioning",MarketWatch,dwMKM5kPWrIOj8Ml2CSOKwz46dKTM
"UPDATE 1-NY Fed's Dudley says inflation drifting up, economic growth lagging",Reuters,dwMKM5kPWrIOj8Ml2CSOKwz46dKTM
Fed's Dudley says pace of rate hikes to be 'slow',MarketWatch,dwMKM5kPWrIOj8Ml2CSOKwz46dKTM
Fed's Dudley: Rate hike pace 'will be relatively slow',MarketWatch,dwMKM5kPWrIOj8Ml2CSOKwz46dKTM
Fed's Plosser: Rates may need to rise earlier if growth picks up,MarketWatch,dwMKM5kPWrIOj8Ml2CSOKwz46dKTM
Treasurys edge up ahead of Fed speakers,MarketWatch,dwMKM5kPWrIOj8Ml2CSOKwz46dKTM
Low interest rates have few fans,MarketWatch,dwMKM5kPWrIOj8Ml2CSOKwz46dKTM
UPDATE 2-Tiffany raises forecast as new jewelry collections sparkle,Reuters,dwrKVe5CgTeKKCMrlSpYM4vMh37hM
Tiffany & Co. (TIF) Has Surged To A New High After Strong Q1 Profit,RTT News,dwrKVe5CgTeKKCMrlSpYM4vMh37hM
UPDATE 1-Tiffany raises forecast as lower-priced jewelry woos US customers,Reuters,dwrKVe5CgTeKKCMrlSpYM4vMh37hM
"Tiffany Q1 Profit Surges, Ups Full Year EPS View",RTT News,dwrKVe5CgTeKKCMrlSpYM4vMh37hM
Tiffany Q1 Profit Climbs On Higher Sales & Margins; Boosts FY EPS View,RTT News,dwrKVe5CgTeKKCMrlSpYM4vMh37hM
Tiffany profit surges as sales grow in all regions,MarketWatch,dwrKVe5CgTeKKCMrlSpYM4vMh37hM
Urban Outfitters Inc. (URBN) Sank To A New Low After Weak Q1 Report,RTT News,dgobBUztGHilmOM4ih0S-SJgdvzsM
Staples sinks on earnings; GM slides on more recalls,MarketWatch,dgobBUztGHilmOM4ih0S-SJgdvzsM
Urban Outfitters Inc. (URBN) Is Testing The Lows After Weak Q1 Report,RTT News,dgobBUztGHilmOM4ih0S-SJgdvzsM
UPDATE 2-Urban Outfitters' profit lags Street as costs rise,Reuters,dgobBUztGHilmOM4ih0S-SJgdvzsM
Urban Outfitters Profit Falls 20%,RTT News,dgobBUztGHilmOM4ih0S-SJgdvzsM
Urban Outfitters Q1 Profit Misses Estimate,RTT News,dgobBUztGHilmOM4ih0S-SJgdvzsM
Urban Outfitters Inc. (URBN) Is Pulling Back After Q1 Miss,RTT News,dgobBUztGHilmOM4ih0S-SJgdvzsM
Urban Outfitters' profit falls 20 percent,Reuters,dgobBUztGHilmOM4ih0S-SJgdvzsM
Urban Outfitters shares fall on earnings miss,MarketWatch,dgobBUztGHilmOM4ih0S-SJgdvzsM
Urban Outfitters profit down 20% as costs rise,MarketWatch,dgobBUztGHilmOM4ih0S-SJgdvzsM
JPMorgan Chase pledges $100 mln to aid Detroit recovery,Reuters,dWOIBeWm__enNTMBBMybO_yJq__oM
Some J.P. Morgan shareholders aren't fools,MarketWatch,dWOIBeWm__enNTMBBMybO_yJq__oM
WSJ: JPMorgan CEO Dimon Intends To Stay With Bank,RTT News,dWOIBeWm__enNTMBBMybO_yJq__oM
UPDATE 1-Target shows signs of turnaround as sales fall less than expected,Reuters,dtkDCRCL4dqsg1MJ87BpNPiNa4ApM
Target Q1 Results Mixed In Wake Of Massive Data Breach,RTT News,dtkDCRCL4dqsg1MJ87BpNPiNa4ApM
Target Q1 Adj. EPS Misses View; Cuts FY Adj. EPS View - Quick Facts,RTT News,dtkDCRCL4dqsg1MJ87BpNPiNa4ApM
Target earnings drop 16% as data breach takes toll,MarketWatch,dtkDCRCL4dqsg1MJ87BpNPiNa4ApM
Target earnings fall 16% as fewer shoppers visit,MarketWatch,dtkDCRCL4dqsg1MJ87BpNPiNa4ApM
Target names new head of troubled Canadian operations,Reuters,dtkDCRCL4dqsg1MJ87BpNPiNa4ApM
Target Announces U.S. and Canada Leadership Changes to Drive Company's  ...,MarketWatch,dtkDCRCL4dqsg1MJ87BpNPiNa4ApM
"FOREX-Yen at 3-1/2 mth high on BOJ Kuroda's optimism, sterling shines",Reuters,dw51LrENjurxxbMmPZWWFfB10FOrM
"WRAPUP 3-BOJ offers brighter view on economy, dashes near-term policy  ...",Reuters,dw51LrENjurxxbMmPZWWFfB10FOrM
"BOJ offers brighter view on economy, dashes near-term policy easing hopes",Reuters,dw51LrENjurxxbMmPZWWFfB10FOrM
Yen Extends Rise After Kuroda's Comments,RTT News,dw51LrENjurxxbMmPZWWFfB10FOrM
REUTERS INSIDER LIVE-Watch BOJ governor's press conference (Japanese  ...,Reuters,dw51LrENjurxxbMmPZWWFfB10FOrM
HIGHLIGHTS-BOJ Governor Kuroda comments at news conference,Reuters,dw51LrENjurxxbMmPZWWFfB10FOrM
"GLOBAL MARKETS-Wall Street gloom stifles Asian shares, dollar dips",Reuters,dw51LrENjurxxbMmPZWWFfB10FOrM
Yen Higher As BoJ Holds Monetary Easing Program Unchanged,RTT News,dw51LrENjurxxbMmPZWWFfB10FOrM
BoJ Keeps Policy Unchanged; Lifts Capital Spending Outlook,RTT News,dw51LrENjurxxbMmPZWWFfB10FOrM
"Bank of Japan stands pat on policy, ups capex view",MarketWatch,dw51LrENjurxxbMmPZWWFfB10FOrM
Yen Rises After BOJ Keeps Monetary Policy Unchanged,RTT News,dw51LrENjurxxbMmPZWWFfB10FOrM
Bank of Japan Maintains Monetary Policy Unchanged,RTT News,dw51LrENjurxxbMmPZWWFfB10FOrM
"RPT-BOJ offers brighter view on capex, policy steady",Reuters,dw51LrENjurxxbMmPZWWFfB10FOrM
"FOREX-Wounded dollar eyes BOJ, Aussie slides to 2-week low",Reuters,dw51LrENjurxxbMmPZWWFfB10FOrM
Nikkei falls as BOJ awaited; construction equipment makers hit by Caterpillar,Reuters,dw51LrENjurxxbMmPZWWFfB10FOrM
"BOJ may offer brighter view on capex, policy on hold",Reuters,dw51LrENjurxxbMmPZWWFfB10FOrM
Japan Rate Decision On Tap For Wednesday,RTT News,dw51LrENjurxxbMmPZWWFfB10FOrM
"FOREX-Aussie slides against dollar, eyes on ECB speakers",Reuters,dw51LrENjurxxbMmPZWWFfB10FOrM
"GLOBAL MARKETS-Asian shares edge down, dollar struggles",Reuters,dw51LrENjurxxbMmPZWWFfB10FOrM
Yen Declines Against Majors,RTT News,dw51LrENjurxxbMmPZWWFfB10FOrM
"FOREX-BOJ's stance, falling global debt yields support yen",Reuters,dw51LrENjurxxbMmPZWWFfB10FOrM
Yen Slides Against Majors,RTT News,dw51LrENjurxxbMmPZWWFfB10FOrM
"FOREX-Yen buoyed by BOJ's stance, falling global yields",Reuters,dw51LrENjurxxbMmPZWWFfB10FOrM
CORRECTED-UPDATE 3-EBay says client information stolen in hacking attack,Reuters,dOgKaE8Yc13Gx_MIqdQO0yShye5qM
EBay asks users to change passwords after hack attack,MarketWatch,dOgKaE8Yc13Gx_MIqdQO0yShye5qM
EBay To Ask Users To Change Passwords After Cyberattack,RTT News,dOgKaE8Yc13Gx_MIqdQO0yShye5qM
Eurozone Private Sector Maintains Growth Momentum,RTT News,dtPhHPddwVSZxEMKNp9zEp0kqCNQM
German Private Sector Expands Strongly In May,RTT News,dtPhHPddwVSZxEMKNp9zEp0kqCNQM
Euro Declines After French PMI,RTT News,dtPhHPddwVSZxEMKNp9zEp0kqCNQM
Euro-zone business activity slows in May,MarketWatch,dtPhHPddwVSZxEMKNp9zEp0kqCNQM
German business activity holds steady in May: Markit,MarketWatch,dtPhHPddwVSZxEMKNp9zEp0kqCNQM
Euro Falls Further Following German PMI,RTT News,dtPhHPddwVSZxEMKNp9zEp0kqCNQM
European Economics Preview: Eurozone Flash PMI Survey Data Due,RTT News,dtPhHPddwVSZxEMKNp9zEp0kqCNQM
French Private Sector Slips Into Contraction In May,RTT News,dtPhHPddwVSZxEMKNp9zEp0kqCNQM
Japan Manufacturing PMI Rises To 49.9 In May - Markit,RTT News,dtPhHPddwVSZxEMKNp9zEp0kqCNQM
Japan Manufacturing PMI 49.9 In May - Markit,RTT News,dtPhHPddwVSZxEMKNp9zEp0kqCNQM
PRECIOUS-Gold inches down as fund outflows gather pace,Reuters,dtPhHPddwVSZxEMKNp9zEp0kqCNQM
China manufacturing data blows past forecasts,MarketWatch,dhZ_KtMiHhG0DQMISnJ-wO1Ebz6WM
HSBC China manufacturing PMI rises,MarketWatch,dhZ_KtMiHhG0DQMISnJ-wO1Ebz6WM
"GLOBAL ECONOMY-China, Japan factory output improves, but still contracting",Reuters,dhZ_KtMiHhG0DQMISnJ-wO1Ebz6WM
China Manufacturing PMI Jumps To 49.7 - HSBC,RTT News,dhZ_KtMiHhG0DQMISnJ-wO1Ebz6WM
China May Manufacturing PMI 49.7 - HSBC,RTT News,dhZ_KtMiHhG0DQMISnJ-wO1Ebz6WM
"UPDATE 1-China HSBC flash PMI at five-month high of 49.7, orders rebound but  ...",Reuters,dhZ_KtMiHhG0DQMISnJ-wO1Ebz6WM
UPDATE 4-HP may cut up to 16000 more jobs as results disappoint,Reuters,dDNMBBtcy9cUvoMBnYTq2NHbe0b9M
"HP reports higher profit, will slash more jobs",MarketWatch,dDNMBBtcy9cUvoMBnYTq2NHbe0b9M
HP Profit Meets Estimate; Revenue Misses; To Cut Up To 16K More Jobs,RTT News,dDNMBBtcy9cUvoMBnYTq2NHbe0b9M
UPDATE 3-HP may cut up to 16000 more jobs as results disappoint,Reuters,dDNMBBtcy9cUvoMBnYTq2NHbe0b9M
GameStop Q1 Profit Rises - Update,RTT News,d9wr3dCvr3Vb2QMfRACR7GNfEuyEM
"UPDATE 2-GameStop revenue rises as demand for new consoles, mobile grows",Reuters,d9wr3dCvr3Vb2QMfRACR7GNfEuyEM
GameStop revenue rises 7 pct due to new console demand,Reuters,d9wr3dCvr3Vb2QMfRACR7GNfEuyEM
GameStop Q1 Profit Tops Estimate,RTT News,d9wr3dCvr3Vb2QMfRACR7GNfEuyEM
GameStop first-quarter profit rises 25%,MarketWatch,d9wr3dCvr3Vb2QMfRACR7GNfEuyEM
"With Hess deal, Marathon fuel traders gain big East Coast foothold",Reuters,dr9-nhl7NdG4ieM1-XXB0W177eqYM
"With Hess deal, Marathon fuel traders gain big E.Coast foothold",Reuters,dr9-nhl7NdG4ieM1-XXB0W177eqYM
UPDATE 3-Marathon Petroleum to buy Hess's retail business for $2.87 bln,Reuters,dr9-nhl7NdG4ieM1-XXB0W177eqYM
United Natural Foods To Buy Tony's Fine Foods For $195.3 Mln,RTT News,dr9-nhl7NdG4ieM1-XXB0W177eqYM
Marathon to buy Hess retail arm for $2.6 billion,MarketWatch,dr9-nhl7NdG4ieM1-XXB0W177eqYM
Hess To Sell Retail Business To Marathon Petroleum For $2.6 Bln cash,RTT News,dr9-nhl7NdG4ieM1-XXB0W177eqYM
UPDATE 3-Barclays slapped with $44 mln fine over gold price fix,Reuters,dFQQ1tx-05l7Z2Mi4lmD2qRdUDy1M
Barclays Fined GBP26 Mln For Gold Price Fixing,RTT News,dFQQ1tx-05l7Z2Mi4lmD2qRdUDy1M
"Barclays shares rise, bucking losses on FTSE 100",MarketWatch,dFQQ1tx-05l7Z2Mi4lmD2qRdUDy1M
"FOREX-Euro falls to 3-month low on German data, EU election uncertainty",Reuters,dbkKKGvmco5W-0MBu5Xnw9dtIrqJM
European stocks wobble; German Ifo data disappoint,MarketWatch,dbkKKGvmco5W-0MBu5Xnw9dtIrqJM
German May Business Confidence Weakens; Domestic Spending Boosts Q1  ...,RTT News,dbkKKGvmco5W-0MBu5Xnw9dtIrqJM
UPDATE 2-German economy to slow after strongest quarter in 3 yrs in Q1,Reuters,dbkKKGvmco5W-0MBu5Xnw9dtIrqJM
German Ifo index disappoints with fall in May,MarketWatch,dbkKKGvmco5W-0MBu5Xnw9dtIrqJM
European stocks wobble; German Ifo data disappoints,MarketWatch,dbkKKGvmco5W-0MBu5Xnw9dtIrqJM
Euro Down Against Most Majors After German Ifo Survey,RTT News,dbkKKGvmco5W-0MBu5Xnw9dtIrqJM
German Business Confidence Weakens In May,RTT News,dbkKKGvmco5W-0MBu5Xnw9dtIrqJM
German GDP Growth Accelerates As Estimated,RTT News,dbkKKGvmco5W-0MBu5Xnw9dtIrqJM
Investment and consumers drive German Q1 growth to 3-yr high,Reuters,dbkKKGvmco5W-0MBu5Xnw9dtIrqJM
German GDP growth confirmed for first quarter,MarketWatch,dbkKKGvmco5W-0MBu5Xnw9dtIrqJM
Italy and Spain underperform as European equities edge up,Reuters,dbkKKGvmco5W-0MBu5Xnw9dtIrqJM
"S&P 500 ends at record on housing, HP; transports fly",Reuters,deZNJZ6HJbHr9xMJclJdFBMFF8oLM
"US STOCKS-S&P 500 ends at record on housing, HP; transports fly",Reuters,deZNJZ6HJbHr9xMJclJdFBMFF8oLM
S&P 500 Closes Above 1900 For The First Time Ever,RTT News,deZNJZ6HJbHr9xMJclJdFBMFF8oLM
"US STOCKS SNAPSHOT-S&P 500 ends at record high; housing, HP help",Reuters,deZNJZ6HJbHr9xMJclJdFBMFF8oLM
S&P 500 Sets Record Close Above 1900 As Stocks Extend Uptrend - US  ...,RTT News,deZNJZ6HJbHr9xMJclJdFBMFF8oLM
US stocks rise; S&P 500 hits 1900,MarketWatch,deZNJZ6HJbHr9xMJclJdFBMFF8oLM
US STOCKS-S&P 500 on path to new closing high; homebuilders lead,Reuters,deZNJZ6HJbHr9xMJclJdFBMFF8oLM
S&P 500 Climbs Back Toward 1900 Amid Light Trading,RTT News,deZNJZ6HJbHr9xMJclJdFBMFF8oLM
US stocks edge higher; S&P nears record level,MarketWatch,deZNJZ6HJbHr9xMJclJdFBMFF8oLM
US STOCKS-Wall St to open flat ahead of new home sales data,Reuters,deZNJZ6HJbHr9xMJclJdFBMFF8oLM
US STOCKS-Futures edge higher; new home sales data on tap,Reuters,deZNJZ6HJbHr9xMJclJdFBMFF8oLM
UPDATE 1-BOJ's Iwata signals chance of tapering if economy overheats,Reuters,dTkQjl4yJ88sSEM39RITqLZ2QnsyM
BoJ Minutes: Members Split On Risk To Inflation,RTT News,dTkQjl4yJ88sSEM39RITqLZ2QnsyM
Bank of Japan chief signals impatience with Abe government,MarketWatch,dTkQjl4yJ88sSEM39RITqLZ2QnsyM
"WRAPUP 3-US factory, confidence data boost growth prospects",Reuters,daWumDJV9phP8iMz1GMnv8BUxnvVM
April durable-goods orders get military boost,MarketWatch,daWumDJV9phP8iMz1GMnv8BUxnvVM
"Major Averages Moving To The Upside, S&P 500 Reaches New Record High",RTT News,daWumDJV9phP8iMz1GMnv8BUxnvVM
TABLE-US April durable goods orders rise 0.8 pct,Reuters,daWumDJV9phP8iMz1GMnv8BUxnvVM
US Durable Goods Orders Unexpectedly Show Continued Growth In April,RTT News,daWumDJV9phP8iMz1GMnv8BUxnvVM
US Durable Goods Orders Unexpectedly Increase In April,RTT News,daWumDJV9phP8iMz1GMnv8BUxnvVM
Stocks May See Early Strength On Upbeat Data - US Commentary,RTT News,daWumDJV9phP8iMz1GMnv8BUxnvVM
Futures Pointing To Continued Strength On Wall Street,RTT News,daWumDJV9phP8iMz1GMnv8BUxnvVM
April durable-goods orders up 0.8% on military bookings,MarketWatch,daWumDJV9phP8iMz1GMnv8BUxnvVM
Draghi says ECB aware of risks from low inflation,MarketWatch,dD6fl5O0v4jfl2MySumxMHz7thARM
European Stocks Climb On Stimulus Hopes,RTT News,dD6fl5O0v4jfl2MySumxMHz7thARM
ECB goes on 300 million euro spending spree for bank watchdog,Reuters,dD6fl5O0v4jfl2MySumxMHz7thARM
"US STOCKS-S&P 500 at fresh record, small caps continue to bounce",Reuters,dD6fl5O0v4jfl2MySumxMHz7thARM
GLOBAL MARKETS-World shares hover near record high,Reuters,dD6fl5O0v4jfl2MySumxMHz7thARM
Economics and politics align for ECB: James Saft,Reuters,dD6fl5O0v4jfl2MySumxMHz7thARM
European Stocks Mixed At Midday,RTT News,dD6fl5O0v4jfl2MySumxMHz7thARM
"Euro zone inflation seen well below 2 pct in 2014, 15 -Nowotny",Reuters,dD6fl5O0v4jfl2MySumxMHz7thARM
European Stocks Seen Opening Mixed Ahead Of US Data,RTT News,dD6fl5O0v4jfl2MySumxMHz7thARM
FOREX-Euro drifts off low but US holiday saps momentum,Reuters,dD6fl5O0v4jfl2MySumxMHz7thARM
Europe stocks rise; Italian banks soar after elections,MarketWatch,dD6fl5O0v4jfl2MySumxMHz7thARM
UPDATE 4-Pilgrim's bid for Hillshire puts Pinnacle deal in peril,Reuters,dtV5TTt-kMfAIxMPRonHOPCh1Z-EM
"US STOCKS-S&P 500 hits record on mergers, small-cap rebound",Reuters,dtV5TTt-kMfAIxMPRonHOPCh1Z-EM
UPDATE 3-Pilgrim's bid for Hillshire puts Pinnacle deal in peril,Reuters,dtV5TTt-kMfAIxMPRonHOPCh1Z-EM
Brazilian family behind bid for Hillshire Brands,MarketWatch,dtV5TTt-kMfAIxMPRonHOPCh1Z-EM
SHAREHOLDER ALERT:Maryland-Based Law Firm Brower Piven Announces  ...,MarketWatch,dtV5TTt-kMfAIxMPRonHOPCh1Z-EM
CORRECTED-UPDATE 1-Pilgrim's Pride offers to buy Hillshire in $6.4 bln deal,Reuters,dtV5TTt-kMfAIxMPRonHOPCh1Z-EM
Hillshire Brands To Review Pilgrim's Pride's $6.4 Bln Proposal - Quick Facts,RTT News,dtV5TTt-kMfAIxMPRonHOPCh1Z-EM
Hillshire surges on Pilgrim's Pride merger offer,MarketWatch,dtV5TTt-kMfAIxMPRonHOPCh1Z-EM
Pilgrim's Pride Offers To Buy Hillshire Brands In $6.4 Bln Deal,RTT News,dtV5TTt-kMfAIxMPRonHOPCh1Z-EM
Valeant boosts cash part of Allergan bid by $10 a share,MarketWatch,dfvPW3eIoWDEStM5cgQTfp12dTWpM
"UPDATE 1-Valeant raises bid for Allergan, values Botox-maker at $49.44 bln",Reuters,dfvPW3eIoWDEStM5cgQTfp12dTWpM
Valeant increases bid for Botox-maker Allergan,Reuters,dfvPW3eIoWDEStM5cgQTfp12dTWpM
Valeant Raises Offer For Allergan - Quick Facts,RTT News,dfvPW3eIoWDEStM5cgQTfp12dTWpM
UPDATE 1-Allergan makes case against Valeant takeover ahead of higher bid,Reuters,dfvPW3eIoWDEStM5cgQTfp12dTWpM
"Allergan Censures Valeant's Business Model, Acquisition Strategy",RTT News,dfvPW3eIoWDEStM5cgQTfp12dTWpM
Allergan says Valeant's offer overstated tax and R&D savings,Reuters,dfvPW3eIoWDEStM5cgQTfp12dTWpM
Allergan Details Initial Concerns About Sustainability Of Valeant Model,RTT News,dfvPW3eIoWDEStM5cgQTfp12dTWpM
Treasurys mostly rise after lackluster auction,MarketWatch,dqt8zAdiCLalsdM0iWJ3h4tcyo2fM
TREASURIES-Long-end prices rise for a 2nd day on month-end support,Reuters,dqt8zAdiCLalsdM0iWJ3h4tcyo2fM
Treasury Auctions $31 Billion Worth Of Two-Year Notes,RTT News,dqt8zAdiCLalsdM0iWJ3h4tcyo2fM
TREASURIES OUTLOOK-Yields slump; 10-year slides to near 11-month low,Reuters,dzSgRJFA9-MB0cMsRR4PVHNM5er8M
TREASURIES-Yields slump; 10-year slides to near 11-month low,Reuters,dzSgRJFA9-MB0cMsRR4PVHNM5er8M
10-year Treasury yield hits nearly one-year low,MarketWatch,dzSgRJFA9-MB0cMsRR4PVHNM5er8M
Treasuries Close Sharply Higher Amid Focus On Europe,RTT News,dzSgRJFA9-MB0cMsRR4PVHNM5er8M
TREASURIES-Yields tumble broadly; 10-year slides to near 11-month low,Reuters,dzSgRJFA9-MB0cMsRR4PVHNM5er8M
TREASURIES-10-year yields tumble to 10-month low in line with Germany,Reuters,dzSgRJFA9-MB0cMsRR4PVHNM5er8M
10-year Treasury yield sinks to lowest in 11 months,MarketWatch,dzSgRJFA9-MB0cMsRR4PVHNM5er8M
European shares hold steady near multi-year highs,Reuters,dstMYX5TPmpOkUM8aMg0Q-mfPeioM
"GLOBAL MARKETS-Asian shares at 1-year high, bonds fly high on ECB hopes",Reuters,dstMYX5TPmpOkUM8aMg0Q-mfPeioM
FOREX-Dollar takes breather after rally; euro near 3-month low,Reuters,dstMYX5TPmpOkUM8aMg0Q-mfPeioM
"FOREX-Dollar at 2-month highs as sterling turns tail, euro sinks",Reuters,dstMYX5TPmpOkUM8aMg0Q-mfPeioM
UPDATE 1-ECB warns investors' gamble for profit could backfire,Reuters,dstMYX5TPmpOkUM8aMg0Q-mfPeioM
UPDATE 1-Spanish yields hit record lows on ECB's easing signals,Reuters,dstMYX5TPmpOkUM8aMg0Q-mfPeioM
"GLOBAL MARKETS-US, euro zone bonds rally on expected ECB easing",Reuters,dstMYX5TPmpOkUM8aMg0Q-mfPeioM
"Deposit rate cut, targeted LTRO in June could boost euro zone lending-Reuters  ...",Reuters,dstMYX5TPmpOkUM8aMg0Q-mfPeioM
Euro falls below $1.36 as ECB action seems likely,MarketWatch,dstMYX5TPmpOkUM8aMg0Q-mfPeioM
Euro falls near $1.36; dollar falls vs. yen,MarketWatch,dstMYX5TPmpOkUM8aMg0Q-mfPeioM
"FOREX-Euro hits new 3-month low, sterling falls",Reuters,dstMYX5TPmpOkUM8aMg0Q-mfPeioM
ECB comfortable with range of measures: Mersch,MarketWatch,dstMYX5TPmpOkUM8aMg0Q-mfPeioM
Bank lending to euro-zone businesses drops again,MarketWatch,dstMYX5TPmpOkUM8aMg0Q-mfPeioM
Eurozone M3 Growth Slows; Private Sector Lending Continues To Fall,RTT News,dstMYX5TPmpOkUM8aMg0Q-mfPeioM
"Dollar inches down vs. euro, hovers near ¥102",MarketWatch,dstMYX5TPmpOkUM8aMg0Q-mfPeioM
Hillshire jumps on new offer; Krispy Kreme sinks,MarketWatch,dVV5z8UmGUFI_-MUFIeC1yyFyYFTM
"Stocks to watch: Krispy Kreme, Quiksilver, GM",MarketWatch,dVV5z8UmGUFI_-MUFIeC1yyFyYFTM
Krispy Kreme cuts adjusted earnings outlook as costs rise,Reuters,dVV5z8UmGUFI_-MUFIeC1yyFyYFTM
UPDATE 1-Krispy Kreme cuts adjusted earnings outlook as costs rise,Reuters,dVV5z8UmGUFI_-MUFIeC1yyFyYFTM
"Krispy Kreme Profit Rises, But Stock Down On Outlook Cut",RTT News,dVV5z8UmGUFI_-MUFIeC1yyFyYFTM
Krispy Kreme cuts outlook as weather hurts sales,MarketWatch,dVV5z8UmGUFI_-MUFIeC1yyFyYFTM
Krispy Kreme shares drop in after-hours session,MarketWatch,dVV5z8UmGUFI_-MUFIeC1yyFyYFTM
Earnings preview: Krispy Kreme,MarketWatch,dVV5z8UmGUFI_-MUFIeC1yyFyYFTM
"Allergan, Conn's, Krispy Kreme are stocks to watch",MarketWatch,dVV5z8UmGUFI_-MUFIeC1yyFyYFTM
"UPDATE 2-China PMIs fuel hope economy is stabilising, property still a wild card",Reuters,dR0-DLfMF52PQhMu-ciaK9JI-sVrM
Taiwan Manufacturing Activity Rises Marginally In May,RTT News,dR0-DLfMF52PQhMu-ciaK9JI-sVrM
China Manufacturing Sector Contracts Marginally,RTT News,dR0-DLfMF52PQhMu-ciaK9JI-sVrM
China service sector improves in May,MarketWatch,dR0-DLfMF52PQhMu-ciaK9JI-sVrM
Taiwan manufacturing picks up pace in May,MarketWatch,dR0-DLfMF52PQhMu-ciaK9JI-sVrM
China Final Manufacturing PMI 49.4 In May - HSBC,RTT News,dR0-DLfMF52PQhMu-ciaK9JI-sVrM
China official services PMI hits six-month high,Reuters,dR0-DLfMF52PQhMu-ciaK9JI-sVrM
"GLOBAL ECONOMY-China, US factory growth accelerates; euro zone stumbles",Reuters,dR0-DLfMF52PQhMu-ciaK9JI-sVrM
European Stocks Bolstered By China PMI,RTT News,dR0-DLfMF52PQhMu-ciaK9JI-sVrM
CORRECTED-UPDATE 1-Indian factory sector expands at slightly faster pace in  ...,Reuters,dR0-DLfMF52PQhMu-ciaK9JI-sVrM
Contraction in Russia's manufacturing sector slows,MarketWatch,dR0-DLfMF52PQhMu-ciaK9JI-sVrM
"European Markets Rise, Orion Surges",RTT News,dR0-DLfMF52PQhMu-ciaK9JI-sVrM
Czech Manufacturing Growth Continues In May- Markit,RTT News,dR0-DLfMF52PQhMu-ciaK9JI-sVrM
Poland Manufacturing Growth Slows For Third Month - Markit,RTT News,dR0-DLfMF52PQhMu-ciaK9JI-sVrM
GLOBAL ECONOMY-China accelerates as euro zone stumbles,Reuters,dR0-DLfMF52PQhMu-ciaK9JI-sVrM
Euro Drops As Eurozone Manufacturing Activity Slows,RTT News,dR0-DLfMF52PQhMu-ciaK9JI-sVrM
"UK Factory Growth Slows In May, Yet Solid",RTT News,dR0-DLfMF52PQhMu-ciaK9JI-sVrM
Turkey Manufacturing PMI Signals Stagnation In May,RTT News,dR0-DLfMF52PQhMu-ciaK9JI-sVrM
Spanish Manufacturing Continues To Recover Strongly,RTT News,dR0-DLfMF52PQhMu-ciaK9JI-sVrM
India Manufacturing Activity Continues To Rise In May,RTT News,dR0-DLfMF52PQhMu-ciaK9JI-sVrM
German CPI And Eurozone PMI Reports Due On Monday,RTT News,dR0-DLfMF52PQhMu-ciaK9JI-sVrM
Indonesia Manufacturing PMI Rises To Record High In May,RTT News,dR0-DLfMF52PQhMu-ciaK9JI-sVrM
Japan Manufacturing PMI Continues To Fall In May,RTT News,dR0-DLfMF52PQhMu-ciaK9JI-sVrM
South Korea Manufacturing Sector Contracts In May - Markit,RTT News,dR0-DLfMF52PQhMu-ciaK9JI-sVrM
"RPT-UPDATE 2-China official PMI hits 5-month high in May, boding well for Q2",Reuters,dR0-DLfMF52PQhMu-ciaK9JI-sVrM
China manufacturing PMI rises to 50.8 in May,MarketWatch,dR0-DLfMF52PQhMu-ciaK9JI-sVrM
China's official PMI to rise slightly in May,Reuters,dR0-DLfMF52PQhMu-ciaK9JI-sVrM
Ford Canada takes top spot for May vehicle sales,Reuters,d_UiqcnbiU1tyAM5xsMoW5hMHy1JM
UPDATE 3-Automakers report strong uptick in May US sales,Reuters,d_UiqcnbiU1tyAM5xsMoW5hMHy1JM
Automakers report strong uptick in May US sales,Reuters,d_UiqcnbiU1tyAM5xsMoW5hMHy1JM
General Motors U.S. sales jump 13% in May,MarketWatch,d_UiqcnbiU1tyAM5xsMoW5hMHy1JM
Chrysler Group May U.S. Sales Rise 17% - Quick Facts,RTT News,d_UiqcnbiU1tyAM5xsMoW5hMHy1JM
What Alice from 'The Brady Bunch' would earn today,MarketWatch,dyt4OXF6RnOYGdMOv1i6JdRplJplM
Ann B. Davis of 'Brady Bunch' fame dead at 88,MarketWatch,dyt4OXF6RnOYGdMOv1i6JdRplJplM
'Brady Bunch' Actress Ann B. Davis Dies,RTT News,dyt4OXF6RnOYGdMOv1i6JdRplJplM
"UPDATE 1-Actress Ann B. Davis, devoted 'Brady Bunch' housekeeper, dies",Reuters,dyt4OXF6RnOYGdMOv1i6JdRplJplM
"European shares slip as euro zone recovery slows, ECB looms",Reuters,dLLmuV7pAbIxUoM_GdCJpbx_o3WvM
Euro Drops Before ECB Meeting,RTT News,dLLmuV7pAbIxUoM_GdCJpbx_o3WvM
German bonds firm up as investors prepare for ECB to act,Reuters,dLLmuV7pAbIxUoM_GdCJpbx_o3WvM
Euro-zone business activity slows sharply in May,MarketWatch,dLLmuV7pAbIxUoM_GdCJpbx_o3WvM
5 unintended consequences of Draghi's Big Bazooka,MarketWatch,dLLmuV7pAbIxUoM_GdCJpbx_o3WvM
"European Stocks Seen Subdued Ahead Of US Data, ECB Meeting",RTT News,dLLmuV7pAbIxUoM_GdCJpbx_o3WvM
Eurozone GDP And Composite PMI On Tap For Wednesday,RTT News,dLLmuV7pAbIxUoM_GdCJpbx_o3WvM
Europe Factors to Watch-Shares set to dip; all eyes on ECB,Reuters,dLLmuV7pAbIxUoM_GdCJpbx_o3WvM
"Euro seen hamstrung ahead of ECB meeting, Aussie eyes GDP",Reuters,dLLmuV7pAbIxUoM_GdCJpbx_o3WvM
"Negative rates may not make euro zone banks lend more, BIS chief says",Reuters,dLLmuV7pAbIxUoM_GdCJpbx_o3WvM
European Stocks Wobble As ECB Decision Looms,RTT News,dLLmuV7pAbIxUoM_GdCJpbx_o3WvM
Sterling caught in euro's relief-fueled slipstream,Reuters,dLLmuV7pAbIxUoM_GdCJpbx_o3WvM
FOREX-Euro gets a respite after euro zone inflation data,Reuters,dLLmuV7pAbIxUoM_GdCJpbx_o3WvM
Dollar falls vs. rivals; euro rebounds above $1.36,MarketWatch,dLLmuV7pAbIxUoM_GdCJpbx_o3WvM
Eurozone Inflation Eases; Unemployment Falls,RTT News,dLLmuV7pAbIxUoM_GdCJpbx_o3WvM
ECB officials worry about EU banks facing US fines,MarketWatch,dLLmuV7pAbIxUoM_GdCJpbx_o3WvM
German Market Modestly Lower,RTT News,dLLmuV7pAbIxUoM_GdCJpbx_o3WvM
UK Market Drops,RTT News,dLLmuV7pAbIxUoM_GdCJpbx_o3WvM
Euro-zone inflation rate falls in May,MarketWatch,dLLmuV7pAbIxUoM_GdCJpbx_o3WvM
"FOREX-Dollar near 4-mth high as data lifts sentiment, euro wary of ECB",Reuters,dLLmuV7pAbIxUoM_GdCJpbx_o3WvM
"GLOBAL MARKETS-Stocks flat near record, euro dips on ECB bets",Reuters,dLLmuV7pAbIxUoM_GdCJpbx_o3WvM
Protective Life Corp. (PL) Has Jumped To A New High After Dai-ichi Life Buys,RTT News,dCUjk7iNj5qQo4MvVktiMHmgm_T2M
Dai-ichi to buy Protective Life for $5.7 billion,MarketWatch,dCUjk7iNj5qQo4MvVktiMHmgm_T2M
Update-Moody's affirms Dai-ichi Life's A1 rating; outlook stable,Reuters,dCUjk7iNj5qQo4MvVktiMHmgm_T2M
UPDATE 1-Japan's Dai-ichi Life agrees to buy Protective Life for $5.7 bln,Reuters,dCUjk7iNj5qQo4MvVktiMHmgm_T2M
Japan's Dai-ichi Life To Buy Protective Life For About $5.7 Bln,RTT News,dCUjk7iNj5qQo4MvVktiMHmgm_T2M
Dai-Ichi Life to buy Protective Life for $5.7 bln - filing,Reuters,dCUjk7iNj5qQo4MvVktiMHmgm_T2M
Sprint agrees to pay about $40/shr to buy T-Mobile: source,Reuters,drjQKzd9vsVvKTMqXEitYnU8__xbM
Reports: Sprint Nearing $40 Bln Deal To Acquire T-Mobile US,RTT News,drjQKzd9vsVvKTMqXEitYnU8__xbM
UPDATE 3-Sprint agrees to pay about $40/shr to buy T-Mobile -source,Reuters,drjQKzd9vsVvKTMqXEitYnU8__xbM
UPDATE 2-Sprint close to agreement on terms to buy T-Mobile -report,Reuters,drjQKzd9vsVvKTMqXEitYnU8__xbM
"Sprint, T-Mobile move closer to $50 billion merger",MarketWatch,drjQKzd9vsVvKTMqXEitYnU8__xbM
Rate Decisions Take Center Stage On Thursday,RTT News,d84jnxHjQNm9acMpm2areNmDtrR_M
Euro flat against dollar ahead of ECB meeting,MarketWatch,d84jnxHjQNm9acMpm2areNmDtrR_M
Euro Falls Ahead Of ECB Decision,RTT News,d84jnxHjQNm9acMpm2areNmDtrR_M
PRECIOUS-Gold holds near 4-month low as ECB move on rates awaited,Reuters,d84jnxHjQNm9acMpm2areNmDtrR_M
PRECIOUS-Gold holds near 4-month low as ECB decision awaited,Reuters,d84jnxHjQNm9acMpm2areNmDtrR_M
Euro pinned near four-month lows as ECB looms,Reuters,d84jnxHjQNm9acMpm2areNmDtrR_M
FOREX- Euro pinned near four-month lows as ECB looms,Reuters,d84jnxHjQNm9acMpm2areNmDtrR_M
"ECB cuts won't fix economy, but they will anger Germany",MarketWatch,d84jnxHjQNm9acMpm2areNmDtrR_M
Dollar up vs. euro as investors anticipate ECB easing,MarketWatch,d84jnxHjQNm9acMpm2areNmDtrR_M
"FOREX-Dollar rises on rates, euro anxieties",Reuters,d84jnxHjQNm9acMpm2areNmDtrR_M
RPT-FOREX-Dollar's gains trimmed after US private-sector jobs data,Reuters,d84jnxHjQNm9acMpm2areNmDtrR_M
"Gold barely budges ahead of US jobs, ECB cues",MarketWatch,d84jnxHjQNm9acMpm2areNmDtrR_M
Dollar Steady As All Eyes Turn To European Central Bank,RTT News,d84jnxHjQNm9acMpm2areNmDtrR_M
US yields set to spoil ECB easing party for emerging markets,Reuters,d84jnxHjQNm9acMpm2areNmDtrR_M
"GLOBAL MARKETS-Stocks edge lower, euro down ahead of ECB meeting",Reuters,d84jnxHjQNm9acMpm2areNmDtrR_M
European Stocks Freeze Near 6-year High Ahead Of ECB,RTT News,d84jnxHjQNm9acMpm2areNmDtrR_M
Euro needs to fall to $1.30 to satisfy ECB: strategists,Reuters,d84jnxHjQNm9acMpm2areNmDtrR_M
Euro Drops Before ECB Meeting,RTT News,d84jnxHjQNm9acMpm2areNmDtrR_M
German bonds firm up as investors prepare for ECB to act,Reuters,d84jnxHjQNm9acMpm2areNmDtrR_M
EUROPE ECONOMY-Euro zone economy stutters as ECB gears up for action,Reuters,d84jnxHjQNm9acMpm2areNmDtrR_M
European shares steady; all eyes on ECB,Reuters,d84jnxHjQNm9acMpm2areNmDtrR_M
"European Stocks Seen Subdued Ahead Of US Data, ECB Meeting",RTT News,d84jnxHjQNm9acMpm2areNmDtrR_M
"Negative rates may not make euro zone banks lend more, BIS chief says",Reuters,d84jnxHjQNm9acMpm2areNmDtrR_M
US Retail Sales Growth Misses Estimates In May After Upward Revision To April,RTT News,dWIHIFwOG6j15rMz4BlNn2Qff6qWM
"WRAPUP 3-US retail sales miss expectations, jobless claims rise",Reuters,dWIHIFwOG6j15rMz4BlNn2Qff6qWM
May retail sales show economy still growing,MarketWatch,dWIHIFwOG6j15rMz4BlNn2Qff6qWM
No immediate risk to Iraq's oil supplies: IEA,MarketWatch,d213zY9vVA7_w1MQt0rokz_zl7rXM
COLUMN-Are Asia's crude oil buyers too relaxed over Iraq?: Clyde Russell,Reuters,d213zY9vVA7_w1MQt0rokz_zl7rXM
European Stocks Seen Falling Hit By Iraq Worries,RTT News,d213zY9vVA7_w1MQt0rokz_zl7rXM
"Oil futures surge on Iraq concerns, tops $107/Bbl",MarketWatch,d213zY9vVA7_w1MQt0rokz_zl7rXM
Indian Shares Seen Subdued As Oil Prices Surge,RTT News,d213zY9vVA7_w1MQt0rokz_zl7rXM
NYMEX-US crude hits 9-month high amid Iraq unrest,Reuters,d213zY9vVA7_w1MQt0rokz_zl7rXM
COMMODITIES-Oil surges on Iraq; multi-month lows in many markets,Reuters,d213zY9vVA7_w1MQt0rokz_zl7rXM
"UPDATE 2-Intel raises outlook on stronger PC demand, shares jump",Reuters,djSqhHoZ9ofILOMvigJ0zi3pLgrdM
Intel Corp. (INTC) Is Rising After Guidance Increase,RTT News,djSqhHoZ9ofILOMvigJ0zi3pLgrdM
Intel Boosts Revenue Outlook On Stronger Business PC Demand,RTT News,djSqhHoZ9ofILOMvigJ0zi3pLgrdM
CORRECTED-Intel raises outlook on stronger PC demand,Reuters,djSqhHoZ9ofILOMvigJ0zi3pLgrdM
Intel lifts sales outlook on business PC demand,MarketWatch,djSqhHoZ9ofILOMvigJ0zi3pLgrdM
RPT-Fitch Affirms China's Bright Food at 'BBB-'; Outlook Stable,Reuters,dAZC0aRMk1ONyvMUjTyEB_iZmrZLM
Fitch Cuts S. Africa Rating Outlook To Negative,RTT News,dAZC0aRMk1ONyvMUjTyEB_iZmrZLM
Fitch Affirms UK at 'AA+'; Outlook Stable,Reuters,dAZC0aRMk1ONyvMUjTyEB_iZmrZLM
Fitch Affirms Lebanon at 'B'; Outlook Negative,Reuters,dAZC0aRMk1ONyvMUjTyEB_iZmrZLM
Fitch Affirms Turks and Caicos Islands' UK Government Guaranteed USD Bond  ...,Reuters,dAZC0aRMk1ONyvMUjTyEB_iZmrZLM
Fitch Revises South Africa's Outlook to Negative; Affirms at 'BBB',Reuters,dAZC0aRMk1ONyvMUjTyEB_iZmrZLM
Fitch Affirms Principal Financial Group's IDR at 'A'; Outlook Revised to Stable,Reuters,dAZC0aRMk1ONyvMUjTyEB_iZmrZLM
Fitch Affirms BayernLB at 'A+'; Outlook Negative,Reuters,dAZC0aRMk1ONyvMUjTyEB_iZmrZLM
Fitch Affirms Caffil's OF at 'AA+' on Revised Breakeven Overcollateralisation,Reuters,dAZC0aRMk1ONyvMUjTyEB_iZmrZLM
Fitch Affirms LBBW at 'A+'/Negative; Upgrades VR to 'bbb',Reuters,dAZC0aRMk1ONyvMUjTyEB_iZmrZLM
Fitch Affirms Landesbank Saar at 'A'; Outlook Negative,Reuters,dAZC0aRMk1ONyvMUjTyEB_iZmrZLM
Fitch: Banks' Cover Pool Encumbrance Remains Broadly Stable,Reuters,dAZC0aRMk1ONyvMUjTyEB_iZmrZLM
"Fitch Affirms Societe de Financement Local at 'AA', Outlook Stable",Reuters,dAZC0aRMk1ONyvMUjTyEB_iZmrZLM
Fitch Affirms Accor SA at 'BBB-'; Stable Outlook,Reuters,dAZC0aRMk1ONyvMUjTyEB_iZmrZLM
RPT-Fitch Affirms and Withdraws Insurance Australia Group's Ratings at 'AA  ...,Reuters,dAZC0aRMk1ONyvMUjTyEB_iZmrZLM
"RPT-Fitch Affirms India's Power Grid Corporation at 'BBB-', Outlook Stable",Reuters,dAZC0aRMk1ONyvMUjTyEB_iZmrZLM
Fitch Affirms Accor SA at 'BBB-'; Stable Outlook,Reuters,dAZC0aRMk1ONyvMUjTyEB_iZmrZLM
"RPT-Fitch Affirms India's Power Grid Corporation at 'BBB-', Outlook Stable",Reuters,dAZC0aRMk1ONyvMUjTyEB_iZmrZLM
Fitch Affirms and Withdraws FE's Subsidiary Ratings; Outlook Stable,MarketWatch,dAZC0aRMk1ONyvMUjTyEB_iZmrZLM
Fitch: Sovereign Stresses Mar Corporate Rating Trends in Early 2014,Reuters,dAZC0aRMk1ONyvMUjTyEB_iZmrZLM
"RPT-Fitch Affirms Danske Bank Category C Covered Bonds at 'AAA', Outlook  ...",Reuters,dAZC0aRMk1ONyvMUjTyEB_iZmrZLM
RPT-Fitch affirms Aneka Gas Industri at 'A-(idn)'; outlook stable,Reuters,dAZC0aRMk1ONyvMUjTyEB_iZmrZLM
"RPT-Fitch Revises Outlooks on 8 Japanese Insurers, Aflac to Negative",Reuters,dAZC0aRMk1ONyvMUjTyEB_iZmrZLM
Fitch Affirms Unibail-Rodamco at 'A'; Outlook Stable,Reuters,dAZC0aRMk1ONyvMUjTyEB_iZmrZLM
Fitch Downgrades Remy Cointreau SA to 'BB+'; Outlook Stable,Reuters,dAZC0aRMk1ONyvMUjTyEB_iZmrZLM
RPT-Fitch Downgrades Solocal to 'RD'; Re-Assigns IDR 'B-' ; Outlook Stable,Reuters,dAZC0aRMk1ONyvMUjTyEB_iZmrZLM
RPT-Fitch Downgrades Krayinvestbank to 'B'; Affirms Viability Rating at 'b-',Reuters,dAZC0aRMk1ONyvMUjTyEB_iZmrZLM
RPT-Fitch Affirms Rural Electrification Corporation at 'BBB-'/Stable,Reuters,dAZC0aRMk1ONyvMUjTyEB_iZmrZLM
Twitter Inc. (TWTR) Set A 1-Month High After COO's Resignation,RTT News,dXWUGSRb5SMoFnMpjYghEQGucB79M
Dispute with CEO led to exit of Twitter's No. 2,MarketWatch,dXWUGSRb5SMoFnMpjYghEQGucB79M
UPDATE 4-Two senior Twitter executives resign as growth lags,Reuters,dXWUGSRb5SMoFnMpjYghEQGucB79M
UPDATE 3-Twitter chief operating officer resigns as growth lags,Reuters,dXWUGSRb5SMoFnMpjYghEQGucB79M
Twitter operating chief Ali Rowghani resigns,MarketWatch,dXWUGSRb5SMoFnMpjYghEQGucB79M
"Twitter COO Ali Rowghani Resigns, To Eliminate Position",RTT News,dXWUGSRb5SMoFnMpjYghEQGucB79M
Twitter Inc. (TWTR) Is Climbing After COO Departs,RTT News,dXWUGSRb5SMoFnMpjYghEQGucB79M
"WRAPUP 2-US producer prices fall, but inflation still seen firming",Reuters,d9uzkCFBCFF5WeM-JmWU-TCWP_SdM
U.S. Producer Prices Unexpectedly Edge Down 0.2% In May,RTT News,d9uzkCFBCFF5WeM-JmWU-TCWP_SdM
US Producer Prices Show Unexpected Decrease In May,RTT News,d9uzkCFBCFF5WeM-JmWU-TCWP_SdM
Producer prices retreat in May after two strong gains,MarketWatch,d9uzkCFBCFF5WeM-JmWU-TCWP_SdM
Producer price index falls unexpectedly in May,MarketWatch,d9uzkCFBCFF5WeM-JmWU-TCWP_SdM
U.S. Import And Export Prices Show Modest Increases In May,RTT News,d9uzkCFBCFF5WeM-JmWU-TCWP_SdM
US Import And Export Prices Tick Higher In May,RTT News,d9uzkCFBCFF5WeM-JmWU-TCWP_SdM
TREASURIES-Prices inch lower in thin trading; Fed meeting looms,Reuters,dBmheMbLG1JM-jMlnxbKinpkJh0pM
Treasury yields climb on Carney's rate-hike signal,MarketWatch,dBmheMbLG1JM-jMlnxbKinpkJh0pM
"TREASURIES-Prices fall, weighed by Bank of England, Fed rate outlook",Reuters,dBmheMbLG1JM-jMlnxbKinpkJh0pM
Treasuries Close Firmly Positive After Thirty-Year Bond Auction,RTT News,dBmheMbLG1JM-jMlnxbKinpkJh0pM
TREASURIES-Prices leap on strong US 30-year bond sale,Reuters,dBmheMbLG1JM-jMlnxbKinpkJh0pM
"Treasurys surge, snap 4-day losing streak",MarketWatch,dBmheMbLG1JM-jMlnxbKinpkJh0pM
Thirty-Year Bond Auction Attracts Strong Demand,RTT News,dBmheMbLG1JM-jMlnxbKinpkJh0pM
TREASURIES-Prices inch up on soft US data; 30-year bond sale looms,Reuters,dBmheMbLG1JM-jMlnxbKinpkJh0pM
Treasurys fall a fourth day after subpar auction,MarketWatch,dBmheMbLG1JM-jMlnxbKinpkJh0pM
TREASURIES-Prices little changed after soft US 10-year auction,Reuters,dBmheMbLG1JM-jMlnxbKinpkJh0pM
Treasuries Close Nearly Flat After Ten-Year Note Auction,RTT News,dBmheMbLG1JM-jMlnxbKinpkJh0pM
Treasury Auctions $21 Billion Worth Of Ten-Year Notes,RTT News,dBmheMbLG1JM-jMlnxbKinpkJh0pM
Pound nears $1.70 on prospects of rate hike,MarketWatch,dl_HTP5cUks5BlMRrRBfZUMPCOuZM
"UPDATE 5-Carney signals earlier British rate rise, sterling soars",Reuters,dl_HTP5cUks5BlMRrRBfZUMPCOuZM
British rate rise in 2014 less certain than market thinks,Reuters,dl_HTP5cUks5BlMRrRBfZUMPCOuZM
"INVESTMENT FOCUS-Press here, Mr Carney, for lower volatility?",Reuters,dl_HTP5cUks5BlMRrRBfZUMPCOuZM
"UK Market Declines, Home Builders Hit",RTT News,dl_HTP5cUks5BlMRrRBfZUMPCOuZM
European Markets Fall As Iraq Events Send Crude Higher,RTT News,dl_HTP5cUks5BlMRrRBfZUMPCOuZM
French Market Declines,RTT News,dl_HTP5cUks5BlMRrRBfZUMPCOuZM
German Market Moderately Lower,RTT News,dl_HTP5cUks5BlMRrRBfZUMPCOuZM
BoE Chief Says Interest Rates Could Rise Sooner Than Markets Estimate,RTT News,dl_HTP5cUks5BlMRrRBfZUMPCOuZM
Pound spikes on rate-hike talk,MarketWatch,dl_HTP5cUks5BlMRrRBfZUMPCOuZM
UPDATE 9-Oil prices climb again amid escalating violence in Iraq,Reuters,dyEtRaCpLesvJIMctpf1FJ3FDhrwM
CANADA FX DEBT-Canada dollar flat despite higher oil prices,Reuters,dyEtRaCpLesvJIMctpf1FJ3FDhrwM
Crude Oil Ends Near $107 On Iraq Concerns,RTT News,dyEtRaCpLesvJIMctpf1FJ3FDhrwM
Oil futures tally biggest weekly gain of the year,MarketWatch,dyEtRaCpLesvJIMctpf1FJ3FDhrwM
CANADA FX DEBT-Canada dollar steady despite oil-price jump,Reuters,dyEtRaCpLesvJIMctpf1FJ3FDhrwM
Are Asia's crude oil buyers too relaxed over Iraq?: Clyde Russell,Reuters,dyEtRaCpLesvJIMctpf1FJ3FDhrwM
"Brent climbs toward $114, hits nine-month top on Iraq crisis",Reuters,dyEtRaCpLesvJIMctpf1FJ3FDhrwM
Indian Shares Seen Subdued As Oil Prices Surge,RTT News,dyEtRaCpLesvJIMctpf1FJ3FDhrwM
REFILE-UPDATE 3-Priceline adds OpenTable to its menu for $2.6 bln,Reuters,d106zVBYOtb_HKMHANjagpZw5e2JM
OpenTable Inc. (OPEN) Leaped To A New High After Merger Agreement,RTT News,d106zVBYOtb_HKMHANjagpZw5e2JM
"Intel, OpenTable lead tech sector higher",MarketWatch,d106zVBYOtb_HKMHANjagpZw5e2JM
Priceline pays highly to reserve OpenTable,MarketWatch,d106zVBYOtb_HKMHANjagpZw5e2JM
OpenTable Inc. (OPEN) Has Soared To A New High After Priceline Buys Company,RTT News,d106zVBYOtb_HKMHANjagpZw5e2JM
Priceline Group to buy OpenTable for $2.6 bln - quick facts,RTT News,d106zVBYOtb_HKMHANjagpZw5e2JM
Beware of these 5 claims carmakers make,MarketWatch,djgB2w3ZYkZ8fhMekdq6P5Eh2RpDM
"Ford Cuts Fuel Economy Ratings For Six Vehicles, To Compensate 200000  ...",RTT News,djgB2w3ZYkZ8fhMekdq6P5Eh2RpDM
UPDATE 1-Ford lowers fuel economy rating for six vehicles,Reuters,djgB2w3ZYkZ8fhMekdq6P5Eh2RpDM
EPA says Ford to correct fuel economy standard for six cars,Reuters,djgB2w3ZYkZ8fhMekdq6P5Eh2RpDM
Williams inks $6 billion deal for shale oil expansion,MarketWatch,dpuJWeRzTm_B3OM1gAojx4NGrz6vM
Bloomberg: Williams In Talks To Buy Control Of Access Midstream For $3 Bln,RTT News,dpuJWeRzTm_B3OM1gAojx4NGrz6vM
UPDATE 1-Williams Cos to buy stake in Access Midstream Partners for $3 bln  ...,Reuters,dpuJWeRzTm_B3OM1gAojx4NGrz6vM
Williams Cos to buy stake in Access Midstream Partners for $3 bln -Bloomberg,Reuters,dpuJWeRzTm_B3OM1gAojx4NGrz6vM
"UPDATE 3-Medtronic to buy Covidien for $42.9 bln, rebase in Ireland",Reuters,d9ClIP-_xU9wAuMNd9UW-vKjakHZM
Medtronic To Buy Smaller Rival Covidien In $43 Bln Deal,RTT News,d9ClIP-_xU9wAuMNd9UW-vKjakHZM
Medtronic to Acquire Covidien for $42.9 billion in Cash and Stock,MarketWatch,d9ClIP-_xU9wAuMNd9UW-vKjakHZM
UPDATE 2-Level 3 to buy tw telecom to expand US fiber network,Reuters,dw6ip5EC0xFzuJMH7nRZIAGw3yNJM
Level 3 Communications To Buy TW Telecom In $7.3 Bln Deal,RTT News,dw6ip5EC0xFzuJMH7nRZIAGw3yNJM
Level 3 to buy TW Telecom for $5.7 billion,MarketWatch,dw6ip5EC0xFzuJMH7nRZIAGw3yNJM
"Level 3 Communications to buy tw telecom in $40.86/shr cash, stock deal",RTT News,dw6ip5EC0xFzuJMH7nRZIAGw3yNJM
WRAPUP 1-Sturdy US manufacturing data bolster growth outlook,Reuters,d6TndguMc0psFvMXTyJyjuWdaSaRM
"U.S. Industrial Production Rises 0.6% In May, Slightly More Than Expected",RTT News,d6TndguMc0psFvMXTyJyjuWdaSaRM
U.S. Industrial Production Rises Slightly More Than Expected In May,RTT News,d6TndguMc0psFvMXTyJyjuWdaSaRM
Industrial production climbs 0.6% in May,MarketWatch,d6TndguMc0psFvMXTyJyjuWdaSaRM
UPDATE 2-Shell to sell most of stake in Australia's Woodside for $5.7 bln,Reuters,dsQ52Lmn79pZYzM6WHiH4nTwxlBNM
"Australia shares edge down to near 4-wk lows; banks, energy down",Reuters,dsQ52Lmn79pZYzM6WHiH4nTwxlBNM
Shell cuts stake in Australia's Woodside Petroleum,MarketWatch,dsQ52Lmn79pZYzM6WHiH4nTwxlBNM
Shell to Sell Stake in Woodside Petroleum for About $5 Bln - Quick Facts,RTT News,dsQ52Lmn79pZYzM6WHiH4nTwxlBNM
UPDATE 1-BG sells UK CATS gas pipeline stake to infrastructure fund,Reuters,dYrWSMXxl9gR6ZMJsKtpnZ-YTqcoM
BG to sell its stake in CATS pipeline in North Sea,MarketWatch,dYrWSMXxl9gR6ZMJsKtpnZ-YTqcoM
BG Group to sell interest in CATS pipeline & infrastructure for £562 mln,RTT News,dYrWSMXxl9gR6ZMJsKtpnZ-YTqcoM
UPDATE 2-Whitbread sees signs of economic recovery in UK regions,Reuters,d6pq12dpcMke32MmSENzn-9_FgXiM
"Whitbread sales up 6.9% on Premier Inn, Costa",MarketWatch,d6pq12dpcMke32MmSENzn-9_FgXiM
Whitbread Q1 Sales Rise On Strong Demand,RTT News,d6pq12dpcMke32MmSENzn-9_FgXiM
Sentiment Cautious Even Amid Positive Data,RTT News,dguKAOyclcB5VYMiuiR5DIO4vLLcM
Iraq concerns lift top-rated euro zone bonds but Fed limits gains,Reuters,dguKAOyclcB5VYMiuiR5DIO4vLLcM
Fed faces economy with conflicting vital signs,MarketWatch,dguKAOyclcB5VYMiuiR5DIO4vLLcM
Covidien Plc (COV) Surged To A New High After Merger Announcement,RTT News,dU5nhzZaxL9YLsMGyVP3ZNcwtgF_M
"Stock futures higher ahead of CPI, Fed meeting",MarketWatch,dU5nhzZaxL9YLsMGyVP3ZNcwtgF_M
UPDATE 1-Medtronic deal draws Washington scrutiny of tax relocations,Reuters,dU5nhzZaxL9YLsMGyVP3ZNcwtgF_M
Medtronic deal draws Washington scrutiny of corporate tax relocations,Reuters,dU5nhzZaxL9YLsMGyVP3ZNcwtgF_M
UPDATE 1-Medtronic's Covidien deal raises bar for rivals to merge,Reuters,dU5nhzZaxL9YLsMGyVP3ZNcwtgF_M
US STOCKS-Wall St ends up slightly on M&A; Iraq closely watched,Reuters,dU5nhzZaxL9YLsMGyVP3ZNcwtgF_M
US stocks inch up; Iraq concerns weigh,MarketWatch,dU5nhzZaxL9YLsMGyVP3ZNcwtgF_M
"Adobe, La-Z-Boy, Kindred are stocks to watch",MarketWatch,dp505G1LAKDLk9MMaKbZiAvRVDPOM
Kindred Sweetens Gentiva Bid To $14.50 Per Share,RTT News,dp505G1LAKDLk9MMaKbZiAvRVDPOM
UPDATE 2-Kindred Healthcare raises offer for Gentiva,Reuters,dp505G1LAKDLk9MMaKbZiAvRVDPOM
Kindred Healthcare raises offer for Gentiva,Reuters,dp505G1LAKDLk9MMaKbZiAvRVDPOM
"After-market Movers For June 16 (GTIV, WEX, ANFI, SYUT)",RTT News,dp505G1LAKDLk9MMaKbZiAvRVDPOM
UPDATE 1-Kindred Healthcare raises offer for Gentiva,Reuters,dp505G1LAKDLk9MMaKbZiAvRVDPOM
Kindred Healthcare to buy Gentiva for about $573 mln,Reuters,dp505G1LAKDLk9MMaKbZiAvRVDPOM
Gentiva Health Services (GTIV) Is Rising After Takeover Offer,RTT News,dp505G1LAKDLk9MMaKbZiAvRVDPOM
Gentiva rallies in after hours as Kindred sweetens deal,MarketWatch,dp505G1LAKDLk9MMaKbZiAvRVDPOM
Kindred: to Commence Tender Offer to Acquire Gentiva Shares for $14.50 Apiece,RTT News,dp505G1LAKDLk9MMaKbZiAvRVDPOM
SolarCity Planning Massive Solar Panel Plant In New York,RTT News,dZmv_NETbjeVQ4MocN2FOaVtOyFLM
UPDATE 1-SolarCity buys solar panel maker to lower costs,Reuters,dZmv_NETbjeVQ4MocN2FOaVtOyFLM
SolarCity buys solar panel maker to lower costs,Reuters,dZmv_NETbjeVQ4MocN2FOaVtOyFLM
SolarCity shares soar on PV maker acquisition,MarketWatch,dZmv_NETbjeVQ4MocN2FOaVtOyFLM
SolarCity Agrees To Acquire Silevo - Quick Facts,RTT News,dZmv_NETbjeVQ4MocN2FOaVtOyFLM
What's your question for Janet Yellen?,MarketWatch,d9Lmg8dfOPr-9uM0aWP-tSyD8uFpM
10-year yield highest in a month on Fed jitters,MarketWatch,d9Lmg8dfOPr-9uM0aWP-tSyD8uFpM
Gold Ends Higher On Iraq Violence,RTT News,d9Lmg8dfOPr-9uM0aWP-tSyD8uFpM
Treasuries Close Nearly Flat Following Choppy Trading Day,RTT News,d9Lmg8dfOPr-9uM0aWP-tSyD8uFpM
Wall Street Sentiment Weak Ahead Of Data,RTT News,d9Lmg8dfOPr-9uM0aWP-tSyD8uFpM
Iraq concerns lift top-rated euro zone bonds but Fed limits gains,Reuters,d9Lmg8dfOPr-9uM0aWP-tSyD8uFpM
China shows its heft by sinking shipping deal,MarketWatch,dajLdqSn1C6WVSMsTIl48rhYaA_EM
UPDATE 2-Maersk shares drop after China blocks shipping alliance,Reuters,dajLdqSn1C6WVSMsTIl48rhYaA_EM
AP Moller - Maersk : Planned P3 Shipping Alliance Abandoned,RTT News,dajLdqSn1C6WVSMsTIl48rhYaA_EM
Planned P3 shipping alliance is abandoned,MarketWatch,dajLdqSn1C6WVSMsTIl48rhYaA_EM
Yellen: Lenders need 'greater certainty' to make more mortgages,MarketWatch,d-c3-0ZECRZrTBMvPm23ip9QUxhlM
"Fed sees growth picking up, faster tightening",MarketWatch,d-c3-0ZECRZrTBMvPm23ip9QUxhlM
WRAPUP 3-Fed suggests lower end-point for rate-hike cycle,Reuters,d-c3-0ZECRZrTBMvPm23ip9QUxhlM
US stocks edge higher after statement,MarketWatch,d-c3-0ZECRZrTBMvPm23ip9QUxhlM
"Fed stays confident, sees slightly faster pace of tightening",MarketWatch,d-c3-0ZECRZrTBMvPm23ip9QUxhlM
Stocks Seeing Modest Weakness Ahead Of Fed Announcement - U.S.  ...,RTT News,d-c3-0ZECRZrTBMvPm23ip9QUxhlM
Stocks Seeing Modest Weakness Ahead Of Fed Announcement - US Commentary,RTT News,d-c3-0ZECRZrTBMvPm23ip9QUxhlM
REFILE--New BoE chief economist says odds favour hawks on rate hike,Reuters,dDNSJ9VxymrVDZMIPloMon5kCxRnM
BOE minutes show officials warming to a rate hike,MarketWatch,dDNSJ9VxymrVDZMIPloMon5kCxRnM
"BoE Minutes: Policymakers Unanimous On Rate, QE",RTT News,dDNSJ9VxymrVDZMIPloMon5kCxRnM
Dollar gains; pound notches first loss in five sessions,MarketWatch,dDNSJ9VxymrVDZMIPloMon5kCxRnM
"UPDATE 1-UK inflation falls to 4 1/2-year low in May, but house prices soar",Reuters,dDNSJ9VxymrVDZMIPloMon5kCxRnM
UPDATE 1-Bank of England's Miles sees strong chance rates will rise before  ...,Reuters,dDNSJ9VxymrVDZMIPloMon5kCxRnM
RPT-BOE policy maker expects to vote for interest rate hike by May -Times,Reuters,dDNSJ9VxymrVDZMIPloMon5kCxRnM
BOE's Miles fuels rate-rise expectations: report,MarketWatch,dDNSJ9VxymrVDZMIPloMon5kCxRnM
Pound trades at nearly 5-year high,MarketWatch,dDNSJ9VxymrVDZMIPloMon5kCxRnM
UPDATE 2-Private brands business hurts ConAgra's profit,Reuters,dbhLHCX8WzwgZhMsEh_v8U1LmIkIM
ConAgra shares slump on lowered outlook,MarketWatch,dbhLHCX8WzwgZhMsEh_v8U1LmIkIM
ConAgra Foods Slashes Q4 EPS Outlook - Quick Facts,RTT News,dbhLHCX8WzwgZhMsEh_v8U1LmIkIM
"FedEx, BlackBerry gain; ConAgra falls on warning",MarketWatch,dbhLHCX8WzwgZhMsEh_v8U1LmIkIM
Air Products appoints new CEO; shares at life-high,Reuters,dWcGmcOVDmzeBRMoKKBGn-FF2xJ0M
UPDATE 2-Air Products appoints new CEO; shares at life-high,Reuters,dWcGmcOVDmzeBRMoKKBGn-FF2xJ0M
Air Products names Rockwood exec CEO,MarketWatch,dWcGmcOVDmzeBRMoKKBGn-FF2xJ0M
Air Products & Chemicals (APD) Has Surged To A New High After New CEO  ...,RTT News,dWcGmcOVDmzeBRMoKKBGn-FF2xJ0M
Air Products appoints Rockwood's Seifi Ghasemi CEO,Reuters,dWcGmcOVDmzeBRMoKKBGn-FF2xJ0M
Air Products Appoints Rockwood Executive Seifi Ghasemi As CEO - Qucik Facts,RTT News,dWcGmcOVDmzeBRMoKKBGn-FF2xJ0M
FedEx earnings rise as it sets ambitious targets,MarketWatch,dtMWxtlwf_dSkOMjtdSMM4QsSijXM
"UPDATE 3-Online shopping boosts FedEx's profit, shares hit life high",Reuters,dtMWxtlwf_dSkOMjtdSMM4QsSijXM
FedEx Corp. (FDX) Has Broken Out To A New High On Q4 Results,RTT News,dtMWxtlwf_dSkOMjtdSMM4QsSijXM
FedEx Q4 Results Top View,RTT News,dtMWxtlwf_dSkOMjtdSMM4QsSijXM
"FedEx profit rises as revenue, volumes increase",MarketWatch,dtMWxtlwf_dSkOMjtdSMM4QsSijXM
"FedEx shares up 3% as profit, revenue beat estimates",MarketWatch,dtMWxtlwf_dSkOMjtdSMM4QsSijXM
"UPDATE 1-In deal with Amazon, BlackBerry to offer 240000 Android apps",Reuters,dyqLZK_KX89ISTMh4521s5XG6ckKM
BlackBerry confirms Appstore deal with Amazon,MarketWatch,dyqLZK_KX89ISTMh4521s5XG6ckKM
BlackBerry 10.3 Operating System To Come With Amazon Appstore - Quick Facts,RTT News,dyqLZK_KX89ISTMh4521s5XG6ckKM
Amazon Fire Phone: Is it different enough?,MarketWatch,dzWBBEwTNjHQESMxSZBBk6ts0B5TM
"UPDATE 2-Amazon aims to break from pack with 3D-ready ""Fire"" phone",Reuters,dzWBBEwTNjHQESMxSZBBk6ts0B5TM
Amazon unveils its Fire Phone,MarketWatch,dzWBBEwTNjHQESMxSZBBk6ts0B5TM
Amazon Unveils Long-Awaited 'Fire Phone',RTT News,dzWBBEwTNjHQESMxSZBBk6ts0B5TM
WRAPUP 1-US jobless claims point to firming labor market,Reuters,d818iDFZuqawuEMefZRuQcJOdwWGM
"US Weekly Jobless Claims Pull Back To 312000, Nearly Matching Estimates",RTT News,d818iDFZuqawuEMefZRuQcJOdwWGM
US Weekly Jobless Claims Pull Back Nearly In Line With Estimates,RTT News,d818iDFZuqawuEMefZRuQcJOdwWGM
"Jobless claims fall, near postrecession low",MarketWatch,d818iDFZuqawuEMefZRuQcJOdwWGM
"Jobless claims fall, return near postrecession low",MarketWatch,d818iDFZuqawuEMefZRuQcJOdwWGM
Dutch Jobless Rate Falls In May,RTT News,d818iDFZuqawuEMefZRuQcJOdwWGM
UPDATE 3-BlackBerry reports better-than-expected results; shares surge,Reuters,d4u8QWydBNJvh7MnqeUC3nuVpglWM
BlackBerry Returns To Profitability,RTT News,d4u8QWydBNJvh7MnqeUC3nuVpglWM
BlackBerry surprises with small profit,MarketWatch,d4u8QWydBNJvh7MnqeUC3nuVpglWM
BlackBerry Posts $23 Mln Net Profit In Q1,RTT News,d4u8QWydBNJvh7MnqeUC3nuVpglWM
BlackBerry posts surprise small profit,MarketWatch,d4u8QWydBNJvh7MnqeUC3nuVpglWM
BlackBerry Turns To Profit In Q1 - Quick Facts,RTT News,d4u8QWydBNJvh7MnqeUC3nuVpglWM
UPDATE 2-BlackBerry seals deal with Amazon to offer Android apps,Reuters,d4u8QWydBNJvh7MnqeUC3nuVpglWM
UPDATE 2-SNB says ready to act as needed in wake of ECB easing,Reuters,dweCGAGMEP5sb_MJ58Wqp08O1SX3M
SNB Retains Currency Ceiling; Rates Unchanged,RTT News,dweCGAGMEP5sb_MJ58Wqp08O1SX3M
Swiss central bank holds on to its currency floor,MarketWatch,dweCGAGMEP5sb_MJ58Wqp08O1SX3M
"TW TELECOM INC. SHAREHOLDER ALERT: Rigrodsky & Long, P.A.  ...",MarketWatch,d7D4Tc9wsSFdrtMXV_jWo6IqTOZPM
Measurement Specialties Inc. (MEAS) Has Jumped To A New High On Merger  ...,RTT News,d7D4Tc9wsSFdrtMXV_jWo6IqTOZPM
UPDATE 2-TE Connectivity to buy US sensor maker for $1.7 bln,Reuters,d7D4Tc9wsSFdrtMXV_jWo6IqTOZPM
TE Connectivity to buy sensor maker for $1.7 billion,Reuters,d7D4Tc9wsSFdrtMXV_jWo6IqTOZPM
UPDATE 1-TE Connectivity to buy sensor maker for $1.7 bln,Reuters,d7D4Tc9wsSFdrtMXV_jWo6IqTOZPM
"TE Connectivity To Buy Measurement Specialties For $1.7 Bln, Including Debt",RTT News,d7D4Tc9wsSFdrtMXV_jWo6IqTOZPM
TE Connectivity to buy Measurement Specialties for $1.7 bln,Reuters,d7D4Tc9wsSFdrtMXV_jWo6IqTOZPM
PRECIOUS-Gold rises to 4-week high as dollar drops after Fed; platinum rises,Reuters,dfpKoiYAZf0opyMJJFgooEjgKxFPM
"US STOCKS-Wall Street flat after 4-day rally, data",Reuters,dfpKoiYAZf0opyMJJFgooEjgKxFPM
Major Averages Lingering Near The Unchanged Line In Early Trading,RTT News,dfpKoiYAZf0opyMJJFgooEjgKxFPM
US STOCKS-Wall Street to open slightly higher after claims data,Reuters,dfpKoiYAZf0opyMJJFgooEjgKxFPM
Futures Pointing To Modestly Higher Open On Wall Street,RTT News,dfpKoiYAZf0opyMJJFgooEjgKxFPM
Gold Extends Gains Above $1280 On Dovish Fed Outlook,RTT News,dfpKoiYAZf0opyMJJFgooEjgKxFPM
"US STOCKS-Futures flat in Fed wake, data on tap",Reuters,dfpKoiYAZf0opyMJJFgooEjgKxFPM
"Weaker dollar, Iraq combine to boost gold",MarketWatch,dfpKoiYAZf0opyMJJFgooEjgKxFPM
"FOREX-Dollar slips post-Fed, kiwi at all-time high",Reuters,dfpKoiYAZf0opyMJJFgooEjgKxFPM
European Stocks Set To Gain After Fed Statement,RTT News,dfpKoiYAZf0opyMJJFgooEjgKxFPM
"GLOBAL MARKETS-Asia equities surge on Fed optimism, dollar wobbles",Reuters,dfpKoiYAZf0opyMJJFgooEjgKxFPM
Australian Market Advances On Wall Street Cues,RTT News,dfpKoiYAZf0opyMJJFgooEjgKxFPM
FTSE 100 scores best day in almost two weeks,MarketWatch,dShvKWlyRq_Z3pM1C1lhuwYEY5MvM
UPDATE 3-Rolls-Royce returns 1 billion pounds to shareholders,Reuters,dShvKWlyRq_Z3pM1C1lhuwYEY5MvM
Rolls-Royce and Fed's stance lift UK's FTSE,Reuters,dShvKWlyRq_Z3pM1C1lhuwYEY5MvM
UK's FTSE rallies as Rolls-Royce races higher,Reuters,dShvKWlyRq_Z3pM1C1lhuwYEY5MvM
FTSE 100 eyes its best day since April,MarketWatch,dShvKWlyRq_Z3pM1C1lhuwYEY5MvM
"Rolls Royce To Buy Back GBP1 Bln Shares After Sale Of Energy Business, Stock  ...",RTT News,dShvKWlyRq_Z3pM1C1lhuwYEY5MvM
Red Hat raises revenue forecast on strong subscription growth,Reuters,dmqtZapyMbMUzCMFgIYAqRAv8IVAM
UPDATE 2-Red Hat raises revenue forecast on strong subscription growth,Reuters,dmqtZapyMbMUzCMFgIYAqRAv8IVAM
Red Hat Inc. (RHT) Is Climbing On Better Than Expected Q1 Earnings,RTT News,dmqtZapyMbMUzCMFgIYAqRAv8IVAM
Red Hat 1st-qtr results beat estimates on subscription growth,Reuters,dmqtZapyMbMUzCMFgIYAqRAv8IVAM
Red Hat Q1 Results Top Estimates,RTT News,dmqtZapyMbMUzCMFgIYAqRAv8IVAM
Red Hat to Buy eNovance,MarketWatch,dmqtZapyMbMUzCMFgIYAqRAv8IVAM
France secures Alstom stake option ahead of GE tie-up,Reuters,d1a1IIfiPMpFXEM0ReWPpcyvnBu6M
"Alstom should be a good investment for France, says CEO Kron",Reuters,d1a1IIfiPMpFXEM0ReWPpcyvnBu6M
"RPT-Alstom should be a good investment for France, says CEO Kron",Reuters,d1a1IIfiPMpFXEM0ReWPpcyvnBu6M
French and Benelux stocks-Factors to watch on June 23,Reuters,d1a1IIfiPMpFXEM0ReWPpcyvnBu6M
France lifts barrier to GE's Alstom acquisition,MarketWatch,d1a1IIfiPMpFXEM0ReWPpcyvnBu6M
French Government To Buy Up To 20% Of Alstom From Bouygues,RTT News,d1a1IIfiPMpFXEM0ReWPpcyvnBu6M
Alstom Approves GE's Updated Offer To Acquire Power And Grid Business Of  ...,RTT News,d1a1IIfiPMpFXEM0ReWPpcyvnBu6M
French government to acquire up to 20% of Alstom from Bouygues,RTT News,d1a1IIfiPMpFXEM0ReWPpcyvnBu6M
REFILE-UPDATE 1-France secures Alstom stake option ahead of GE tie-up,Reuters,d1a1IIfiPMpFXEM0ReWPpcyvnBu6M
France secures option to buy Alstom stake from Bouygues,Reuters,d1a1IIfiPMpFXEM0ReWPpcyvnBu6M
France in push to buy Bouygues' Alstom stake ahead of GE deadline,Reuters,d1a1IIfiPMpFXEM0ReWPpcyvnBu6M
"Alstom Board Okays GE Offer For Power, Grid Businesses",RTT News,d1a1IIfiPMpFXEM0ReWPpcyvnBu6M
"BUZZ-US Stocks on the Move-Coach, Corinthian, Curis, Integrys",Reuters,dsB_xuUgPdqB_iMUzUcwmXZ92fdyM
Lululemon's founder fights back; Integrys rallies,MarketWatch,dsB_xuUgPdqB_iMUzUcwmXZ92fdyM
Wisconsin Energy To Buy Integrys In $9.1 Bln Deal,RTT News,dsB_xuUgPdqB_iMUzUcwmXZ92fdyM
Wisconsin Energy to buy Integrys for $5.71 billion,MarketWatch,dsB_xuUgPdqB_iMUzUcwmXZ92fdyM
Wisconsin Energy to buy Integrys to expand in US Midwest,Reuters,dsB_xuUgPdqB_iMUzUcwmXZ92fdyM
"Integrys Energy, Central Garden & Pet surge",MarketWatch,dsB_xuUgPdqB_iMUzUcwmXZ92fdyM
"GLOBAL ECONOMY-China, Japan manufacturing grows again, euro zone falters",Reuters,d7ciPlHSS0FPGHM1D-xxX_18nfo-M
US STOCKS-Wall St flat after six-day run amid mixed global data,Reuters,d7ciPlHSS0FPGHM1D-xxX_18nfo-M
"CORRECTED-US STOCKS-Wall St to open flat after six-day run, mixed overseas  ...",Reuters,d7ciPlHSS0FPGHM1D-xxX_18nfo-M
CORRECTED-US STOCKS-Futures flat after mixed data overseas,Reuters,d7ciPlHSS0FPGHM1D-xxX_18nfo-M
U.S. Markit flash PMI accelerates in June,MarketWatch,d7ciPlHSS0FPGHM1D-xxX_18nfo-M
"German private sector expands in June, points to robust second quarter growth  ...",Reuters,d7ciPlHSS0FPGHM1D-xxX_18nfo-M
Eurozone Private Sector Growth Slows To 6-Month Low As France Contracts,RTT News,d7ciPlHSS0FPGHM1D-xxX_18nfo-M
"GLOBAL MARKETS-Gloomy French data hits European shares, Iraq keeps oil high",Reuters,d7ciPlHSS0FPGHM1D-xxX_18nfo-M
UK Market Drops,RTT News,d7ciPlHSS0FPGHM1D-xxX_18nfo-M
European Markets Weak After Eurozone Economic Growth Slows,RTT News,d7ciPlHSS0FPGHM1D-xxX_18nfo-M
Euro Falls Amid Weak PMI Data From Europe,RTT News,d7ciPlHSS0FPGHM1D-xxX_18nfo-M
"GLOBAL MARKETS-Gloomy French data hits European stocks, Iraq keeps oil high",Reuters,d7ciPlHSS0FPGHM1D-xxX_18nfo-M
Euro-zone PMI falls in June as France stays weak,MarketWatch,d7ciPlHSS0FPGHM1D-xxX_18nfo-M
Eurozone Private Sector Growth At 6-Month Low,RTT News,d7ciPlHSS0FPGHM1D-xxX_18nfo-M
Euro Mixed Following Eurozone PMI,RTT News,d7ciPlHSS0FPGHM1D-xxX_18nfo-M
Euro Falls Further Ahead Of Eurozone PMI,RTT News,d7ciPlHSS0FPGHM1D-xxX_18nfo-M
French private-sector activity falls again in June,MarketWatch,d7ciPlHSS0FPGHM1D-xxX_18nfo-M
France Private Sector Contracts Further In June,RTT News,d7ciPlHSS0FPGHM1D-xxX_18nfo-M
Euro Mixed Ahead Of German PMI,RTT News,d7ciPlHSS0FPGHM1D-xxX_18nfo-M
Euro Slips Against Most Majors After French PMI,RTT News,d7ciPlHSS0FPGHM1D-xxX_18nfo-M
SE Asia Stocks - Mostly up; China PMI boosts region,Reuters,d7ciPlHSS0FPGHM1D-xxX_18nfo-M
"GLOBAL ECONOMY-China, Japan manufacturing returns to growth, but exports  ...",Reuters,d7ciPlHSS0FPGHM1D-xxX_18nfo-M
China shares tepid despite flash PMI showing factory expansion,Reuters,d7ciPlHSS0FPGHM1D-xxX_18nfo-M
European Stocks Set To Rise After China Data,RTT News,d7ciPlHSS0FPGHM1D-xxX_18nfo-M
"GLOBAL MARKETS-Upbeat China PMI boosts Asia equities, Aussie; oil up on Iraq",Reuters,d7ciPlHSS0FPGHM1D-xxX_18nfo-M
China Factory Activity Expands For First Time In Six Months,RTT News,d7ciPlHSS0FPGHM1D-xxX_18nfo-M
Eurozone Flash Composite PMI On Tap For Monday,RTT News,d7ciPlHSS0FPGHM1D-xxX_18nfo-M
Canadian Dollar Climbs As Oil Prices Rise On Iraq Conflict,RTT News,d7ciPlHSS0FPGHM1D-xxX_18nfo-M
Japan June flash manufacturing PMI shows first expansion in three months,Reuters,d7ciPlHSS0FPGHM1D-xxX_18nfo-M
Australian And NZ Dollars Climb As China Manufacturing PMI Hits 7-month High,RTT News,d7ciPlHSS0FPGHM1D-xxX_18nfo-M
UPDATE 2-China June HSBC flash PMI shows first expansion in 6 months as  ...,Reuters,d7ciPlHSS0FPGHM1D-xxX_18nfo-M
RPT-UPDATE 1-China June HSBC flash PMI shows first expansion in 6 months  ...,Reuters,d7ciPlHSS0FPGHM1D-xxX_18nfo-M
Japan June flash manufacturing PMI shows first expansion in 3 months,Reuters,d7ciPlHSS0FPGHM1D-xxX_18nfo-M
UPDATE 1-China June HSBC flash PMI shows first expansion in 6 months as  ...,Reuters,d7ciPlHSS0FPGHM1D-xxX_18nfo-M
China HSBC Manufacturing PMI On Tap For Monday,RTT News,d7ciPlHSS0FPGHM1D-xxX_18nfo-M
UPDATE 1-Allergan advises shareholders against Valeant tender offer,Reuters,dRj7JgvkRkIDmrMdw6F0KduuZfspM
Allergan Urges Shareholders Not To Tender Shares To Valeant Exchange Offer,RTT News,dRj7JgvkRkIDmrMdw6F0KduuZfspM
Allergan rejects Valeant's bid again,MarketWatch,dRj7JgvkRkIDmrMdw6F0KduuZfspM
Allergan Rejects Valeant's Tender Offer - Quick Facts,RTT News,dRj7JgvkRkIDmrMdw6F0KduuZfspM
UPDATE 2-BNP nears up to $9 bln settlement with US authorities - source,Reuters,dONUzFKBMKkeBSMpNbUZsRcp4gT5M
BNP Paribas nears up to $9 bln settlement with US authorities: source,Reuters,dONUzFKBMKkeBSMpNbUZsRcp4gT5M
BNP Paribas Reportedly Agrees For Up To $9 Bln Settlement On Sanctions  ...,RTT News,dONUzFKBMKkeBSMpNbUZsRcp4gT5M
RPT-UPDATE 1-BNP Paribas nears up to $9 bln settlement with US authorities  ...,Reuters,dONUzFKBMKkeBSMpNbUZsRcp4gT5M
BNP Paribas Nears Up To $9 Bln Settlement With US : Reports,RTT News,dONUzFKBMKkeBSMpNbUZsRcp4gT5M
Europe Factors to Watch-Shares set to rise; eyes on euro zone data,Reuters,dONUzFKBMKkeBSMpNbUZsRcp4gT5M
BNP nears settlement with US for up to $9 billion,MarketWatch,dONUzFKBMKkeBSMpNbUZsRcp4gT5M
Oracle shares rise after $5.3 bln deal to buy Micros,MarketWatch,d7ndFVhb-1rhr5MkLod7X6VXqOt4M
UPDATE 2-Oracle looks to boost growth with biggest deal in 5 years,Reuters,d7ndFVhb-1rhr5MkLod7X6VXqOt4M
MICROS Systems Inc. (MCRS) Is Rising After Oracle Buys Company,RTT News,d7ndFVhb-1rhr5MkLod7X6VXqOt4M
Oracle To Buy Micros Systems In $5.3 Bln Deal,RTT News,d7ndFVhb-1rhr5MkLod7X6VXqOt4M
Oracle agrees to buy Micros Systems for $5.3 billion,MarketWatch,d7ndFVhb-1rhr5MkLod7X6VXqOt4M
WRAPUP 1-US housing regaining footing as supply improves,Reuters,dGKdmBbD8XnuQpMtoxml0uI_eVm9M
"US Existing Home Sales Jump 4.9% In May, More Than Expected",RTT News,dGKdmBbD8XnuQpMtoxml0uI_eVm9M
US Existing Home Sales Jump More Than Expected In May,RTT News,dGKdmBbD8XnuQpMtoxml0uI_eVm9M
Existing-home sales highest in seven months,MarketWatch,dGKdmBbD8XnuQpMtoxml0uI_eVm9M
UPDATE 2-Shire flags new drugs in AstraZeneca-style defence to AbbVie,Reuters,dmxi4R_ePtxhjSMhtfwtHoZxcnJMM
"Shire, AbbVie each set out new financial targets",MarketWatch,dmxi4R_ePtxhjSMhtfwtHoZxcnJMM
Shire Projects Annual Product Sales Of $10 Bln By 2020,RTT News,dmxi4R_ePtxhjSMhtfwtHoZxcnJMM
Shire flags existing and new drugs in defence to AbbVie,Reuters,dmxi4R_ePtxhjSMhtfwtHoZxcnJMM
Shire Targets $10 Bln In Annual Product Sales By 2020 - Quick Facts,RTT News,dmxi4R_ePtxhjSMhtfwtHoZxcnJMM
Shire Plc (SHPG) Leaped To A New High After Takeover Offer Rejected,RTT News,dmxi4R_ePtxhjSMhtfwtHoZxcnJMM
Shire to set out AstraZeneca-style defence against AbbVie,Reuters,dmxi4R_ePtxhjSMhtfwtHoZxcnJMM
European Stocks Lackluster Amid Iraq Worries,RTT News,dmxi4R_ePtxhjSMhtfwtHoZxcnJMM
"FTSEurofirst ends near 6 1/2-yr high, Shire surges on takeover offer",Reuters,dmxi4R_ePtxhjSMhtfwtHoZxcnJMM
Shire Update Call for Investors,MarketWatch,dmxi4R_ePtxhjSMhtfwtHoZxcnJMM
FTSEurofirst hits 6 1/2-yr high as Shire surges on takeover offer,Reuters,dmxi4R_ePtxhjSMhtfwtHoZxcnJMM
UK's FTSE 100 strengthens as Shire surges,Reuters,dmxi4R_ePtxhjSMhtfwtHoZxcnJMM
Bloomberg: AbbVie Mulls Another Sweetened Offer For Shire,RTT News,dmxi4R_ePtxhjSMhtfwtHoZxcnJMM
"FTSEurofirst hits 6 1/2-yr high, takeover offer boosts Shire",Reuters,dmxi4R_ePtxhjSMhtfwtHoZxcnJMM
AbbVie Considers Raising Takeover Offer For Shire : Report,RTT News,dmxi4R_ePtxhjSMhtfwtHoZxcnJMM
"European Markets Rise, Shire Jumps",RTT News,dmxi4R_ePtxhjSMhtfwtHoZxcnJMM
"UK Market Advances, Shire Climbs",RTT News,dmxi4R_ePtxhjSMhtfwtHoZxcnJMM
"Shire Rejects AbbVie's Merger Proposal, Stock Climbs - Update",RTT News,dmxi4R_ePtxhjSMhtfwtHoZxcnJMM
Shire boosts FTSE 100 to fourth day in black,MarketWatch,dmxi4R_ePtxhjSMhtfwtHoZxcnJMM
Shire says AbbVie offer undervalues group,Reuters,dmxi4R_ePtxhjSMhtfwtHoZxcnJMM
BRIEF-Shire says AbbVie Inc proposal undervalues company,Reuters,dmxi4R_ePtxhjSMhtfwtHoZxcnJMM
COLUMN-Energy scare good for oil stocks in the short term,Reuters,dKuM59GnA7MWWkMuXHOSLXQTbmP0M
UPDATE 6-Brent crude falls toward $114 as Iraq supply fears ease,Reuters,dKuM59GnA7MWWkMuXHOSLXQTbmP0M
Energy scare good for oil stocks in the short term,Reuters,dKuM59GnA7MWWkMuXHOSLXQTbmP0M
Crude oil pulls back as Kerry meets Iraqis,MarketWatch,dKuM59GnA7MWWkMuXHOSLXQTbmP0M
Gold Levels Off After Big Gains Last Week,RTT News,dKuM59GnA7MWWkMuXHOSLXQTbmP0M
Crude Oil Hovers Near $107 As Kerry Arrives In Iraq,RTT News,dKuM59GnA7MWWkMuXHOSLXQTbmP0M
"Iraq crisis, China boost oil futures",MarketWatch,dKuM59GnA7MWWkMuXHOSLXQTbmP0M
MARKET EYE-Indian bond yields hit 1-month high as oil prices rise,Reuters,dKuM59GnA7MWWkMuXHOSLXQTbmP0M
European Stocks Set To Rise After China Data,RTT News,dKuM59GnA7MWWkMuXHOSLXQTbmP0M
Brent near 9-month top above $115 on Iraq tensions,Reuters,dKuM59GnA7MWWkMuXHOSLXQTbmP0M
"MARKET EYE-Indian bond yields to edge higher, tracking crude, US peers",Reuters,dKuM59GnA7MWWkMuXHOSLXQTbmP0M
"MARKET EYE-Indian bond yields inch higher tracking US peers, oil",Reuters,dKuM59GnA7MWWkMuXHOSLXQTbmP0M
NYMEX-US crude above $107 a barrel on Iraq violence,Reuters,dKuM59GnA7MWWkMuXHOSLXQTbmP0M
"UPDATE 6-Oil above $114, Iraq and supply concerns support",Reuters,dmZoHgYionf6LzMpXF25JBM-6e4_M
Oil holds above $106 on demand prospects,MarketWatch,dmZoHgYionf6LzMpXF25JBM-6e4_M
UPDATE 1-OPEC secretary general says no shortage of oil,Reuters,dmZoHgYionf6LzMpXF25JBM-6e4_M
Oil consolidates as Iraq maintains exports,MarketWatch,dmZoHgYionf6LzMpXF25JBM-6e4_M
Crude Oil Holds Above $106 Ahead Of Inventories,RTT News,dmZoHgYionf6LzMpXF25JBM-6e4_M
Oil futures slide as Iraqi crisis continues,MarketWatch,dmZoHgYionf6LzMpXF25JBM-6e4_M
"UPDATE 2-Brent drops below $114, Iraq oil data eases supply worries",Reuters,dmZoHgYionf6LzMpXF25JBM-6e4_M
Indian Shares Seen Inching Higher As Oil Prices Ease,RTT News,dmZoHgYionf6LzMpXF25JBM-6e4_M
NYMEX-US crude under $106 as data shows near record Iraq exports,Reuters,dmZoHgYionf6LzMpXF25JBM-6e4_M
CORRECTED-UPDATE 7-Brent crude falls again as Iraq supply fears ease,Reuters,dmZoHgYionf6LzMpXF25JBM-6e4_M
UPDATE 7-Brent crude falls again as Iraq supply fears ease,Reuters,dmZoHgYionf6LzMpXF25JBM-6e4_M
Indian bond yields hit 1-month high on rising crude oil prices,Reuters,dmZoHgYionf6LzMpXF25JBM-6e4_M
"US STOCKS-Wall St flat, but tech and biotech lift Nasdaq",Reuters,dp0yuhgXZ5yfrtMHZM6dmFpDtRI2M
Major Averages Move To The Upside Following Upbeat Data,RTT News,dp0yuhgXZ5yfrtMHZM6dmFpDtRI2M
Apprehensive Mood Continues As Overbought Markets Await Cues,RTT News,dp0yuhgXZ5yfrtMHZM6dmFpDtRI2M
"US STOCKS-Futures point to flat open, consumer data awaited",Reuters,dp0yuhgXZ5yfrtMHZM6dmFpDtRI2M
"US STOCKS-Futures edge lower, consumer data awaited",Reuters,dp0yuhgXZ5yfrtMHZM6dmFpDtRI2M
US STOCKS SNAPSHOT-Wall St ends nearly flat after six-day rally,Reuters,dp0yuhgXZ5yfrtMHZM6dmFpDtRI2M
"US STOCKS-Wall St ends flat after six-day rally, energy rises",Reuters,dp0yuhgXZ5yfrtMHZM6dmFpDtRI2M
Major Averages Close Nearly Flat After Choppy Trading Day,RTT News,dp0yuhgXZ5yfrtMHZM6dmFpDtRI2M
Stocks Finish Choppy Trading Day Nearly Flat - U.S. Commentary,RTT News,dp0yuhgXZ5yfrtMHZM6dmFpDtRI2M
"US STOCKS-Wall St flat after six-day gain, homebuilders rally",Reuters,dp0yuhgXZ5yfrtMHZM6dmFpDtRI2M
Stocks Experiencing Choppy Trading Following Recent Gains - US Commentary,RTT News,dp0yuhgXZ5yfrtMHZM6dmFpDtRI2M
U.S. stocks retreat from record levels,MarketWatch,dp0yuhgXZ5yfrtMHZM6dmFpDtRI2M
Stocks May Show A Lack Of Direction In Early Trading - US Commentary,RTT News,dp0yuhgXZ5yfrtMHZM6dmFpDtRI2M
Investors May Take A Breather Following Recent Gains,RTT News,dp0yuhgXZ5yfrtMHZM6dmFpDtRI2M
Futures Pointing To A Roughly Flat Open On Wall Street,RTT News,dp0yuhgXZ5yfrtMHZM6dmFpDtRI2M
American Apparel Ousted CEO Seeks Board Shake-Up,RTT News,d_6RL3BNKVdDyYMBKmZ7ixjp2gWzM
UPDATE 3-American Apparel says company not for sale,Reuters,d_6RL3BNKVdDyYMBKmZ7ixjp2gWzM
American Apparel's ousted CEO signals a fight to retain control,MarketWatch,d_6RL3BNKVdDyYMBKmZ7ixjp2gWzM
"WRAPUP 2-Consumer confidence, housing data bolster US growth outlook",Reuters,ddmyjQnp9HhqxyMLFPuBfaXKpEe0M
New home sales hit highest level in 6 years,MarketWatch,ddmyjQnp9HhqxyMLFPuBfaXKpEe0M
US New Home Sales Jump To Six-Year High In May,RTT News,ddmyjQnp9HhqxyMLFPuBfaXKpEe0M
U.S. New Home Sales Jump Much More Than Expected In May,RTT News,ddmyjQnp9HhqxyMLFPuBfaXKpEe0M
Sales of new homes rise in May at fastest rate in 6 years,MarketWatch,ddmyjQnp9HhqxyMLFPuBfaXKpEe0M
US Existing Home Sales Jump More Than Expected In May,RTT News,ddmyjQnp9HhqxyMLFPuBfaXKpEe0M
UPDATE 2-Walgreen pulls 2016 forecast pending Alliance Boots decision,Reuters,d8Xsif8G3ql64bMbZZaGSbJoXWwsM
Walgreen Q3 Profit Rises; But Results Miss Estimates - Quick Facts,RTT News,d8Xsif8G3ql64bMbZZaGSbJoXWwsM
"Walgreen warns of margin pressure, pulls 2016 goal",MarketWatch,d8Xsif8G3ql64bMbZZaGSbJoXWwsM
Gold futures score 5th straight session gain,MarketWatch,dKMzVtmWpbGX0NM8rNQFIZXSCJsUM
"PRECIOUS-Gold, silver hit multi-month highs as stocks retreat",Reuters,dKMzVtmWpbGX0NM8rNQFIZXSCJsUM
Gold At 3-Month Peak As Iraq Insurgency Gathers Steam,RTT News,dKMzVtmWpbGX0NM8rNQFIZXSCJsUM
PRECIOUS-Gold slips; platinum gains as South African strike ends,Reuters,dKMzVtmWpbGX0NM8rNQFIZXSCJsUM
PRECIOUS-Gold slips; platinum extends losses as Sth African strike ends,Reuters,dKMzVtmWpbGX0NM8rNQFIZXSCJsUM
"PRECIOUS-Gold rises on Iraq, S&P drop; platinum down as strike ends",Reuters,dKMzVtmWpbGX0NM8rNQFIZXSCJsUM
Gold inches up after 3.3% weekly pop,MarketWatch,dKMzVtmWpbGX0NM8rNQFIZXSCJsUM
"Gold slips, but gold bulls seen with 'momentum on their side'",MarketWatch,dKMzVtmWpbGX0NM8rNQFIZXSCJsUM
Gold Levels Off After Big Gains Last Week,RTT News,dKMzVtmWpbGX0NM8rNQFIZXSCJsUM
PRECIOUS-Gold steady near 2-month high as safe-haven bids support,Reuters,dKMzVtmWpbGX0NM8rNQFIZXSCJsUM
More vehicles recalled for airbags,MarketWatch,daeGMRUKKN46QIMbkyCQlgX-DVMrM
UPDATE 4-Honda and others recall nearly 3 mln vehicles over air bag flaw,Reuters,daeGMRUKKN46QIMbkyCQlgX-DVMrM
"Honda, Nissan, Mazda Recall 3 Mln Vehicles Over Faulty Airbags",RTT News,daeGMRUKKN46QIMbkyCQlgX-DVMrM
"Honda, Nissan, Mazda recall almost 3 million vehicles",MarketWatch,daeGMRUKKN46QIMbkyCQlgX-DVMrM
Asian Stocks Slide On Iraq Worries,RTT News,dpDU1HXRoTIipSM0HRUKkJxeaG_DM
GLOBAL MARKETS-Asian shares wither as Iraq crisis dims mood,Reuters,dpDU1HXRoTIipSM0HRUKkJxeaG_DM
Asian shares lower after Wall Street losses,MarketWatch,dpDU1HXRoTIipSM0HRUKkJxeaG_DM
GLOBAL MARKETS-Asian shares wither as Wall Street pulls back,Reuters,dpDU1HXRoTIipSM0HRUKkJxeaG_DM
Indian Shares Seen Flat-to-lower On Iraq Worries,RTT News,dpDU1HXRoTIipSM0HRUKkJxeaG_DM
European Markets Fall On Iraq Concerns,RTT News,d02UFXK26SEszSM8Q1X2nUHj2pcOM
"French Market Declines, Vivendi Drops",RTT News,d02UFXK26SEszSM8Q1X2nUHj2pcOM
German Market Moderately Down,RTT News,d02UFXK26SEszSM8Q1X2nUHj2pcOM
"GLOBAL MARKETS-Iraq jitters hit European shares, German bond yields slip",Reuters,d02UFXK26SEszSM8Q1X2nUHj2pcOM
"GLOBAL MARKETS-German Ifo hits stocks, Carney knocks sterling",Reuters,d02UFXK26SEszSM8Q1X2nUHj2pcOM
German Business Confidence Falls To 6-Month Low,RTT News,d02UFXK26SEszSM8Q1X2nUHj2pcOM
French Market Modestly Up,RTT News,d02UFXK26SEszSM8Q1X2nUHj2pcOM
UK Market Declines,RTT News,d02UFXK26SEszSM8Q1X2nUHj2pcOM
Euro Rises Despite Weak German Ifo Business Sentiment Index,RTT News,d02UFXK26SEszSM8Q1X2nUHj2pcOM
"UPDATE 1-German Ifo business morale in June hit by Ukraine, Iraq",Reuters,d02UFXK26SEszSM8Q1X2nUHj2pcOM
GLOBAL MARKETS-Subdued Ifo takes M&A shine off European stocks,Reuters,d02UFXK26SEszSM8Q1X2nUHj2pcOM
Ukraine and Iraq undermine German business morale -Ifo economist,Reuters,d02UFXK26SEszSM8Q1X2nUHj2pcOM
German Business Confidence Drops More Than Forecast,RTT News,d02UFXK26SEszSM8Q1X2nUHj2pcOM
"German Ifo index falls amid Iraq, Ukraine crises",MarketWatch,d02UFXK26SEszSM8Q1X2nUHj2pcOM
"FOREX-Euro, pound tread water before German Ifo, Carney testimony",Reuters,d02UFXK26SEszSM8Q1X2nUHj2pcOM
European Stocks Seen Flat-to-higher,RTT News,d02UFXK26SEszSM8Q1X2nUHj2pcOM
"China shares fall on weaker banks, Hong Kong lackluster",Reuters,dWlg0_y9yHzZeYM4_opTck2fmR9ZM
UPDATE 1-Developer China Vanke in talks to attract strategic investors,Reuters,dWlg0_y9yHzZeYM4_opTck2fmR9ZM
Developer China Vanke says in talks to attract strategic investors,Reuters,dWlg0_y9yHzZeYM4_opTck2fmR9ZM
PRESS DIGEST - Hong Kong - June 25,Reuters,dWlg0_y9yHzZeYM4_opTck2fmR9ZM
China Vanke's Hong Kong shares up early on debut,MarketWatch,dWlg0_y9yHzZeYM4_opTck2fmR9ZM
Hong Kong Bourse Draws Soft Open,RTT News,dWlg0_y9yHzZeYM4_opTck2fmR9ZM
PRESS DIGEST - Hong Kong - June 24,Reuters,dWlg0_y9yHzZeYM4_opTck2fmR9ZM
Bargain Hunting May Lift Hong Kong Stocks,RTT News,dWlg0_y9yHzZeYM4_opTck2fmR9ZM
UPDATE 2-Etihad says agreed principal terms to buy 49 pct of Alitalia,Reuters,day6I3-7mhZqIDMPsKxAcZAOktzSM
Etihad Airways To Buy 49% Stake In Alitalia - Update,RTT News,day6I3-7mhZqIDMPsKxAcZAOktzSM
Etihad says agreed principal terms to buy 49 pct of Alitalia,Reuters,day6I3-7mhZqIDMPsKxAcZAOktzSM
Just add items to create a watchlist now:,MarketWatch,day6I3-7mhZqIDMPsKxAcZAOktzSM
"Stocks edge up; CBS, Monsanto lead S&P",MarketWatch,d2wvfvUtI5EyrMMQcm_6ZLc7pqC5M
"Stocks fluctuate after soft data; Monsanto leaps, Valero dives",MarketWatch,d2wvfvUtI5EyrMMQcm_6ZLc7pqC5M
US STOCKS-Futures point to lower open after weak GDP report,Reuters,d2wvfvUtI5EyrMMQcm_6ZLc7pqC5M
"Nasdaq breaks out, S&P 500 grinds higher",MarketWatch,d2wvfvUtI5EyrMMQcm_6ZLc7pqC5M
GLOBAL MARKETS-Wall Street ends down after record high; sterling tumbles,Reuters,d2wvfvUtI5EyrMMQcm_6ZLc7pqC5M
US STOCKS-Wall St retreats on Iraq worries as data boost fades,Reuters,d2wvfvUtI5EyrMMQcm_6ZLc7pqC5M
US STOCKS SNAPSHOT-Wall St ends down as Iraq concerns rise,Reuters,d2wvfvUtI5EyrMMQcm_6ZLc7pqC5M
US stocks fall; Dow in triple-digit loss,MarketWatch,d2wvfvUtI5EyrMMQcm_6ZLc7pqC5M
GLOBAL MARKETS-Wall Street slips after record high; sterling tumbles,Reuters,d2wvfvUtI5EyrMMQcm_6ZLc7pqC5M
"Nasdaq Firmly Positive, Dow And S&P 500 Clinging To Modest Gains",RTT News,d2wvfvUtI5EyrMMQcm_6ZLc7pqC5M
"US STOCKS-Data lift Wall St, S&P hits another record",Reuters,d2wvfvUtI5EyrMMQcm_6ZLc7pqC5M
US STOCKS SNAPSHOT-Wall St ends nearly flat after six-day rally,Reuters,d2wvfvUtI5EyrMMQcm_6ZLc7pqC5M
Stocks Experiencing Choppy Trading Following Recent Gains - US Commentary,RTT News,d2wvfvUtI5EyrMMQcm_6ZLc7pqC5M
US STOCKS SNAPSHOT-Wall St opens flat after six-day rally,Reuters,d2wvfvUtI5EyrMMQcm_6ZLc7pqC5M
Investors May Take A Breather Following Recent Gains,RTT News,d2wvfvUtI5EyrMMQcm_6ZLc7pqC5M
Economy's stumble in first quarter historic,MarketWatch,dDkTxCFNrRmzqyMPP9l7fynC7yuiM
US GDP Shows Substantial Contraction In Q1,RTT News,dDkTxCFNrRmzqyMPP9l7fynC7yuiM
"WRAPUP 1-US economy contracts sharply, consumer spending revised down",Reuters,dDkTxCFNrRmzqyMPP9l7fynC7yuiM
Carphone Warehouse FY profit rises; view positive,MarketWatch,d7achHeamAOUqeMqbrl_k5y1_vVTM
Dixons Retail Pre-tax Profit Rises; Says New Year Started Well,RTT News,d7achHeamAOUqeMqbrl_k5y1_vVTM
Dixons Retail profits soar ahead of Carphone merger,Reuters,d7achHeamAOUqeMqbrl_k5y1_vVTM
"UPDATE 1-Carphone, Dixons profits rise ahead of planned merger",Reuters,d7achHeamAOUqeMqbrl_k5y1_vVTM
Carphone Warehouse reports Preliminary fiscal year EPS from cont. ops. of 8.5p,RTT News,d7achHeamAOUqeMqbrl_k5y1_vVTM
Dixons FY profit up 53%; sales get World Cup boost,MarketWatch,d7achHeamAOUqeMqbrl_k5y1_vVTM
"Dixons Retail Annual Pre-tax Profit Climbs, Says New Year Started Well",RTT News,d7achHeamAOUqeMqbrl_k5y1_vVTM
Carphone Warehouse earnings jump ahead of Dixons merger,Reuters,d7achHeamAOUqeMqbrl_k5y1_vVTM
"EU Commission approves UK's Carphone, Dixons merger",Reuters,d7achHeamAOUqeMqbrl_k5y1_vVTM
"UPDATE 2-Barnes & Noble to spin off Nook business, focus on stores",Reuters,dc4ziFbTuRjJjxM9hLUIlE27kedwM
"Barnes & Noble Q4 Loss Narrows, Approves Retail, Nook Separation",RTT News,dc4ziFbTuRjJjxM9hLUIlE27kedwM
"Barnes & Noble reports smaller loss, says to separate Nook Media",Reuters,dc4ziFbTuRjJjxM9hLUIlE27kedwM
"Updates, advisories and surprises",MarketWatch,dc4ziFbTuRjJjxM9hLUIlE27kedwM
"Barnes & Noble to split Nook, retail businesses",MarketWatch,dc4ziFbTuRjJjxM9hLUIlE27kedwM
US second-quarter growth forecasts cut on tepid consumer spending,Reuters,dcnLpLtxYqnLt9MRM43DAw7DaNy2M
WRAPUP 2-US 2nd-quarter growth forecasts cut on tepid consumer spending,Reuters,dcnLpLtxYqnLt9MRM43DAw7DaNy2M
US 2nd-quarter growth forecasts cut on tepid consumer spending,Reuters,dcnLpLtxYqnLt9MRM43DAw7DaNy2M
"Consumers splurge on cars in May, that's it",MarketWatch,dcnLpLtxYqnLt9MRM43DAw7DaNy2M
US Income Growth Matches Estimates But Spending Growth Falls Short,RTT News,dcnLpLtxYqnLt9MRM43DAw7DaNy2M
"Consumers splurge on cars in May, but that's it",MarketWatch,dcnLpLtxYqnLt9MRM43DAw7DaNy2M
"Consumers splurge on cars in May, but not much else",MarketWatch,dcnLpLtxYqnLt9MRM43DAw7DaNy2M
4 ETFs That May Include GoPro,MarketWatch,dtzEtCIuptnGnYM-d1hm66m1CLiQM
4 things GoPro needs to do to succeed,MarketWatch,dtzEtCIuptnGnYM-d1hm66m1CLiQM
GoPro Shares Soar In Nasdaq Debut,RTT News,dtzEtCIuptnGnYM-d1hm66m1CLiQM
UPDATE 1-Action camera-maker GoPro makes picture-perfect debut,Reuters,dtzEtCIuptnGnYM-d1hm66m1CLiQM
Action camera-maker GoPro's shares jump 26 pct in debut,Reuters,dtzEtCIuptnGnYM-d1hm66m1CLiQM
"Zulily rises, GoPro awaits public debut",MarketWatch,dtzEtCIuptnGnYM-d1hm66m1CLiQM
GoPro's IPO priced at $24 per share: underwriter,Reuters,dtzEtCIuptnGnYM-d1hm66m1CLiQM
GoPro's IPO prices at high end of expectations,MarketWatch,dtzEtCIuptnGnYM-d1hm66m1CLiQM
GoPro brings rare gadget deal to hot IPO market,MarketWatch,dtzEtCIuptnGnYM-d1hm66m1CLiQM
US STOCKS SNAPSHOT-Tech leads Wall St higher but DuPont drags,Reuters,d7ofUkOYJlt5KQMvytblez7AtoKHM
Late Rally Leaves Major Averages Higher At Close - US Commentary,RTT News,d7ofUkOYJlt5KQMvytblez7AtoKHM
U.S. stocks rally into close; end week lower,MarketWatch,d7ofUkOYJlt5KQMvytblez7AtoKHM
"US STOCKS-S&P 500, Dow dip as DuPont warns; Nasdaq edges up",Reuters,d7ofUkOYJlt5KQMvytblez7AtoKHM
"US STOCKS-S&P 500 flat, on track to close slightly lower on week",Reuters,d7ofUkOYJlt5KQMvytblez7AtoKHM
Stocks Showing A Lack Of Direction In Mid-Day Trading - US Commentary,RTT News,d7ofUkOYJlt5KQMvytblez7AtoKHM
"US STOCKS-Wall St edges lower, on track for weekly loss",Reuters,d7ofUkOYJlt5KQMvytblez7AtoKHM
"US STOCKS SNAPSHOT-Wall St ticks down at open, DuPont weighs",Reuters,d7ofUkOYJlt5KQMvytblez7AtoKHM
US stocks edge lower; Nike up on earnings,MarketWatch,d7ofUkOYJlt5KQMvytblez7AtoKHM
"US STOCKS-Futures point to lower Wall St open, Nike gains early",Reuters,d7ofUkOYJlt5KQMvytblez7AtoKHM
"REFILE-US STOCKS-Futures dip, but Nike rises in premarket",Reuters,d7ofUkOYJlt5KQMvytblez7AtoKHM
US STOCKS-Wall St set for flat open; Barclays lawsuit in focus,Reuters,d7ofUkOYJlt5KQMvytblez7AtoKHM
UPDATE 2-BNP plans dividend cut and bond issue as US settlement nears-WSJ,Reuters,dBVvYSleDLImmmM_qjHEHH0DIhERM
BNP plans to slash dividend over U.S. settlement,MarketWatch,dBVvYSleDLImmmM_qjHEHH0DIhERM
Exclusive: BNP may face one-year ban on processing some dollar payments  ...,Reuters,dBVvYSleDLImmmM_qjHEHH0DIhERM
Reports: BNP Paribas To Be Temporarily Banned From Dollar Clearing,RTT News,dBVvYSleDLImmmM_qjHEHH0DIhERM
"UPDATE 1-Banks may give up govt debt dealerships, says BNP Paribas",Reuters,dBVvYSleDLImmmM_qjHEHH0DIhERM
Some banks may walk away from government debt primary market -BNP,Reuters,dBVvYSleDLImmmM_qjHEHH0DIhERM
UPDATE 10-Oil steadies after big drop on easing supply fears,Reuters,dJjcPpolNfLLc7M4bBl4zQKZ5DXSM
Oil down a second week as Iraq fear premium fades,MarketWatch,dJjcPpolNfLLc7M4bBl4zQKZ5DXSM
"Crude Ends Lower, Sheds 1% For Week",RTT News,dJjcPpolNfLLc7M4bBl4zQKZ5DXSM
Oil edges lower for second straight weekly decline,MarketWatch,dJjcPpolNfLLc7M4bBl4zQKZ5DXSM
Crude Oil Holds Below $106 Ahead Of US Consumer Sentiment,RTT News,dJjcPpolNfLLc7M4bBl4zQKZ5DXSM
Crude Oil Ends Below $106 As Dollar Strengthens,RTT News,dJjcPpolNfLLc7M4bBl4zQKZ5DXSM
Gold Steady Above $1315 After Hawkish Fed Remarks,RTT News,dUh5Lgr8BjTkrJMYPKwIF8icGj_GM
European Stocks Fall On US Fed Comments,RTT News,dUh5Lgr8BjTkrJMYPKwIF8icGj_GM
Fed's Bullard: much closer to normal economy than most realize,Reuters,dUh5Lgr8BjTkrJMYPKwIF8icGj_GM
Fed's Bullard sees inflation above 2% in 2015,MarketWatch,dUh5Lgr8BjTkrJMYPKwIF8icGj_GM
UPDATE 2-BNP Paribas CEO tells employees bank facing heavy US penalties,Reuters,dYjC5wxxLaz-sBMuzIuHjj-scAckM
Bloomberg: BNP Paribas To Plead Guilty Of Violating US Sanctions,RTT News,dYjC5wxxLaz-sBMuzIuHjj-scAckM
BNP plans to slash dividend over U.S. settlement,MarketWatch,dYjC5wxxLaz-sBMuzIuHjj-scAckM
UPDATE 1-US pending home sales hit eight-month high in May,Reuters,d_gSOVyb6AktUYMCiBrZgMdhpbkTM
"U.S. Pending Home Sales Jump 6.1% In May, Much More Than Expected",RTT News,d_gSOVyb6AktUYMCiBrZgMdhpbkTM
Pending home sales highest in eight months,MarketWatch,d_gSOVyb6AktUYMCiBrZgMdhpbkTM
US STOCKS SNAPSHOT-Wall St opens flat with data on tap,Reuters,dSUPr0XpohuZenMyF4Kcecf3lr76M
Stock market aims for fifth monthly gain,MarketWatch,dSUPr0XpohuZenMyF4Kcecf3lr76M
"US STOCKS-Futures dip modestly, but quarter set to end positive",Reuters,dSUPr0XpohuZenMyF4Kcecf3lr76M
"US STOCKS-Wall St to open flat, quarter set to end positive",Reuters,dSUPr0XpohuZenMyF4Kcecf3lr76M
"U.S. stock market: Futures flat, but first-half gain in view",MarketWatch,dSUPr0XpohuZenMyF4Kcecf3lr76M
Late Rally Leaves Major Averages Higher At Close - US Commentary,RTT News,dSUPr0XpohuZenMyF4Kcecf3lr76M
"US STOCKS-S&P 500, Dow dip as DuPont warns; Nasdaq edges up",Reuters,dSUPr0XpohuZenMyF4Kcecf3lr76M
India Morning Call-Global Markets,Reuters,dSUPr0XpohuZenMyF4Kcecf3lr76M
Europe stocks edge back; EasyJet drops on downgrade,MarketWatch,dOMwO37KzobwlnMzh-naKdrirlEJM
European Stocks Flat After Tame Inflation Report,RTT News,dOMwO37KzobwlnMzh-naKdrirlEJM
"Stocks set for quarterly gains, yen at five-week high",Reuters,dOMwO37KzobwlnMzh-naKdrirlEJM
Eurozone June Inflation Steady At 0.5%,RTT News,dOMwO37KzobwlnMzh-naKdrirlEJM
UPDATE 1-ECB to wait for June measures to bite as inflation stays low,Reuters,dOMwO37KzobwlnMzh-naKdrirlEJM
Euro Advances After Eurozone Inflation Data,RTT News,dOMwO37KzobwlnMzh-naKdrirlEJM
"UPDATE 1-Euro zone loans slump, ECB waits for new measures to kick in",Reuters,dOMwO37KzobwlnMzh-naKdrirlEJM
Euro-zone inflation stays at 0.5% as lending falls,MarketWatch,dOMwO37KzobwlnMzh-naKdrirlEJM
European stocks higher ahead of inflation report,MarketWatch,dOMwO37KzobwlnMzh-naKdrirlEJM
ECB's Mersch: No euro zone deflationary pressure,MarketWatch,dOMwO37KzobwlnMzh-naKdrirlEJM
"German Market Advances, But Bilfinger Declines On Outlook Cut",RTT News,dZdgzuFO1Td5IiMTZwgLfLV2KNHRM
Greece Manufacturing PMI At 7-Month Low In June,RTT News,dZdgzuFO1Td5IiMTZwgLfLV2KNHRM
"GLOBAL ECONOMY-Asian stimulus boosts factories, euro zone still lags",Reuters,dZdgzuFO1Td5IiMTZwgLfLV2KNHRM
Wall Street Set For Firmer Open As Global Manufacturing Activity Encourages,RTT News,dZdgzuFO1Td5IiMTZwgLfLV2KNHRM
"WRAPUP 1-Central European factory activity slows, Poland nears stagnation",Reuters,dZdgzuFO1Td5IiMTZwgLfLV2KNHRM
U.K. manufacturing PMI rises unexpectedly to 57.5,MarketWatch,dZdgzuFO1Td5IiMTZwgLfLV2KNHRM
"REFILE-Euro zone manufacturing growth eases in June, France slowdown  ...",Reuters,dZdgzuFO1Td5IiMTZwgLfLV2KNHRM
Czech Manufacturing Activity Slows In June,RTT News,dZdgzuFO1Td5IiMTZwgLfLV2KNHRM
Euro-zone manufacturing slows in June,MarketWatch,dZdgzuFO1Td5IiMTZwgLfLV2KNHRM
Poland Manufacturing Activity Slows In June,RTT News,dZdgzuFO1Td5IiMTZwgLfLV2KNHRM
Ireland Manufacturing Expands Further On Strong New Order Growth,RTT News,dZdgzuFO1Td5IiMTZwgLfLV2KNHRM
Turkey Manufacturing Sector Contracts In June,RTT News,dZdgzuFO1Td5IiMTZwgLfLV2KNHRM
Turkey's PMI slumps to near three-year low,MarketWatch,dZdgzuFO1Td5IiMTZwgLfLV2KNHRM
Taiwan Manufacturing Growth At 4-month High,RTT News,dZdgzuFO1Td5IiMTZwgLfLV2KNHRM
India's Manufacturing Sector Maintains Growth Momentum,RTT News,dZdgzuFO1Td5IiMTZwgLfLV2KNHRM
"UPDATE 2-China factory activity hits multi-month highs, economy steadying",Reuters,dZdgzuFO1Td5IiMTZwgLfLV2KNHRM
Yen Falls On China PMI,RTT News,dZdgzuFO1Td5IiMTZwgLfLV2KNHRM
Vietnam's manufacturing PMI holds to strength,MarketWatch,dZdgzuFO1Td5IiMTZwgLfLV2KNHRM
NZ Dollar Advances After China PMI,RTT News,dZdgzuFO1Td5IiMTZwgLfLV2KNHRM
Japan HSBC/Markit PMI Rebounds In June,RTT News,dZdgzuFO1Td5IiMTZwgLfLV2KNHRM
China HSBC/Markit PMI Rises In June,RTT News,dZdgzuFO1Td5IiMTZwgLfLV2KNHRM
China factories show first improvement in six months,MarketWatch,dZdgzuFO1Td5IiMTZwgLfLV2KNHRM
China June official PMI rises to 51 from 50.8 in May,Reuters,dZdgzuFO1Td5IiMTZwgLfLV2KNHRM
WRAPUP 2-US imposes record fine on BNP in sanctions warning to banks,Reuters,dfIEH7jh6gu3BeMpJs-5IJQZuR-SM
RPT-Fitch: No Immediate Effect on BNP Paribas's Ratings from Settlement,Reuters,dfIEH7jh6gu3BeMpJs-5IJQZuR-SM
UPDATE 1-Swiss regulator says investigating staff at BNP's Geneva unit,Reuters,dfIEH7jh6gu3BeMpJs-5IJQZuR-SM
BNP Paribas may raise cash after record US fine,MarketWatch,dfIEH7jh6gu3BeMpJs-5IJQZuR-SM
"Swiss regulator probing management, staff at BNP Geneva unit",Reuters,dfIEH7jh6gu3BeMpJs-5IJQZuR-SM
European shares edge higher as BNP Paribas rebounds,Reuters,dfIEH7jh6gu3BeMpJs-5IJQZuR-SM
BNP Paribas Regrets Misconduct; Sees Solid Results Excl. Charges; Stock Up,RTT News,dfIEH7jh6gu3BeMpJs-5IJQZuR-SM
"European Factors to Watch-Shares seen steady at open, BNP in focus",Reuters,dfIEH7jh6gu3BeMpJs-5IJQZuR-SM
"European Factors to Watch-Shares set for steady open, BNP seen up",Reuters,dfIEH7jh6gu3BeMpJs-5IJQZuR-SM
BNP Paribas Regrets Past Misconduct - Quick Facts,RTT News,dfIEH7jh6gu3BeMpJs-5IJQZuR-SM
"European Factors to Watch-Shares seen edging up, BNP in focus",Reuters,dfIEH7jh6gu3BeMpJs-5IJQZuR-SM
French and Benelux stocks-Factors to watch on July 1,Reuters,dfIEH7jh6gu3BeMpJs-5IJQZuR-SM
"CORRECTED-UPDATE 2-France's BNP to pay $9 bln in US sanctions case, face  ...",Reuters,dfIEH7jh6gu3BeMpJs-5IJQZuR-SM
"BNP Paribas To Plead Guilty, Pay $8.9 Bln For US Sanctions Violations",RTT News,dfIEH7jh6gu3BeMpJs-5IJQZuR-SM
"UPDATE 2-France's BNP to pay $9 bln in US sanctions case, face dollar  ...",Reuters,dfIEH7jh6gu3BeMpJs-5IJQZuR-SM
BNP to suspend some US dollar-clearing for one year: NY regulator,Reuters,dfIEH7jh6gu3BeMpJs-5IJQZuR-SM
"New month, new quarter; car sales on tap",MarketWatch,dwQK602Fo8vfozMWul1jG90dAE0kM
Hormel Foods to buy Muscle Milk products maker CytoSport Holdings,Reuters,dwQK602Fo8vfozMWul1jG90dAE0kM
Hormel Foods To Acquire CytoSport For $450 Mln,RTT News,dwQK602Fo8vfozMWul1jG90dAE0kM
"Japan's tankan survey offers both hope, despair",MarketWatch,d8ulQ3UwYkJR-OMalf8LbtRzCPhiM
Nikkei gains after shrugging off BOJ tankan; China PMI lifts mood,Reuters,d8ulQ3UwYkJR-OMalf8LbtRzCPhiM
"Japanese Market Advances On Tankan, Weaker Yen",RTT News,d8ulQ3UwYkJR-OMalf8LbtRzCPhiM
"Japan's tankan survey slips, missing forecasts",MarketWatch,d8ulQ3UwYkJR-OMalf8LbtRzCPhiM
"Tax hike hits Japan business mood, but outlook upbeat: BOJ tankan",Reuters,d8ulQ3UwYkJR-OMalf8LbtRzCPhiM
Japan business confidence worsens in Q2 - BOJ tankan,Reuters,d8ulQ3UwYkJR-OMalf8LbtRzCPhiM
UPDATE 2-Twitter names former Goldman executive Noto as CFO,Reuters,dT5gkd1dJfJtAvMrTQdK3fL7BkrTM
Twitter Names Goldman Executive Anthony Noto To Succeed Mike Gupta As CFO,RTT News,dT5gkd1dJfJtAvMrTQdK3fL7BkrTM
UPDATE 1-Twitter names former Goldman executive Noto as CFO,Reuters,dT5gkd1dJfJtAvMrTQdK3fL7BkrTM
Twitter Appoints Anthony Noto As CFO - Quick Facts,RTT News,dT5gkd1dJfJtAvMrTQdK3fL7BkrTM
Twitter names Goldman banker Noto as CFO,MarketWatch,dT5gkd1dJfJtAvMrTQdK3fL7BkrTM
"GLOBAL ECONOMY-Manufacturing expands in US, Asia; euro zone still lags",Reuters,d4fRBlBN98xtAhMxrgwJDdX3NQdnM
Final Markit US manufacturing PMI slips to 57.3,MarketWatch,d4fRBlBN98xtAhMxrgwJDdX3NQdnM
UPDATE 1-Roaring UK manufacturing points to broadening recovery,Reuters,d4fRBlBN98xtAhMxrgwJDdX3NQdnM
Pound punches higher on U.K. manufacturing growth,MarketWatch,d4fRBlBN98xtAhMxrgwJDdX3NQdnM
Pound extends reach above $1.70 after U.K. manufacturing report,MarketWatch,d4fRBlBN98xtAhMxrgwJDdX3NQdnM
UK Manufacturing Strengthens Further In June,RTT News,d4fRBlBN98xtAhMxrgwJDdX3NQdnM
Vietnam Manufacturing Sector Growth Continues In June : Markit,RTT News,d4fRBlBN98xtAhMxrgwJDdX3NQdnM
PMI Reports From Major Eurozone Nations Due On Tuesday,RTT News,d4fRBlBN98xtAhMxrgwJDdX3NQdnM
India's Manufacturing Sector Maintains Growth Momentum,RTT News,d4fRBlBN98xtAhMxrgwJDdX3NQdnM
Taiwan manufacturing PMI hits four-month high,MarketWatch,d4fRBlBN98xtAhMxrgwJDdX3NQdnM
"FOREX-Dollar steadies before Yellen and ADP data, sterling shines",Reuters,da-MPumLstKqynMi_s28KazGJcDrM
"FOREX-Dollar steadies after hitting lows, awaits Yellen and ADP data",Reuters,da-MPumLstKqynMi_s28KazGJcDrM
U.S. Dollar Rises Ahead Of Data,RTT News,da-MPumLstKqynMi_s28KazGJcDrM
"Startling news for investors, Yellen and Congress",MarketWatch,da-MPumLstKqynMi_s28KazGJcDrM
"Hong Kong hits seven-month high on U.S., China data",MarketWatch,dCnLcsgG641g0oM-3xzXcMAkNLbcM
"Hong Kong main index hits highest since December on optimism, property gains",Reuters,dCnLcsgG641g0oM-3xzXcMAkNLbcM
"China share-indexes end higher, lifted by banks",Reuters,dCnLcsgG641g0oM-3xzXcMAkNLbcM
Hong Kong benchmark hits highest since December on property gains; China slips,Reuters,dCnLcsgG641g0oM-3xzXcMAkNLbcM
PRESS DIGEST - China - July 2,Reuters,dCnLcsgG641g0oM-3xzXcMAkNLbcM
China Stock Market May Extend It Gains,RTT News,dCnLcsgG641g0oM-3xzXcMAkNLbcM
Hong Kong Shares May See Quick Rebound,RTT News,dCnLcsgG641g0oM-3xzXcMAkNLbcM
Steady Start Expected For China Stock Market,RTT News,dCnLcsgG641g0oM-3xzXcMAkNLbcM
WRAPUP 4-US imposes record fine on BNP in sanctions warning to banks,Reuters,d6YO7NeDh0i1g-MGX-kN19ufmScwM
"UPDATE 2-BNP can absorb US fine without cash call, CEO tells paper",Reuters,d6YO7NeDh0i1g-MGX-kN19ufmScwM
White House declines to comment on BNP share rise,MarketWatch,d6YO7NeDh0i1g-MGX-kN19ufmScwM
BNP CEO says can absorb US fine without cash call - paper,Reuters,d6YO7NeDh0i1g-MGX-kN19ufmScwM
BNP Paribas says has ample cash to cover U.S. penalties,MarketWatch,d6YO7NeDh0i1g-MGX-kN19ufmScwM
BNP Paribas Regrets Misconduct; Sees Solid Results Excl. Charges; Stock Up,RTT News,d6YO7NeDh0i1g-MGX-kN19ufmScwM
"European Factors to Watch-Shares set for steady open, BNP seen up",Reuters,d6YO7NeDh0i1g-MGX-kN19ufmScwM
BNP Paribas Regrets Past Misconduct - Quick Facts,RTT News,d6YO7NeDh0i1g-MGX-kN19ufmScwM
BNP's CEO tells retail clients their assets are safe,Reuters,d6YO7NeDh0i1g-MGX-kN19ufmScwM
UPDATE 5-US June auto sales hit level not seen since July 2006,Reuters,d6sJi3kYX5eUrbMcrHWL_6zRrkcFM
"GM, Chrysler, Toyota June car sales climb",MarketWatch,d6sJi3kYX5eUrbMcrHWL_6zRrkcFM
Chrysler June U.S. Sales Rise 9%,RTT News,d6sJi3kYX5eUrbMcrHWL_6zRrkcFM
Chrysler June US Auto Sales Rise 9% - Quick Facts,RTT News,d6sJi3kYX5eUrbMcrHWL_6zRrkcFM
US Private Sector Job Growth Shows Substantial Acceleration In June,RTT News,deu40OMDcMQK_iM3u46our_nd-T7M
Private sector adds 281000 jobs in June: ADP,Reuters,deu40OMDcMQK_iM3u46our_nd-T7M
WRAPUP 1-US private job gains in June largest in 1-1/2 years,Reuters,deu40OMDcMQK_iM3u46our_nd-T7M
"This changes every... OK, nothing, but ADP still good sign",MarketWatch,deu40OMDcMQK_iM3u46our_nd-T7M
UPDATE 1-US private sector adds 281000 jobs in June -ADP,Reuters,deu40OMDcMQK_iM3u46our_nd-T7M
"281000 private-sector jobs added in June, ADP says",MarketWatch,deu40OMDcMQK_iM3u46our_nd-T7M
Private sector adds 281K jobs in June: ADP,MarketWatch,deu40OMDcMQK_iM3u46our_nd-T7M
"UPDATE 2-US sues T-Mobile USA, alleges bogus charges on phone bills",Reuters,dU6ewAz_2XbKBYMwAUf2mG_YOjeCM
FTC Sues T-Mobile For Cramming Bogus Charges,RTT News,dU6ewAz_2XbKBYMwAUf2mG_YOjeCM
FTC accuses T-Mobile of billing customers for bogus charges,MarketWatch,dU6ewAz_2XbKBYMwAUf2mG_YOjeCM
"Hong Kong benchmark slips, China stocks gain after upbeat survey",Reuters,dhFoIQ7b1n6alyM_m9nC-lv_dSNXM
China Stocks Likely To Be Rangebound,RTT News,dhFoIQ7b1n6alyM_m9nC-lv_dSNXM
"Hong Kong hits seven-month high on U.S., China data",MarketWatch,dhFoIQ7b1n6alyM_m9nC-lv_dSNXM
Asia stocks: Markets close higher,MarketWatch,dhFoIQ7b1n6alyM_m9nC-lv_dSNXM
"UPDATE 2-Brent dips to 3-wk low below $111, Libya says oil crisis over",Reuters,dWTqY98ucGWYTtMos4hipHZv52tgM
UPDATE 2-Libya declares oil crisis over after state reclaims ports,Reuters,dWTqY98ucGWYTtMos4hipHZv52tgM
NYMEX-US oil slips towards $104 as Libyan PM declares oil crisis over,Reuters,dWTqY98ucGWYTtMos4hipHZv52tgM
"UPDATE 9-Oil falls on Libya port deal, despite US inventory drop",Reuters,dWTqY98ucGWYTtMos4hipHZv52tgM
Crude Oil Ends Below $105 On Libya Supply Prospects,RTT News,dWTqY98ucGWYTtMos4hipHZv52tgM
Libyan rebels to reopen two remaining oil terminals: spokesman,Reuters,dWTqY98ucGWYTtMos4hipHZv52tgM
"Oil slips as Iraq worries fade, supply grows",MarketWatch,dWTqY98ucGWYTtMos4hipHZv52tgM
Ford Says CEO Mark Fields To Get Annual Cash Base Salary Of $1.75 Mln,RTT News,d-Cs8GmvKJ7SIzMkjFWksebkfCSSM
Ford's CEO Fields gets 9 pct raise in annual salary,Reuters,d-Cs8GmvKJ7SIzMkjFWksebkfCSSM
Ford CEO Fields receives $1.75 million base salary,MarketWatch,d-Cs8GmvKJ7SIzMkjFWksebkfCSSM
Ford files compensation arrangements for CEO Fields - Quick Facts,RTT News,d-Cs8GmvKJ7SIzMkjFWksebkfCSSM
"UPDATE 2-Yellen drives wedge between monetary policy, financial bubbles",Reuters,dirT8LyXGDFNfjMvllfqyEVKtXqsM
How the jobs report could disrupt the market's snooze,MarketWatch,dirT8LyXGDFNfjMvllfqyEVKtXqsM
Fed's Yellen says future could hold more zero lower bound episodes,Reuters,dirT8LyXGDFNfjMvllfqyEVKtXqsM
Yellen: Fed Policy Not The Best Tool To Promote Financial Stability,RTT News,dirT8LyXGDFNfjMvllfqyEVKtXqsM
Live blog and video of Yellen and Lagarde discussing financial stability,MarketWatch,dirT8LyXGDFNfjMvllfqyEVKtXqsM
"Yellen: Rate policy needs to focus on jobs, not stability",MarketWatch,dirT8LyXGDFNfjMvllfqyEVKtXqsM
"Yellen: Rate policy needs to focus on employment, not financial stability",MarketWatch,dirT8LyXGDFNfjMvllfqyEVKtXqsM
Five surprises that could derail higher interest rates,MarketWatch,dirT8LyXGDFNfjMvllfqyEVKtXqsM
UPDATE 2-JPMorgan's Dimon plans to use vacation for cancer treatment,Reuters,dtS1p_CVZU12qVMXG1MSUKIIXBzXM
Dimon's cancer only part of J.P. Morgan's ills,MarketWatch,dtS1p_CVZU12qVMXG1MSUKIIXBzXM
"UPDATE 4-JPMorgan's Dimon has throat cancer, to begin treatment shortly",Reuters,dtS1p_CVZU12qVMXG1MSUKIIXBzXM
JPMorgan CEO Jamie Dimon Says Diagnosed With Throat Cancer,RTT News,dtS1p_CVZU12qVMXG1MSUKIIXBzXM
UPDATE 1-JPMorgan CEO Dimon says has curable throat cancer,Reuters,dtS1p_CVZU12qVMXG1MSUKIIXBzXM
GLOBAL MARKETS-Asian stocks tread water ahead of US jobs data,Reuters,d1gpqsIu2qkadyM320qZrV7FIFUcM
"Dollar takes heart from ADP report, jobs data next test",Reuters,d1gpqsIu2qkadyM320qZrV7FIFUcM
"FOREX-Dollar takes heart from ADP report, jobs data next test",Reuters,d1gpqsIu2qkadyM320qZrV7FIFUcM
FOREX-Dollar gains on upbeat US private sector jobs data,Reuters,d1gpqsIu2qkadyM320qZrV7FIFUcM
US bond yields near lows even if jobs numbers stay rosy,Reuters,d1gpqsIu2qkadyM320qZrV7FIFUcM
Upbeat Jobs Data Leads To Continued Weakness Among Treasuries,RTT News,d1gpqsIu2qkadyM320qZrV7FIFUcM
FOREX-Dollar shines on strong US private sector jobs report,Reuters,d1gpqsIu2qkadyM320qZrV7FIFUcM
"U.S. Added 33330 Franchise Jobs in June, According to ADP National Franchise  ...",MarketWatch,d1gpqsIu2qkadyM320qZrV7FIFUcM
Teva files petition with US FDA against MS drug competitors,Reuters,d8OOE_w29Ze8czMKge_bvVF58-HYM
ADDING MULTIMEDIATeva Files Citizen Petition with the U.S. Food and Drug  ...,MarketWatch,d8OOE_w29Ze8czMKge_bvVF58-HYM
Teva files CP regarding approvability of purported generic versions of COPAXONE,RTT News,d8OOE_w29Ze8czMKge_bvVF58-HYM
PRESS DIGEST - Hong Kong - July 4,Reuters,d0Y-Rp3tFWkthpM23_YWelwwKMqdM
UPDATE 1-New online service disruptions in China; activists see HK protest link,Reuters,d0Y-Rp3tFWkthpM23_YWelwwKMqdM
Hong Kong Retail Sales Fall At Slower Rate In May,RTT News,d0Y-Rp3tFWkthpM23_YWelwwKMqdM
New swathe of online services disrupted in China; activists see HK protest link,Reuters,d0Y-Rp3tFWkthpM23_YWelwwKMqdM
Hong Kong May retail sales fall 4.1 pct yr/yr,Reuters,d0Y-Rp3tFWkthpM23_YWelwwKMqdM
PRESS DIGEST - Hong Kong - July 3,Reuters,d0Y-Rp3tFWkthpM23_YWelwwKMqdM
"Hong Kong hits seven-month high on U.S., China data",MarketWatch,d0Y-Rp3tFWkthpM23_YWelwwKMqdM
Hong Kong makes rare forex-market intervention: report,MarketWatch,d0Y-Rp3tFWkthpM23_YWelwwKMqdM
UPDATE 2-Export renewal cuts Canada's May trade gap to near zero,Reuters,dwT0WVOtzIMgcUMREnOfC3cIg2FZM
US Trade Deficit Narrows More Than Expected To $44.4 Billion In May,RTT News,dwT0WVOtzIMgcUMREnOfC3cIg2FZM
US Trade Deficit Narrows More Than Expected In May,RTT News,dwT0WVOtzIMgcUMREnOfC3cIg2FZM
Trade gap drops 5.6% in May as exports rise,MarketWatch,dwT0WVOtzIMgcUMREnOfC3cIg2FZM
US trade deficit shrinks 5.6% in May to $44.4 billion,MarketWatch,dwT0WVOtzIMgcUMREnOfC3cIg2FZM
Vitacost.com Inc. (VITC) Jumped To A 4-Month High On Merger News,RTT News,dv6P1GlqPymra3MZ0KZj-047qn93M
SHAREHOLDER ALERT: Pomerantz Law Firm Announces the Filing of a Class  ...,MarketWatch,dv6P1GlqPymra3MZ0KZj-047qn93M
Kroger to buy online retailer Vitacost.com for $280 million,Reuters,dv6P1GlqPymra3MZ0KZj-047qn93M
Slump in Erste Bank halts European stocks rally,Reuters,d11BlC6PCQ4FSmMdAOPuKXIopj8aM
UPDATE 5-Investors punish Erste for new emerging Europe hit,Reuters,d11BlC6PCQ4FSmMdAOPuKXIopj8aM
Vienna stocks lose appeal as emerging Europe worries investors,Reuters,d11BlC6PCQ4FSmMdAOPuKXIopj8aM
Raiffeisen Bank Int'l expects profit in Romania in 2014,Reuters,d11BlC6PCQ4FSmMdAOPuKXIopj8aM
Erste Bank shares plunge on profit warning,MarketWatch,d11BlC6PCQ4FSmMdAOPuKXIopj8aM
"Erste Group Sees Higher Risk Costs In Hungary, Romania In FY14; Stock Plunges",RTT News,d11BlC6PCQ4FSmMdAOPuKXIopj8aM
Plunge in Erste Bank halts European stocks rally,Reuters,d11BlC6PCQ4FSmMdAOPuKXIopj8aM
Treichl wants to stay Erste CEO despite record loss,Reuters,d11BlC6PCQ4FSmMdAOPuKXIopj8aM
Erste Bank shares slump after profit warning,Reuters,d11BlC6PCQ4FSmMdAOPuKXIopj8aM
Erste tumbles in Europe after bank warns of loss,MarketWatch,d11BlC6PCQ4FSmMdAOPuKXIopj8aM
"Erste warns of 2014 loss on Hungary, Romania hits",MarketWatch,d11BlC6PCQ4FSmMdAOPuKXIopj8aM
"UPDATE 3-Hedge fund Jana Partners to seek PetSmart sale, shares up",Reuters,dQMn-_89NPTlMwMF7VL9YMqx7wYVM
PetSmart gains on Jana stake; Lorillard rallies,MarketWatch,dQMn-_89NPTlMwMF7VL9YMqx7wYVM
PetSmart Shares Surge After Jana Partners Reveal 9.9% Stake,RTT News,dQMn-_89NPTlMwMF7VL9YMqx7wYVM
PetSmart soars after revealing Jana stake,MarketWatch,dQMn-_89NPTlMwMF7VL9YMqx7wYVM
UPDATE 5-Oil drops on signs of rising supply; Brent below $111,Reuters,dmVGLh9qgVvSeAMQAv4tjFts0w6HM
Oil moves in narrow range after overnight fall,MarketWatch,dmVGLh9qgVvSeAMQAv4tjFts0w6HM
"Brent holds near $111, US oil in longest losing streak since Dec '09",Reuters,dmVGLh9qgVvSeAMQAv4tjFts0w6HM
Libya declares oil crisis over after state reclaims ports,Reuters,dmVGLh9qgVvSeAMQAv4tjFts0w6HM
"Crude Oil Tumbles Below $104 As Libya, Iraq Supplies Appear Secure",RTT News,dmVGLh9qgVvSeAMQAv4tjFts0w6HM
Oil deepens losses as Libya agrees to open ports,MarketWatch,dmVGLh9qgVvSeAMQAv4tjFts0w6HM
"UPDATE 9-Oil falls on Libya port deal, despite US inventory drop",Reuters,dmVGLh9qgVvSeAMQAv4tjFts0w6HM
Mercedes-Benz June sales up 8 pct on year to 142136 vehicles,Reuters,df4PvDrGEJsoHQMFmrUP9TEtPSi5M
Mercedes-Benz sales surge 13% on Asian demand,MarketWatch,df4PvDrGEJsoHQMFmrUP9TEtPSi5M
Daimler: Mercedes-Benz H1 Sales Climb 12.8% To 783520 Units,RTT News,df4PvDrGEJsoHQMFmrUP9TEtPSi5M
Newscast: ADM strikes a flavorful deal for $3B,MarketWatch,dZEoQtgqqTc0zGMzU5yDMgvoX_WkM
UPDATE 4-US agribusiness ADM to acquire Wild Flavors for $3 bln,Reuters,dZEoQtgqqTc0zGMzU5yDMgvoX_WkM
CORRECTED-UPDATE 1-ADM buys ingredients company Wild Flavors for  ...,Reuters,dZEoQtgqqTc0zGMzU5yDMgvoX_WkM
Archer Daniels Midland agrees to buy Wild Flavors,MarketWatch,dZEoQtgqqTc0zGMzU5yDMgvoX_WkM
ADM To Buy WILD Flavors In EUR2.3 Bln Deal,RTT News,dZEoQtgqqTc0zGMzU5yDMgvoX_WkM
Archer Daniels Midland Acquires WILD Flavors - Quick Facts,RTT News,dZEoQtgqqTc0zGMzU5yDMgvoX_WkM
UK Industrial Production Falls Unexpectedly On Weak Manufacturing,RTT News,dcRuTLI3r4iyNcMn1d0EaJp_u-3QM
UK Industrial Output Falls Unexpectedly,RTT News,dcRuTLI3r4iyNcMn1d0EaJp_u-3QM
UPDATE 1-UK sees surprise slump in May factory output,Reuters,dcRuTLI3r4iyNcMn1d0EaJp_u-3QM
UK factory output falls unexpectedly in May,MarketWatch,dcRuTLI3r4iyNcMn1d0EaJp_u-3QM
UPDATE 3-Smartphones weigh on Samsung Elec as guidance disappoints,Reuters,dl2OYqnKtdzYK0MZNgYUO0F03ZCeM
"S.Korean stocks finish flat after Samsung Elec's grim Q2 guidance, won eases",Reuters,dl2OYqnKtdzYK0MZNgYUO0F03ZCeM
S.Korea stocks edge down after Samsung Elec's weak Q2 earnings guidance,Reuters,dl2OYqnKtdzYK0MZNgYUO0F03ZCeM
Samsung Electronics Sees 25% Drop In Q2 Operating Profit,RTT News,dl2OYqnKtdzYK0MZNgYUO0F03ZCeM
Samsung blames weaker demand for outlook cut,MarketWatch,dl2OYqnKtdzYK0MZNgYUO0F03ZCeM
Samsung Electronics Expects Q2 Operating Profit Down 24.45%,RTT News,dl2OYqnKtdzYK0MZNgYUO0F03ZCeM
Samsung Electronics says Q2 operating profit likely fell 24.5 pct,Reuters,dl2OYqnKtdzYK0MZNgYUO0F03ZCeM
Samsung Electronics says second quarter operating profit likely fell 24.5 percent,Reuters,dl2OYqnKtdzYK0MZNgYUO0F03ZCeM
Samsung tips worse-than-expected profit drop,MarketWatch,dl2OYqnKtdzYK0MZNgYUO0F03ZCeM
UPDATE 1-Air France warns on profit as overcapacity hits prices,Reuters,dol5L6_BURPZdlMMmiyBEQ7rMFoFM
"Air France-KLM June Traffic, Capacity Rise; But Cuts FY14 EBITDA Outlook",RTT News,dol5L6_BURPZdlMMmiyBEQ7rMFoFM
Air France-KLM lowers 2014 earnings guidance,MarketWatch,dol5L6_BURPZdlMMmiyBEQ7rMFoFM
UPDATE 4-Brent oil hits fresh 1-month low under $110 in 7-day slide,Reuters,d19uy9lutvN2C3Mahq3GAmURqqSvM
Oil futures fall on Libyan supply expectations,MarketWatch,d19uy9lutvN2C3Mahq3GAmURqqSvM
Indian Shares Seen Higher As Oil Prices Ease,RTT News,d19uy9lutvN2C3Mahq3GAmURqqSvM
NYMEX-US crude dips towards $103 as supplies set to rise,Reuters,d19uy9lutvN2C3Mahq3GAmURqqSvM
"UPDATE 9-Brent, US crude oil fall as supply fears fade",Reuters,d19uy9lutvN2C3Mahq3GAmURqqSvM
Oil settles at one-month low; natural gas tumbles,MarketWatch,d19uy9lutvN2C3Mahq3GAmURqqSvM
Crude Oil Higher After Six Days Of Losses,RTT News,d19uy9lutvN2C3Mahq3GAmURqqSvM
Oil edges lower after Libya lifts force majeure,MarketWatch,d19uy9lutvN2C3Mahq3GAmURqqSvM
Brent trades near 3-wk low just above $110; Libya could boost supply,Reuters,d19uy9lutvN2C3Mahq3GAmURqqSvM
UPDATE 2-Amazon courts Hachette authors by proposing they keep e-book  ...,Reuters,djB9LBsrA_0TyHM5hCZ0Jo3ZOqBnM
Amazon offers authors 100% of sales amid dispute,MarketWatch,djB9LBsrA_0TyHM5hCZ0Jo3ZOqBnM
Amazon Allures Hachette Authors With E-Book Proceeds - Update,RTT News,djB9LBsrA_0TyHM5hCZ0Jo3ZOqBnM
S.Korean stocks end down after worst day in almost 2 weeks,Reuters,d43cbo-PKndaGSM6v01FuHMCaQ3AM
S.Korea stocks set for worst day in 2 weeks; won flat,Reuters,d43cbo-PKndaGSM6v01FuHMCaQ3AM
REFILE-WRAPUP 1-Incoming S. Korean minister cites weak economy; Samsung  ...,Reuters,d43cbo-PKndaGSM6v01FuHMCaQ3AM
"Samsung sees another profit dip, cites weak demand",MarketWatch,d43cbo-PKndaGSM6v01FuHMCaQ3AM
"Incoming South Korean minister cites weak economy; Samsung, retail lag",Reuters,d43cbo-PKndaGSM6v01FuHMCaQ3AM
"WRAPUP 1-Incoming S. Korean minister cites weak economy; Samsung, retail lag",Reuters,d43cbo-PKndaGSM6v01FuHMCaQ3AM
Samsung Electronics Sees 25% Drop In Q2 Operating Profit,RTT News,d43cbo-PKndaGSM6v01FuHMCaQ3AM
Samsung tips worse-than-expected profit drop,MarketWatch,d43cbo-PKndaGSM6v01FuHMCaQ3AM
SE Asia Stocks -Mixed; Manila shares fall on concerns over weak China demand,Reuters,dpXIE2Bj1Tjn35MEY-xCskzKo9DuM
GLOBAL MARKETS-Asian stocks extend drop after cool Chinese price data,Reuters,dpXIE2Bj1Tjn35MEY-xCskzKo9DuM
"Hong Kong shares fall with Tencent a big drag, China slips",Reuters,dpXIE2Bj1Tjn35MEY-xCskzKo9DuM
Hong Kong stocks fall further after China data,MarketWatch,dpXIE2Bj1Tjn35MEY-xCskzKo9DuM
Consolidation Called For Hong Kong Stocks,RTT News,dpXIE2Bj1Tjn35MEY-xCskzKo9DuM
"Better labor, inflation data likely temporary: Fed's Kocherlakota",Reuters,dNJB5f4GzH0jTlMeEyWcKVpMod5UM
"'Unusual' mix of negative growth, strong jobs: Fed's Kocherlakota",Reuters,dNJB5f4GzH0jTlMeEyWcKVpMod5UM
Treasuries Extend Recovery From Last Week's Pullback,RTT News,dNJB5f4GzH0jTlMeEyWcKVpMod5UM
"Unusual mix of negative growth, strong jobs -Fed's Kocherlakota",Reuters,dNJB5f4GzH0jTlMeEyWcKVpMod5UM
Gold Ends Lower On Global Cues,RTT News,dNJB5f4GzH0jTlMeEyWcKVpMod5UM
US economic growth to continue at modest pace - Fed's Lacker,Reuters,dNJB5f4GzH0jTlMeEyWcKVpMod5UM
UPDATE 1-Lacker says inflation moving toward Fed's target,Reuters,dNJB5f4GzH0jTlMeEyWcKVpMod5UM
"Fed must be pre-emptive, hiking rate before inflation emerges: Lacker",MarketWatch,dNJB5f4GzH0jTlMeEyWcKVpMod5UM
"Crude Oil Falls Further, Nearing $103",RTT News,dNJB5f4GzH0jTlMeEyWcKVpMod5UM
Treasuries Regain Ground Following Last Week's Sharp Pullback,RTT News,dNJB5f4GzH0jTlMeEyWcKVpMod5UM
"Major Averages Close Firmly Negative, Nasdaq Underperforms",RTT News,djcW5_rWDRB_FJMiIFS9RQtqO1mNM
Earnings Anxiety Leads To Notable Weakness On Wall Street - US Commentary,RTT News,djcW5_rWDRB_FJMiIFS9RQtqO1mNM
"US STOCKS-Wall St falls in broad weakness, Dow below 17000",Reuters,djcW5_rWDRB_FJMiIFS9RQtqO1mNM
"US STOCKS-Wall St slumps in broad decline, Dow under 17000",Reuters,djcW5_rWDRB_FJMiIFS9RQtqO1mNM
Major Averages Posting Steep Losses In Mid-Day Trading,RTT News,djcW5_rWDRB_FJMiIFS9RQtqO1mNM
"S&P 500, Nasdaq retest major support",MarketWatch,djcW5_rWDRB_FJMiIFS9RQtqO1mNM
Major Averages Slide Firmly Into The Red In Early Trading,RTT News,djcW5_rWDRB_FJMiIFS9RQtqO1mNM
US STOCKS SNAPSHOT-Wall St opens lower as earnings loom,Reuters,djcW5_rWDRB_FJMiIFS9RQtqO1mNM
Futures Pointing To A Modestly Lower Open On Wall Street,RTT News,djcW5_rWDRB_FJMiIFS9RQtqO1mNM
"US STOCKS-Futures point to lower open, investors await earnings",Reuters,djcW5_rWDRB_FJMiIFS9RQtqO1mNM
US STOCKS-Wall St drops as cyclicals weigh; small-caps lag,Reuters,djcW5_rWDRB_FJMiIFS9RQtqO1mNM
US STOCKS SNAPSHOT-Wall St pulls back from record levels,Reuters,djcW5_rWDRB_FJMiIFS9RQtqO1mNM
Stock valuations riding on stellar earnings performance,MarketWatch,djcW5_rWDRB_FJMiIFS9RQtqO1mNM
"UPDATE 2-China June consumer inflation cools, more stimulus expected",Reuters,dSKpO-yWIYdNCiMO6VEaOPpk0oP7M
"China's inflation eases (for now), leaving room for stimulus",MarketWatch,dSKpO-yWIYdNCiMO6VEaOPpk0oP7M
"CORRECTED-UPDATE 1-China June consumer inflation cools, more stimulus  ...",Reuters,dSKpO-yWIYdNCiMO6VEaOPpk0oP7M
China CPI Dips To 2.3% In June,RTT News,dSKpO-yWIYdNCiMO6VEaOPpk0oP7M
"China June CPI rises 2.3 pct y/y, slightly less than forecast",Reuters,dSKpO-yWIYdNCiMO6VEaOPpk0oP7M
"China consumer inflation, wholesale deflation both ease",MarketWatch,dSKpO-yWIYdNCiMO6VEaOPpk0oP7M
Citigroup may pay $7 billion to resolve US mortgage probes: source,Reuters,dpAW9MWa0Awt8CMFxKchcYJ5z6qIM
Citi near $7 billion deal to resolve mortgage probe,MarketWatch,dpAW9MWa0Awt8CMFxKchcYJ5z6qIM
Citi Nears $7 Bln Settlement In US Mortgage Probes : Reports,RTT News,dpAW9MWa0Awt8CMFxKchcYJ5z6qIM
UPDATE 1-AbbVie forced to retract comments in Shire takeover fight,Reuters,dlknCqBVrOVJ4WMTGn5UzGeYobmoM
AbbVie forced to retract comments in Shire takeover fight,Reuters,dlknCqBVrOVJ4WMTGn5UzGeYobmoM
AbbVie Says Did Not Get Any Written Commitments Of Support For Its Bid For  ...,RTT News,dlknCqBVrOVJ4WMTGn5UzGeYobmoM
UPDATE 4-AbbVie hikes bid for drugmaker Shire to $51 billion,Reuters,dlknCqBVrOVJ4WMTGn5UzGeYobmoM
AbbVie says hostile move on Shire remains an option,Reuters,dlknCqBVrOVJ4WMTGn5UzGeYobmoM
Shire To Consider Revised AbbVie Proposal - Quick Facts,RTT News,dlknCqBVrOVJ4WMTGn5UzGeYobmoM
AbbVie Again Sweetens Takeover Offer For Shire,RTT News,dlknCqBVrOVJ4WMTGn5UzGeYobmoM
Shire shares rise in premarket trade after AbbVie ups buyout bid by 11%,MarketWatch,dlknCqBVrOVJ4WMTGn5UzGeYobmoM
AbbVie Increases Bid For Shire To Indicative Value Of £51.15/Shr - Quick Facts,RTT News,dlknCqBVrOVJ4WMTGn5UzGeYobmoM
Fed plans to end bond purchases in October,MarketWatch,dXszqDf4846Op3Mmpkp6XPRRaOFgM
Selected highlights from the Fed minutes,MarketWatch,dXszqDf4846Op3Mmpkp6XPRRaOFgM
U.S. Dollar Declines Against Majors,RTT News,dXszqDf4846Op3Mmpkp6XPRRaOFgM
"Fed mulls policy exit, eyes end of asset purchases",Reuters,dXszqDf4846Op3Mmpkp6XPRRaOFgM
"UPDATE 2-Fed mulls policy exit, eyes October end of asset purchases",Reuters,dXszqDf4846Op3Mmpkp6XPRRaOFgM
REFILE-TREASURIES-US bond prices rise as Fed hints no hurry to hike rates,Reuters,dXszqDf4846Op3Mmpkp6XPRRaOFgM
Treasuries Close Modestly Higher Following Late-Day Recovery,RTT News,dXszqDf4846Op3Mmpkp6XPRRaOFgM
Treasurys swing higher after Fed minutes,MarketWatch,dXszqDf4846Op3Mmpkp6XPRRaOFgM
Fed Plans To End Asset Purchase Program In October,RTT News,dXszqDf4846Op3Mmpkp6XPRRaOFgM
Fed plans to end taper in October: minutes,MarketWatch,dXszqDf4846Op3Mmpkp6XPRRaOFgM
UPDATE 3-BOJ says inflation to stay above 1 pct despite cut in GDP forecast,Reuters,dmAZK2qQ60cmnrM57yeDe3ZXljKsM
HIGHLIGHTS 5-BOJ Governor Kuroda comments at news conference,Reuters,dmAZK2qQ60cmnrM57yeDe3ZXljKsM
"BOJ says recovery, inflation on track despite tax hike",Reuters,dmAZK2qQ60cmnrM57yeDe3ZXljKsM
Nikkei rises to 1-1/2-week high on US optimism; BOJ gets muted reaction,Reuters,dmAZK2qQ60cmnrM57yeDe3ZXljKsM
BoJ Keeps Monetary Stimulus Unchanged; Trims Growth Outlook,RTT News,dmAZK2qQ60cmnrM57yeDe3ZXljKsM
"Bank of Japan trims growth forecast, holds policy steady",MarketWatch,dmAZK2qQ60cmnrM57yeDe3ZXljKsM
"RPT--Hong Kong shares end higher, China Mobile leads again",Reuters,dNLPN5SYz6dw2OMxtHAT2tE8wWeXM
Hong Kong stocks extend gains on auto rally,MarketWatch,dNLPN5SYz6dw2OMxtHAT2tE8wWeXM
Higher Open Called For Hong Kong Stocks,RTT News,dNLPN5SYz6dw2OMxtHAT2tE8wWeXM
Whiting Petroleum Corp. (WLL) Soared To A New High After Acquisition,RTT News,dap7TgQqIJKCXtMuS6rCqs8qAoRkM
Blockbuster Bakken deal may put a bit more oil in traders' hands,Reuters,dap7TgQqIJKCXtMuS6rCqs8qAoRkM
Whiting Pete agrees to buy Kodiak Oil & Gas,MarketWatch,dap7TgQqIJKCXtMuS6rCqs8qAoRkM
Whiting Petroleum To Buy Kodiak Oil & Gas In $6 Bln Deal,RTT News,dap7TgQqIJKCXtMuS6rCqs8qAoRkM
"UPDATE 2-Whiting to buy Kodiak for $3.8 bln, create No. 1 Bakken producer",Reuters,dap7TgQqIJKCXtMuS6rCqs8qAoRkM
US stocks: Dow closes above 17000,MarketWatch,dMwzWyjelhqNUQMnZaySeenA7HLSM
"US STOCKS-Wall St closes higher on Citi earnings, healthcare M&A",Reuters,dMwzWyjelhqNUQMnZaySeenA7HLSM
"US STOCKS SNAPSHOT-Wall Street ends higher on M&A, Citi earnings",Reuters,dMwzWyjelhqNUQMnZaySeenA7HLSM
"Stocks Close Mostly Higher On Citigroup Earnings, M&A News - US Commentary",RTT News,dMwzWyjelhqNUQMnZaySeenA7HLSM
"US STOCKS-Wall St opens higher on M&A, Citi earnings",Reuters,dMwzWyjelhqNUQMnZaySeenA7HLSM
German Economic Confidence At 19-Month Low,RTT News,d2xz_PR6bEUQrfMJCp5whorBe1CrM
European stocks bruised by weak German sentiment data,MarketWatch,d2xz_PR6bEUQrfMJCp5whorBe1CrM
Euro Falls After Weak German ZEW Economic Sentiment Index,RTT News,d2xz_PR6bEUQrfMJCp5whorBe1CrM
UPDATE 1-German investor morale drops to lowest in 1-1/2 years in July,Reuters,d2xz_PR6bEUQrfMJCp5whorBe1CrM
German Economic Confidence Continues To Deteriorate,RTT News,d2xz_PR6bEUQrfMJCp5whorBe1CrM
Euro Falls Further Vs Most Majors After German ZEW Economic Sentiment Index,RTT News,d2xz_PR6bEUQrfMJCp5whorBe1CrM
German investor morale drops to lowest in 1-1/2 years in July,Reuters,d2xz_PR6bEUQrfMJCp5whorBe1CrM
"UPDATE 4-Yahoo to keep more of Alibaba, share half of IPO proceeds",Reuters,dN3lcpsGAo8QJGM3cPj_gL-gci9iM
"Yahoo to keep more of Alibaba, share half of IPO proceeds",Reuters,dN3lcpsGAo8QJGM3cPj_gL-gci9iM
"UPDATE 2-Yahoo amends deal with Alibaba, misses Wall St revenue target",Reuters,dN3lcpsGAo8QJGM3cPj_gL-gci9iM
Yahoo's Mayer has nothing to celebrate,MarketWatch,dN3lcpsGAo8QJGM3cPj_gL-gci9iM
"Yahoo Profit Drops, Miss Estimates",RTT News,dN3lcpsGAo8QJGM3cPj_gL-gci9iM
Yahoo Q2 Results Miss Estimate,RTT News,dN3lcpsGAo8QJGM3cPj_gL-gci9iM
"Yahoo, Intel results on tap in after hours",MarketWatch,dN3lcpsGAo8QJGM3cPj_gL-gci9iM
Yahoo advertising declines to weigh on revenue,MarketWatch,dN3lcpsGAo8QJGM3cPj_gL-gci9iM
"Tech stocks waver ahead of Yahoo, Intel reports",MarketWatch,dN3lcpsGAo8QJGM3cPj_gL-gci9iM
"Updates, advisories and surprises",MarketWatch,dN3lcpsGAo8QJGM3cPj_gL-gci9iM
"Yahoo: Focus on Alibaba, display business",MarketWatch,dN3lcpsGAo8QJGM3cPj_gL-gci9iM
"Lionsgate, Alibaba Form Strategic Collaboration To Provide Streaming Service  ...",RTT News,d8cAnd671i7vzeM4w_cldw7JkDFYM
Alibaba pushes further into entertainment,MarketWatch,d8cAnd671i7vzeM4w_cldw7JkDFYM
"UPDATE 1-Lions Gate, Alibaba to offer joint subscription TV streaming service in  ...",Reuters,d8cAnd671i7vzeM4w_cldw7JkDFYM
"Lionsgate, Alibaba Form Strategic Collaboration To Offer LGEW Service",RTT News,d8cAnd671i7vzeM4w_cldw7JkDFYM
UPDATE 1-US official warns of lawsuit as BofA mortgage talks stall,Reuters,d_LF_1UpoQ2iK5Mu50mFoQ0wkXbeM
US official warns of lawsuit as BofA mortgage talks stall,Reuters,d_LF_1UpoQ2iK5Mu50mFoQ0wkXbeM
US official warns banks of lawsuits over mortgage misconduct,Reuters,d_LF_1UpoQ2iK5Mu50mFoQ0wkXbeM
UPDATE 1-BofA pays AIG $650 million to settle mortgage disputes,Reuters,d_LF_1UpoQ2iK5Mu50mFoQ0wkXbeM
Bank Of America Offers $13 Bln To Settle Mortgage Probe : Report,RTT News,d_LF_1UpoQ2iK5Mu50mFoQ0wkXbeM
"Bank of America, DoJ discuss mortgage settlement",MarketWatch,d_LF_1UpoQ2iK5Mu50mFoQ0wkXbeM
BofA pays AIG $650 million to settle mortgage disputes,Reuters,d_LF_1UpoQ2iK5Mu50mFoQ0wkXbeM
"Bank Of America Profit Plunges On Legal Costs, Settles With AIG",RTT News,d_LF_1UpoQ2iK5Mu50mFoQ0wkXbeM
Bank Of America Reports Lower Q2 Profit On Litigation Expense - Quick Facts,RTT News,d_LF_1UpoQ2iK5Mu50mFoQ0wkXbeM
Bank of America profit falls 43% on legal charges,MarketWatch,d_LF_1UpoQ2iK5Mu50mFoQ0wkXbeM
AIG Reaches Global Resolution Of Residential Mortgage Related Disputes With  ...,RTT News,d_LF_1UpoQ2iK5Mu50mFoQ0wkXbeM
Who's afraid of Janet Yellen?,Reuters,d_6QnkHd8ScDmCMnQBi8D4PjJtN5M
SAFT ON WEALTH-Who's afraid of Janet Yellen?,Reuters,d_6QnkHd8ScDmCMnQBi8D4PjJtN5M
FOREX-Dollar up on US rate speculation after Yellen comments,Reuters,d_6QnkHd8ScDmCMnQBi8D4PjJtN5M
"Benchmark Treasurys rise after data, Fed",MarketWatch,d_6QnkHd8ScDmCMnQBi8D4PjJtN5M
Highlights: Yellen's Q&A testimony to House panel,Reuters,d_6QnkHd8ScDmCMnQBi8D4PjJtN5M
Pound rises to 22-month high against the euro,MarketWatch,d_6QnkHd8ScDmCMnQBi8D4PjJtN5M
Jim Cramer's wrong — the Fed should talk valuations,MarketWatch,d_6QnkHd8ScDmCMnQBi8D4PjJtN5M
Yellen Rejects GOP-Backed Bill Tying Rate Hikes To Mathematical Rules,RTT News,d_6QnkHd8ScDmCMnQBi8D4PjJtN5M
FOREX-Dollar rises on US rate speculation after Yellen comments,Reuters,d_6QnkHd8ScDmCMnQBi8D4PjJtN5M
Gold Holds Near 4-Week Low Ahead Of Yellen Day Two,RTT News,d_6QnkHd8ScDmCMnQBi8D4PjJtN5M
Wall Street Back Amid Optimism,RTT News,d_6QnkHd8ScDmCMnQBi8D4PjJtN5M
U.S. stocks: Futures build on gains with Bank of America ahead,MarketWatch,d_6QnkHd8ScDmCMnQBi8D4PjJtN5M
"FOREX-Dollar bulls hear hawkish hint from Yellen, inflation lifts sterling",Reuters,d_6QnkHd8ScDmCMnQBi8D4PjJtN5M
Why Yellen didn't rock the markets today,MarketWatch,d_6QnkHd8ScDmCMnQBi8D4PjJtN5M
Dollar extends gains after Yellen's comments,MarketWatch,d_6QnkHd8ScDmCMnQBi8D4PjJtN5M
U.S. Dollar Extends Rally On Fed Chair Janet Yellen's Testimony,RTT News,d_6QnkHd8ScDmCMnQBi8D4PjJtN5M
Short-Term Rates Should Be Raised Steadily - Fed's George,RTT News,d_6QnkHd8ScDmCMnQBi8D4PjJtN5M
Fed's George says economy 'ready' for higher rates,MarketWatch,d_6QnkHd8ScDmCMnQBi8D4PjJtN5M
"UPDATE 3-PayPal fuels higher eBay revenue even as cyber attack, rivals weigh",Reuters,dpsFIWb16k0fAJMHxyvFCsBa8jwQM
EBay's Q2 revenue climbs 13 percent,Reuters,dpsFIWb16k0fAJMHxyvFCsBa8jwQM
"EBay logs payments, marketplaces gains",MarketWatch,dpsFIWb16k0fAJMHxyvFCsBa8jwQM
EBay Inc. (EBAY) Is Heading Higher After Q2 Profit Beat Expectations,RTT News,dpsFIWb16k0fAJMHxyvFCsBa8jwQM
"UPDATE 2-Yum's China rebound dimmed by India, Pizza Hut weakness",Reuters,d-MkWJLmE5PuzEMoBmNlAxIDOQtoM
Yum! Brands Profit Climbs 19% On Strong China Sales,RTT News,d-MkWJLmE5PuzEMoBmNlAxIDOQtoM
Yum! Brands Inc. (YUM) Is Falling After Q2 Miss,RTT News,d-MkWJLmE5PuzEMoBmNlAxIDOQtoM
Yum Brands profit up 19% as China unit rallies,MarketWatch,d-MkWJLmE5PuzEMoBmNlAxIDOQtoM
Microsoft up on job cuts; Barbie sinks Mattel,MarketWatch,dTQk20X8bdYdxxMqVWefyCvF88AyM
"UPDATE 4-Morgan Stanley profit more than doubles, beating estimates",Reuters,dTQk20X8bdYdxxMqVWefyCvF88AyM
UPDATE 2-Morgan Stanley moves ahead with Rosneft deal despite sanctions  ...,Reuters,dTQk20X8bdYdxxMqVWefyCvF88AyM
"CORRECTED-UPDATE 2-Morgan Stanley profit more than doubles, beating  ...",Reuters,dTQk20X8bdYdxxMqVWefyCvF88AyM
CORRECTED-Morgan Stanley quarterly profit more than doubles,Reuters,dTQk20X8bdYdxxMqVWefyCvF88AyM
Morgan Stanley Q2 Profit Jumps - Quick Facts,RTT News,dTQk20X8bdYdxxMqVWefyCvF88AyM
"Morgan Stanley earnings: Watch bond trading, wealth management",MarketWatch,dTQk20X8bdYdxxMqVWefyCvF88AyM
Is it third time lucky for IBM and Apple?,MarketWatch,dSamYZFaQ4_NkLMe4VzR3GpK5NSeM
"Apple, IBM to “Think Again” with new partnership",MarketWatch,dSamYZFaQ4_NkLMe4VzR3GpK5NSeM
"Apple, IBM Team Up To Transform Enterprise Mobility",RTT News,dSamYZFaQ4_NkLMe4VzR3GpK5NSeM
UPDATE 3-IBM software sales weaker than expected in 2nd quarter,Reuters,dyVdK6BQ_dovhiM9VvQh6bvE1CQ4M
"IBM boosts profit, even as revenue keeps falling",MarketWatch,dyVdK6BQ_dovhiM9VvQh6bvE1CQ4M
"RPT-IBM beats revenue estimates as company focuses on big data, cloud",Reuters,dyVdK6BQ_dovhiM9VvQh6bvE1CQ4M
IBM Corp. (IBM) Is Pulling Back Despite Q2 Earnings News,RTT News,dyVdK6BQ_dovhiM9VvQh6bvE1CQ4M
IBM Q2 Adj. Profit Tops View; Backs FY14 Earnings Outlook - Quick Facts,RTT News,dyVdK6BQ_dovhiM9VvQh6bvE1CQ4M
Google spurs tech gains following earnings,MarketWatch,dJvS10Uzt_Y0ixMbQCFbGYd055dbM
UPDATE 1-Google seen best placed for growth as it transitions to mobile,Reuters,dJvS10Uzt_Y0ixMbQCFbGYd055dbM
Google Inc. (GOOGL) Is Rising Despite Q2 Earnings Miss,RTT News,dJvS10Uzt_Y0ixMbQCFbGYd055dbM
Google gains in after-hours as sales top estimates,MarketWatch,dJvS10Uzt_Y0ixMbQCFbGYd055dbM
Google to take center stage in after hours trade,MarketWatch,dJvS10Uzt_Y0ixMbQCFbGYd055dbM
Shire upgrades FY view as quarterly revenue rises,MarketWatch,d_sK8OtA_HsSMgMlTR0x-DmmeOYdM
AbbVie woos Shire into $54 billion acquisition deal,MarketWatch,d_sK8OtA_HsSMgMlTR0x-DmmeOYdM
RLPC-AbbVie's Shire merger backed with 13.5 bln stg bridge loan,Reuters,d_sK8OtA_HsSMgMlTR0x-DmmeOYdM
"NORTH CHICAGO, Illinois, Jul 18, 2014 (PR Newswire Europe via COMTEX  ...",MarketWatch,d_sK8OtA_HsSMgMlTR0x-DmmeOYdM
Just add items to create a watchlist now:,MarketWatch,d_sK8OtA_HsSMgMlTR0x-DmmeOYdM
Shire Q2 Profit Rises; Increases Guidance - Quick Facts,RTT News,d_sK8OtA_HsSMgMlTR0x-DmmeOYdM
"AbbVie, Shire Agree On Terms Of Merger",RTT News,d_sK8OtA_HsSMgMlTR0x-DmmeOYdM
AbbVie woes Shire into $54 billion acquisition deal,MarketWatch,d_sK8OtA_HsSMgMlTR0x-DmmeOYdM
AbbVie To Acquire Shire In Cash & Shares - Quick Facts,RTT News,d_sK8OtA_HsSMgMlTR0x-DmmeOYdM
"CORRECTED-UPDATE 1-Shire, AbbVie to announce $53 bln merger by Friday  ...",Reuters,d_sK8OtA_HsSMgMlTR0x-DmmeOYdM
"CORRECTED-Shire, AbbVie to announce $53 billion merger by Friday -sources",Reuters,d_sK8OtA_HsSMgMlTR0x-DmmeOYdM
UPDATE 2-Higher turbocharger sales boost Honeywell results,Reuters,d8AIolIiRpcb1QMmB2RqnyPHJ1pJM
"Honeywell Q2 Results Top View, Updates Full-Year Guidance",RTT News,d8AIolIiRpcb1QMmB2RqnyPHJ1pJM
Honeywell profit boosted by turbocharger sales,Reuters,d8AIolIiRpcb1QMmB2RqnyPHJ1pJM
"Honeywell profit rises, raises low end of outlook",MarketWatch,d8AIolIiRpcb1QMmB2RqnyPHJ1pJM
UPDATE 1-IBM to offer iPads and iPhones for business users,Reuters,dSamYZFaQ4_NkLMe4VzR3GpK5NSeM
UBS says books 254 million euros against second quarter to settle one German  ...,Reuters,dAYAp_8zVXvm60MmfgMv7WYQVhhBM
UBS discloses under US scrutiny over dark pool,MarketWatch,dAYAp_8zVXvm60MmfgMv7WYQVhhBM
CORRECTED-UPDATE 1-UBS says books 254 mln Sfr against Q2 to settle one  ...,Reuters,dAYAp_8zVXvm60MmfgMv7WYQVhhBM
UBS Q2 Profit Rises,RTT News,dAYAp_8zVXvm60MmfgMv7WYQVhhBM
UBS says cooperating with US inquiries about dark pools,Reuters,dAYAp_8zVXvm60MmfgMv7WYQVhhBM
"UBS posts profit gain, beating forecasts",MarketWatch,dAYAp_8zVXvm60MmfgMv7WYQVhhBM
UBS Q2 Profit Climbs 15% - Quick Facts,RTT News,dAYAp_8zVXvm60MmfgMv7WYQVhhBM
UPDATE 2-Deutsche Bank profit rises as investment bank focus pays off,Reuters,dgASKzBdZdndrZMvlMt-lghTkGFSM
Deutsche Bank expects challenges for investment banking to persist,Reuters,dgASKzBdZdndrZMvlMt-lghTkGFSM
Deutsche Bank Q2 Profit Drops,RTT News,dgASKzBdZdndrZMvlMt-lghTkGFSM
"Deutsche Bank Q2 profit up 16 percent, debt trading steady",Reuters,dgASKzBdZdndrZMvlMt-lghTkGFSM
"Deutsche Bank profit falls, missing forecasts",MarketWatch,dgASKzBdZdndrZMvlMt-lghTkGFSM
UPDATE 2-BP profit jumps but warns of Russia sanctions impact,Reuters,dkYfTN5Y1XhiKHMPHmMKuhWqV7x2M
BP profit jumps but warns of Russia sanctions impact,Reuters,dkYfTN5Y1XhiKHMPHmMKuhWqV7x2M
BP warns on impact of Russia sanctions,MarketWatch,dkYfTN5Y1XhiKHMPHmMKuhWqV7x2M
"BP Profit Climbs, Warns On Rosneft Sanctions",RTT News,dkYfTN5Y1XhiKHMPHmMKuhWqV7x2M
BP second-quarter profit rises 34 pct,Reuters,dkYfTN5Y1XhiKHMPHmMKuhWqV7x2M
BP profit rises on Rosneft boost,MarketWatch,dkYfTN5Y1XhiKHMPHmMKuhWqV7x2M
Court orders Russia to pay $50 billion for seizing Yukos assets,Reuters,dkYfTN5Y1XhiKHMPHmMKuhWqV7x2M
UPDATE 7-Court orders Russia to pay $50 bln for seizing Yukos assets,Reuters,dkYfTN5Y1XhiKHMPHmMKuhWqV7x2M
European court should note $50 bln Yukos ruling in assessing separate claim  ...,Reuters,dkYfTN5Y1XhiKHMPHmMKuhWqV7x2M
CORRECTED-Russia to challenge Hague Court's Yukos ruling -Finance Ministry,Reuters,dkYfTN5Y1XhiKHMPHmMKuhWqV7x2M
CORRECTED-UPDATE 1-Court orders Russia to pay over $50 bln in damages  ...,Reuters,dkYfTN5Y1XhiKHMPHmMKuhWqV7x2M
"CORRECTED-UPDATE 3-Rouble, stocks down after Russia says will challenge  ...",Reuters,dkYfTN5Y1XhiKHMPHmMKuhWqV7x2M
Russia ordered to pay $50 billion to Yukos shareholders,MarketWatch,dkYfTN5Y1XhiKHMPHmMKuhWqV7x2M
Honda profit beats estimates but US sales dented,Reuters,dVmzXRf-s3jagMMjzVEn1snVCfEKM
UPDATE 2-Honda profit beats estimates but US sales dented,Reuters,dVmzXRf-s3jagMMjzVEn1snVCfEKM
"Honda Q1 Profit Climbs, Lifts Full-year Forecast",RTT News,dVmzXRf-s3jagMMjzVEn1snVCfEKM
"Honda Q1 profit rises 7 pct, beats estimates on cost cuts, Japan sales",Reuters,dVmzXRf-s3jagMMjzVEn1snVCfEKM
Honda net profit up 20% on sales growth,MarketWatch,dVmzXRf-s3jagMMjzVEn1snVCfEKM
Honda Q1 Profit Increases; Updates FY Outlook - Quick Facts,RTT News,dVmzXRf-s3jagMMjzVEn1snVCfEKM
UPDATE 2-Nissan aims to boost US sales and profit as it closes on Honda,Reuters,dVmzXRf-s3jagMMjzVEn1snVCfEKM
Nissan reports hefty profit rise,MarketWatch,dVmzXRf-s3jagMMjzVEn1snVCfEKM
5 things not to buy at dollar stores,MarketWatch,dyKLaN8mKAL7bIMJ9OSn_lHbS4hpM
TRULIA SHAREHOLDER ALERT - Andrews & Springer LLC is Seeking More  ...,MarketWatch,dyKLaN8mKAL7bIMJ9OSn_lHbS4hpM
Family Dollar Stores (FDO) Soared To A New High On Merger News,RTT News,dyKLaN8mKAL7bIMJ9OSn_lHbS4hpM
US stocks eke out small gains,MarketWatch,dyKLaN8mKAL7bIMJ9OSn_lHbS4hpM
UPDATE 6-Dollar Tree to buy Family Dollar to stave off competition,Reuters,dyKLaN8mKAL7bIMJ9OSn_lHbS4hpM
US STOCKS-Wall St yawns as deal news offsets data; Herbalife sinks,Reuters,dyKLaN8mKAL7bIMJ9OSn_lHbS4hpM
This is how big Icahn's payoff was on Family Dollar,MarketWatch,dyKLaN8mKAL7bIMJ9OSn_lHbS4hpM
US STOCKS-Wall St near flat as deal news offsets housing data,Reuters,dyKLaN8mKAL7bIMJ9OSn_lHbS4hpM
UPDATE 3-Brent steady around $108 in range-bound market,Reuters,dxuhoupGhpkiZOMQkK8zG0doqwxvM
Brent hovers near $107.50 ahead of US data,Reuters,dxuhoupGhpkiZOMQkK8zG0doqwxvM
NYMEX-US crude takes back some losses after stockpile draw,Reuters,dxuhoupGhpkiZOMQkK8zG0doqwxvM
UPDATE 9-Brent oil firm on new Russia sanctions; US slips on refinery,Reuters,dxuhoupGhpkiZOMQkK8zG0doqwxvM
"BP, Shell, Morgan Stanley seek end of oil price-fixing lawsuit",Reuters,dxuhoupGhpkiZOMQkK8zG0doqwxvM
"Oil mixed; WTI slips on supply worries, Brent gains",MarketWatch,dxuhoupGhpkiZOMQkK8zG0doqwxvM
"UPDATE 8-Oil lower on signs of excess supply, weak demand in Europe and Asia",Reuters,dxuhoupGhpkiZOMQkK8zG0doqwxvM
Crude Oil Ends Below $102 As Supply Concerns Ease,RTT News,dxuhoupGhpkiZOMQkK8zG0doqwxvM
Brent slips below $108 as Mideast tension cools on Gaza lull,Reuters,dxuhoupGhpkiZOMQkK8zG0doqwxvM
Amgen plans to cut up to 2900 jobs,MarketWatch,dDZm7vLNBM-A2BMS2AHLAQdoo_qXM
"UPDATE 2-Amgen to cut up to 2900 jobs, prepares to introduce new drugs",Reuters,dDZm7vLNBM-A2BMS2AHLAQdoo_qXM
"Amgen to cut up to 2900 jobs, prepares to introduce new drugs",Reuters,dDZm7vLNBM-A2BMS2AHLAQdoo_qXM
Amgen Q2 Results Top Estimates; To Cut 2400-2900 Jobs,RTT News,dDZm7vLNBM-A2BMS2AHLAQdoo_qXM
"Amgen to cut up to 15% of workforce, ups EPS view",MarketWatch,dDZm7vLNBM-A2BMS2AHLAQdoo_qXM
Lorillard profit down as e-cigarette sales fall,MarketWatch,dRzQGh1kP51__YM55BL_u1NLDltmM
UPDATE 2-British American Tobacco profit hit by strong pound,Reuters,dRzQGh1kP51__YM55BL_u1NLDltmM
British American Tobacco H1 Profit Declines; Sees Earnings Growth Ahead,RTT News,dRzQGh1kP51__YM55BL_u1NLDltmM
British American Tobacco results hurt by forex,Reuters,dRzQGh1kP51__YM55BL_u1NLDltmM
British American Tobacco sales hit by currencies,MarketWatch,dRzQGh1kP51__YM55BL_u1NLDltmM
British American Tobacco Six-month Profit Down - Quick Facts,RTT News,dRzQGh1kP51__YM55BL_u1NLDltmM
"Reynolds American Q2 Profit Rises, Beats View; Tightens 2014 Earnings Outlook",RTT News,dRzQGh1kP51__YM55BL_u1NLDltmM
"Reynolds American Q2 profit rises, Tops View; tightens 2014 adj. EPS outlook",RTT News,dRzQGh1kP51__YM55BL_u1NLDltmM
REFILE-Reynolds American profit rises 6.7 pct on higher pricing,Reuters,dRzQGh1kP51__YM55BL_u1NLDltmM
Private-sector job growth tops 200000 for fourth month: ADP,MarketWatch,d3sB3euVeLYJh5Mn1qbWt12TtiXLM
US Private Sector Job Growth Slows In July But Still Tops 200000,RTT News,d3sB3euVeLYJh5Mn1qbWt12TtiXLM
UPDATE 2-US private sector adds 218000 jobs in July -ADP,Reuters,d3sB3euVeLYJh5Mn1qbWt12TtiXLM
US Private Sector Employment Rises Less Than Expected In July,RTT News,d3sB3euVeLYJh5Mn1qbWt12TtiXLM
India Morning Call-Global Markets,Reuters,d2PUeHxkzWHiHIMS56XLaqxcsMEQM
"US STOCKS-S&P 500, Nasdaq end up as Fed in no rush to raise rates",Reuters,d2PUeHxkzWHiHIMS56XLaqxcsMEQM
US STOCKS SNAPSHOT-S&P 500 ends flat as Fed in no rush to raise rates,Reuters,d2PUeHxkzWHiHIMS56XLaqxcsMEQM
US STOCKS-S&P 500 nearly flat as investors digest Fed statement,Reuters,d2PUeHxkzWHiHIMS56XLaqxcsMEQM
"Twitter, US Steel soar; Buffalo Wild Wings are burned",MarketWatch,d2PUeHxkzWHiHIMS56XLaqxcsMEQM
US STOCKS-S&P 500 turns higher after Fed statement,Reuters,d2PUeHxkzWHiHIMS56XLaqxcsMEQM
US STOCKS-Wall St gives up gains as GDP raises Fed concerns,Reuters,d2PUeHxkzWHiHIMS56XLaqxcsMEQM
Major Averages Turn Mixed Following Initial Upward Move,RTT News,d2PUeHxkzWHiHIMS56XLaqxcsMEQM
US STOCKS-Wall St up on GDP data; Twitter has biggest jump ever,Reuters,d2PUeHxkzWHiHIMS56XLaqxcsMEQM
FOMC Statement In Focus Even As Markets May Cherish GDP Data,RTT News,d2PUeHxkzWHiHIMS56XLaqxcsMEQM
Charting the approach of S&P 2000,MarketWatch,d2PUeHxkzWHiHIMS56XLaqxcsMEQM
"Twitter, AmEx, Yelp among stocks to watch",MarketWatch,d2PUeHxkzWHiHIMS56XLaqxcsMEQM
Herbalife sinks on disappointing results; Darden gains,MarketWatch,d2PUeHxkzWHiHIMS56XLaqxcsMEQM
Markets Could Get Lift From Latest Earnings,RTT News,d2PUeHxkzWHiHIMS56XLaqxcsMEQM
"UPDATE 4-Food scare driving away Yum, McDonald's diners in China",Reuters,d998DFrjTLP1gZMXa3g1w04J6qXaM
"Food scare driving away Yum, McDonald's diners in China",Reuters,d998DFrjTLP1gZMXa3g1w04J6qXaM
Yum Brands: Shanghai Husi reports hit China chains,MarketWatch,d998DFrjTLP1gZMXa3g1w04J6qXaM
Yum! Brands Inc. (YUM) Is Falling On China Concerns,RTT News,d998DFrjTLP1gZMXa3g1w04J6qXaM
CORRECTED-Yum Brands says China sales hit by food scandal,Reuters,d998DFrjTLP1gZMXa3g1w04J6qXaM
LinkedIn revenue rises 47 pct,Reuters,dnXRE0o5UVN0DrMAIq1BJtU9pLYyM
"UPDATE 1-LinkedIn forecasts strong qtr, driven by hiring business",Reuters,dnXRE0o5UVN0DrMAIq1BJtU9pLYyM
LinkedIn Corp. (LNKD) Is Heading Higher On Strong Q2 Results,RTT News,dnXRE0o5UVN0DrMAIq1BJtU9pLYyM
LinkedIn revenue climbs on strong ad gains,MarketWatch,dnXRE0o5UVN0DrMAIq1BJtU9pLYyM
What to look for in LinkedIn earnings,MarketWatch,dnXRE0o5UVN0DrMAIq1BJtU9pLYyM
UPDATE 3-Higher oil prices lift Exxon's profit as production sags,Reuters,dujpf4KiScW08pMhr5kox35MvfNkM
CORRECTED-Exxon Mobil quarterly profit jumps 28 percent,Reuters,dujpf4KiScW08pMhr5kox35MvfNkM
Exxon Mobil Q2 Profit Increases - Quick Facts,RTT News,dujpf4KiScW08pMhr5kox35MvfNkM
Exxon's profit climbs 28% to beat estimates,MarketWatch,dujpf4KiScW08pMhr5kox35MvfNkM
US stocks: Futures drop on last day of July trade,MarketWatch,dujpf4KiScW08pMhr5kox35MvfNkM
"Earnings preview: Chevron's production, spending in focus",MarketWatch,dujpf4KiScW08pMhr5kox35MvfNkM
UPDATE 2-Action camera maker GoPro reports bigger loss as costs double,Reuters,drGrMY-_uDNODtMMjhru4KAqI1zDM
Action camera maker GoPro reports bigger loss,Reuters,drGrMY-_uDNODtMMjhru4KAqI1zDM
GoPro Inc. (GPRO) Is Pulling Back After Q2 Report,RTT News,drGrMY-_uDNODtMMjhru4KAqI1zDM
"GoPro's revenue up, but shares dip on growth worry",MarketWatch,drGrMY-_uDNODtMMjhru4KAqI1zDM
UPDATE 3-Tesla expects to boost 2015 output to more than 60000,Reuters,d_6CT2UjnUp12gMtzr7_n0kjjW_VM
Tesla CEO says company to bear up to half cost of battery factory,Reuters,d_6CT2UjnUp12gMtzr7_n0kjjW_VM
Tesla CEO says company can make more than 60000 vehicles in 2015,Reuters,d_6CT2UjnUp12gMtzr7_n0kjjW_VM
Tesla Motors' loss widens despite greater output,MarketWatch,d_6CT2UjnUp12gMtzr7_n0kjjW_VM
Tesla Motors Q2 Loss Widens - Quick Facts,RTT News,d_6CT2UjnUp12gMtzr7_n0kjjW_VM
Panasonic to help build Tesla battery plant,MarketWatch,d_6CT2UjnUp12gMtzr7_n0kjjW_VM
Panasonic to initially invest $200-300 million in Tesla battery plant: source,Reuters,d_6CT2UjnUp12gMtzr7_n0kjjW_VM
UPDATE 7-France's Iliad challenges Sprint for control of T-Mobile,Reuters,dUYL87lG0rr5S5Mm-H_jM0AD5umdM
CORRECTED-France's Iliad confirms bid for T-Mobile US,Reuters,dUYL87lG0rr5S5Mm-H_jM0AD5umdM
Iliad offer $15 Bln cash for 56.6% of T-Mobile US,RTT News,dUYL87lG0rr5S5Mm-H_jM0AD5umdM
UPDATE 5-France's Iliad challenges Sprint for control of T-Mobile,Reuters,dUYL87lG0rr5S5Mm-H_jM0AD5umdM
France's Iliad makes buyout offer for T-Mobile US -WSJ,Reuters,dUYL87lG0rr5S5Mm-H_jM0AD5umdM
France's Iliad makes a buyout offer for T-Mobile US-source,Reuters,dUYL87lG0rr5S5Mm-H_jM0AD5umdM
UPDATE 3-T-Mobile leads industry in subscriber additions,Reuters,dUYL87lG0rr5S5Mm-H_jM0AD5umdM
"T-Mobile US swings to profit, adds customers",MarketWatch,dUYL87lG0rr5S5Mm-H_jM0AD5umdM
UPDATE 3-Sprint Q1 revs top estimate as network upgrade progresses,Reuters,dUYL87lG0rr5S5Mm-H_jM0AD5umdM
CORRECTED-Sprint's revenue beats estimate as network upgrade progresses,Reuters,dUYL87lG0rr5S5Mm-H_jM0AD5umdM
"Sprint swings to profit, loses fewer customers",MarketWatch,dUYL87lG0rr5S5Mm-H_jM0AD5umdM
UPDATE 5-US auto sales fall short of expectations in July,Reuters,dpIAYouOAw0ScZMfKEAl2GjH5sCjM
US auto sales fall short of expectations in July,Reuters,dpIAYouOAw0ScZMfKEAl2GjH5sCjM
"UPDATE 1-Chrysler, Ford say Canada auto sales up on trucks",Reuters,dpIAYouOAw0ScZMfKEAl2GjH5sCjM
US car sales jump in July,MarketWatch,dpIAYouOAw0ScZMfKEAl2GjH5sCjM
Chrysler Group July US Sales Up 20% - Quick Facts,RTT News,dpIAYouOAw0ScZMfKEAl2GjH5sCjM
"UPDATE 2-Allergan sues Valeant, Ackman for alleged insider trading",Reuters,d772mFV5z60L8GMyaoBECjHv6BfXM
"Allergan Sues Valeant, Ackman Over Insider Trading - Update",RTT News,d772mFV5z60L8GMyaoBECjHv6BfXM
Allergan Files Lawsuit Against Valeant Pharmaceuticals,RTT News,d772mFV5z60L8GMyaoBECjHv6BfXM
"UPDATE 3-Valeant shares fall on lowered 2014, 2015 forecasts",Reuters,d772mFV5z60L8GMyaoBECjHv6BfXM
Valeant profit climbs as emerging Europe rebounds,MarketWatch,d772mFV5z60L8GMyaoBECjHv6BfXM
"China manufacturing gathers pace, Europe falters, US steady",Reuters,dhROrVjRWUkVI1MQ9QDiX3ID6oyvM
Markit final July US manufacturing PMI slips to 55.8,MarketWatch,dhROrVjRWUkVI1MQ9QDiX3ID6oyvM
Lack Of Clarity On Economic Outlook Could Continue To Pressure Markets,RTT News,dhROrVjRWUkVI1MQ9QDiX3ID6oyvM
Brazil Factory Sector Shrinks For Fourth Month,RTT News,dhROrVjRWUkVI1MQ9QDiX3ID6oyvM
China's factories spring to life as global trade reawakens,Reuters,dhROrVjRWUkVI1MQ9QDiX3ID6oyvM
UK Market Declines Amid Earnings,RTT News,dhROrVjRWUkVI1MQ9QDiX3ID6oyvM
"French Market Lower, Arkema Plunges",RTT News,dhROrVjRWUkVI1MQ9QDiX3ID6oyvM
"German Market Notably Lower, Adidas Falls",RTT News,dhROrVjRWUkVI1MQ9QDiX3ID6oyvM
"GLOBAL ECONOMY-China, Asian factory growth gathers pace; Europe falters",Reuters,dhROrVjRWUkVI1MQ9QDiX3ID6oyvM
S. Africa's Manufacturing Sector Contracts For Four Straight Months,RTT News,dhROrVjRWUkVI1MQ9QDiX3ID6oyvM
Pound Slides As U.K. Manufacturing PMI Rises Less-than-expected,RTT News,dhROrVjRWUkVI1MQ9QDiX3ID6oyvM
Greece Manufacturing Activity Declines For Second Month,RTT News,dhROrVjRWUkVI1MQ9QDiX3ID6oyvM
UK manufacturing growth slows in July,MarketWatch,dhROrVjRWUkVI1MQ9QDiX3ID6oyvM
Czech Manufacturing PMI Rises More Than Expected In July,RTT News,dhROrVjRWUkVI1MQ9QDiX3ID6oyvM
Turkey's PMI hits 5-year low on inflation hit,MarketWatch,dhROrVjRWUkVI1MQ9QDiX3ID6oyvM
Eurozone Manufacturing Growth Remains Stable In July,RTT News,dhROrVjRWUkVI1MQ9QDiX3ID6oyvM
Turkey's Manufacturing Activity Contracts Further In July,RTT News,dhROrVjRWUkVI1MQ9QDiX3ID6oyvM
Dutch Manufacturing Activity Growth Quickens In July,RTT News,dhROrVjRWUkVI1MQ9QDiX3ID6oyvM
Poland Manufacturing Activity Contracts Unexpectedly In July,RTT News,dhROrVjRWUkVI1MQ9QDiX3ID6oyvM
Spanish Manufacturing Growth Weakens In July,RTT News,dhROrVjRWUkVI1MQ9QDiX3ID6oyvM
Norway's Manufacturing Expands In July,RTT News,dhROrVjRWUkVI1MQ9QDiX3ID6oyvM
India's Manufacturing PMI Hits 17-Month High,RTT News,dhROrVjRWUkVI1MQ9QDiX3ID6oyvM
India's Manufacturing Growth Hits 17-Month High,RTT News,dhROrVjRWUkVI1MQ9QDiX3ID6oyvM
China manufacturing gauges improve in July,MarketWatch,dhROrVjRWUkVI1MQ9QDiX3ID6oyvM
GLOBAL ECONOMY-China's factories spring to life as global trade reawakens,Reuters,dhROrVjRWUkVI1MQ9QDiX3ID6oyvM
Russia's Manufacturing Sector Expands For First Time Since October 2013,RTT News,dhROrVjRWUkVI1MQ9QDiX3ID6oyvM
India's Manufacturing PMI At 17-Month High,RTT News,dhROrVjRWUkVI1MQ9QDiX3ID6oyvM
"Aussie Retreats After Australia PPI, China PMI",RTT News,dhROrVjRWUkVI1MQ9QDiX3ID6oyvM
"RPT-UPDATE 2-China PMIs jump to multi-month highs in July, add to view  ...",Reuters,dhROrVjRWUkVI1MQ9QDiX3ID6oyvM
Vietnam Manufacturing Sector Continues To Expand In July : Markit,RTT News,dhROrVjRWUkVI1MQ9QDiX3ID6oyvM
Taiwan Manufacturing Activity Accelerates In July,RTT News,dhROrVjRWUkVI1MQ9QDiX3ID6oyvM
Japan Manufacturing Activity Slows In July,RTT News,dhROrVjRWUkVI1MQ9QDiX3ID6oyvM
REFILE-China July official PMI rises to 51.7 from 51 in June,Reuters,dhROrVjRWUkVI1MQ9QDiX3ID6oyvM
China's official manufacturing PMI beats forecast,MarketWatch,dhROrVjRWUkVI1MQ9QDiX3ID6oyvM
China's official factory index rises to beat forecasts,MarketWatch,dhROrVjRWUkVI1MQ9QDiX3ID6oyvM
Korea Manufacturing Sector Remains Soft,RTT News,dhROrVjRWUkVI1MQ9QDiX3ID6oyvM
"UPDATE 4-P&G to sell up to 100 brands to revive sales, cut costs",Reuters,d-V4lPR9GMfLyVM8daUnX7LRI9fjM
"Procter & Gamble Profit Tops View On Cost Cutting, But Sales Miss",RTT News,d-V4lPR9GMfLyVM8daUnX7LRI9fjM
P&G profit tops estimates as organic sales rise,MarketWatch,d-V4lPR9GMfLyVM8daUnX7LRI9fjM
What to look for in Procter & Gamble's earnings,MarketWatch,d-V4lPR9GMfLyVM8daUnX7LRI9fjM
"WRAPUP 5-US job growth cools, unemployment rate rises",Reuters,dQZS5QxKV728FrMenPgAVg51PsWMM
"WRAPUP 4-US job growth cools, unemployment rate rises",Reuters,dQZS5QxKV728FrMenPgAVg51PsWMM
Best part of jobs report: rise in unemployment rate,MarketWatch,dQZS5QxKV728FrMenPgAVg51PsWMM
US adds 209000 jobs in July to keep hot streak intact,MarketWatch,dQZS5QxKV728FrMenPgAVg51PsWMM
"Stable job growth, but wages have yet to budge",MarketWatch,dQZS5QxKV728FrMenPgAVg51PsWMM
US Employment Shows Continued Growth But Falls Short Of Estimates,RTT News,dQZS5QxKV728FrMenPgAVg51PsWMM
GLOBAL MARKETS-Shares rally on ECB stimulus bet; dollar gains,Reuters,dmr2OZWBib7wbhMKgpfBhbg3v29kM
"Draghi sparks optimism, but don't ignore caveats",MarketWatch,dmr2OZWBib7wbhMKgpfBhbg3v29kM
European Stocks Remain In Rally Mode Thanks To Draghi Remarks,RTT News,dmr2OZWBib7wbhMKgpfBhbg3v29kM
Euro zone bond yields dive as Draghi comments feed QE speculation,Reuters,dmr2OZWBib7wbhMKgpfBhbg3v29kM
FOREX-Dollar climbs as euro struggles near 1-year low,Reuters,dmr2OZWBib7wbhMKgpfBhbg3v29kM
TREASURIES-Yields drop as hopes for more ECB stimulus boosts demand,Reuters,dmr2OZWBib7wbhMKgpfBhbg3v29kM
Dovish Draghi triggers a rally for Europe stocks,MarketWatch,dmr2OZWBib7wbhMKgpfBhbg3v29kM
Pound Advances On Risk Appetite,RTT News,dmr2OZWBib7wbhMKgpfBhbg3v29kM
"Euro falls below $1.32, hits lowest level in nearly a year",MarketWatch,dmr2OZWBib7wbhMKgpfBhbg3v29kM
"FOREX-Euro struggles near 1-yr low on weak German data, Draghi's comments",Reuters,dmr2OZWBib7wbhMKgpfBhbg3v29kM
French Market Up; Unibail Rodamco Rises On Upgrade,RTT News,dmr2OZWBib7wbhMKgpfBhbg3v29kM
European Markets Rise After Draghi Comments,RTT News,dmr2OZWBib7wbhMKgpfBhbg3v29kM
German Market Notably Higher,RTT News,dmr2OZWBib7wbhMKgpfBhbg3v29kM
Asian Stocks Mixed After Yellen's Speech,RTT News,dmr2OZWBib7wbhMKgpfBhbg3v29kM
"GLOBAL MARKETS-Euro falls, stocks rise on ECB stimulus bet",Reuters,dmr2OZWBib7wbhMKgpfBhbg3v29kM
"FOREX-Euro hovers near 1-year low on Draghi's comments, eyes IFO",Reuters,dmr2OZWBib7wbhMKgpfBhbg3v29kM
RPT-GLOBAL ECONOMY WEEKAHEAD-Europe fears deflation as Ukraine  ...,Reuters,dmr2OZWBib7wbhMKgpfBhbg3v29kM
FOREX-Euro stumbles to lowest in almost a year on Draghi dovishness,Reuters,dmr2OZWBib7wbhMKgpfBhbg3v29kM
ECB Chief Signals More Monetary Stimulus To Support Recovery,RTT News,dmr2OZWBib7wbhMKgpfBhbg3v29kM
Draghi says ECB ready to adjust policy if inflation drops further,Reuters,dmr2OZWBib7wbhMKgpfBhbg3v29kM
Draghi says ECB stands ready to adjust policy further,Reuters,dmr2OZWBib7wbhMKgpfBhbg3v29kM
The doughnut burger's time has come,MarketWatch,dk6ynYIHv7N1ZfME3VPp1B6TrZCnM
"Burger King soars, GrubHub falls, Apple eyes another record close",MarketWatch,dk6ynYIHv7N1ZfME3VPp1B6TrZCnM
UPDATE 2-Tax savings spur Tim Hortons-Burger King merger talks; shares surge,Reuters,dk6ynYIHv7N1ZfME3VPp1B6TrZCnM
Burger King likes more than Tim Hortons' tax rate,MarketWatch,dk6ynYIHv7N1ZfME3VPp1B6TrZCnM
10 restaurant chains targeted for takeout,MarketWatch,dk6ynYIHv7N1ZfME3VPp1B6TrZCnM
TSX Rises As Tim Hortons Perks Up On BK Merger -- Canadian Commentary,RTT News,dk6ynYIHv7N1ZfME3VPp1B6TrZCnM
Burger King may buy Canada's Tim Hortons to cut its taxes,MarketWatch,dk6ynYIHv7N1ZfME3VPp1B6TrZCnM
CANADA STOCKS-TSX hits record high as Tim Hortons jumps,Reuters,dk6ynYIHv7N1ZfME3VPp1B6TrZCnM
"TSX To Open Higher On Tim Hortons-BK Merger, ECB Chatter - Canadian  ...",RTT News,dk6ynYIHv7N1ZfME3VPp1B6TrZCnM
Amazon to buy live-streaming game site Twitch: WSJ,Reuters,dMBknFu1_w-c5FMFY7oyae0YPM6gM
WRAPUP 2-Amazon snaps up live video startup Twitch for $970 million,Reuters,dMBknFu1_w-c5FMFY7oyae0YPM6gM
WRAPUP 1-Amazon snaps up live video startup Twitch for $970M cash,Reuters,dMBknFu1_w-c5FMFY7oyae0YPM6gM
"Amazon.com To Acquire Twitch Interactive, Inc. - Quick Facts",RTT News,dMBknFu1_w-c5FMFY7oyae0YPM6gM
"Amazon may dent, not kill, Google ads",MarketWatch,dMBknFu1_w-c5FMFY7oyae0YPM6gM
UPDATE 1-Amazon to buy live-streaming game site Twitch - WSJ,Reuters,dMBknFu1_w-c5FMFY7oyae0YPM6gM
Amazon.com to buy Twitch for roughly $1 bln-source,Reuters,dMBknFu1_w-c5FMFY7oyae0YPM6gM
Amazon to buy Twitch for more than $1 billion,MarketWatch,dMBknFu1_w-c5FMFY7oyae0YPM6gM
Hackers Halt Sony Playstation Network,RTT News,d7U2-ozEuKvxIvMO8VJqzwPicLHIM
UPDATE 3-Sony says PlayStation network back online; user data safe,Reuters,d7U2-ozEuKvxIvMO8VJqzwPicLHIM
Sony says PlayStation network is back online after cyberattack,MarketWatch,d7U2-ozEuKvxIvMO8VJqzwPicLHIM
Jeweler Tiffany raises full-year profit forecast,Reuters,dQBArVIWPC8nlgMbs24FVVLGy2YPM
UPDATE 2-Tiffany raises profit forecast as high-end jewelry sales climb,Reuters,dQBArVIWPC8nlgMbs24FVVLGy2YPM
Tiffany profit rises 16% on strong sales growth,MarketWatch,dQBArVIWPC8nlgMbs24FVVLGy2YPM
Tiffany Q2 Profit Increases; Raises FY EPS View - Quick Facts,RTT News,dQBArVIWPC8nlgMbs24FVVLGy2YPM
Tim Hortons Inc. (THI) Soared To A New High After Burger King Merger,RTT News,dPjRYZE_1e6dSgM971J1Vu6D8rqmM
Boycott iPhones before Whoppers if tax maneuvers are upsetting,MarketWatch,dPjRYZE_1e6dSgM971J1Vu6D8rqmM
DEALTALK-Buffett puts shareholders ahead of patriotism in Canadian deal,Reuters,dPjRYZE_1e6dSgM971J1Vu6D8rqmM
"The most hated car company, and why you shouldn't copy Burger King",MarketWatch,dPjRYZE_1e6dSgM971J1Vu6D8rqmM
"Wall St. flat near record highs, trading volume light",Reuters,djLhpi133eOrArMoyqZKsUDBkT5xM
Stocks flat as S&P 500 wavers near 2000; Tiffany pops,MarketWatch,djLhpi133eOrArMoyqZKsUDBkT5xM
"US STOCKS-Wall St flat at record highs, valuations seen reasonable",Reuters,djLhpi133eOrArMoyqZKsUDBkT5xM
Dow industrials challenge uncharted territory,MarketWatch,djLhpi133eOrArMoyqZKsUDBkT5xM
US STOCKS-Futures point to flat open with indexes at records,Reuters,djLhpi133eOrArMoyqZKsUDBkT5xM
Quiet Directionless Trading Likely As Markets Await Cues,RTT News,djLhpi133eOrArMoyqZKsUDBkT5xM
US STOCKS-Futures slightly higher with indexes at records,Reuters,djLhpi133eOrArMoyqZKsUDBkT5xM
US stocks: S&P to stick above 2000,MarketWatch,djLhpi133eOrArMoyqZKsUDBkT5xM
US STOCKS SNAPSHOT-S&P 500 ends above 2000 for first time,Reuters,djLhpi133eOrArMoyqZKsUDBkT5xM
SHAREHOLDER ALERT: Brower Piven Announces The Investigation Of Tim  ...,MarketWatch,dPjRYZE_1e6dSgM971J1Vu6D8rqmM
"Alibaba's profit, revenue surge ahead of IPO",MarketWatch,dkl3o8XruRtJGEMVNr7rIaX_k_XLM
UPDATE 5-Alibaba revenue accelerates ahead of IPO,Reuters,dkl3o8XruRtJGEMVNr7rIaX_k_XLM
Alibaba Profit Rises - Update,RTT News,dkl3o8XruRtJGEMVNr7rIaX_k_XLM
Alibaba's profit improves ahead of IPO,MarketWatch,dkl3o8XruRtJGEMVNr7rIaX_k_XLM
CORRECTED-Alibaba revenue jumps on strong China demand,Reuters,dkl3o8XruRtJGEMVNr7rIaX_k_XLM
CORRECTED-IPO VIEW-Fund managers look to make room for Alibaba,Reuters,dkl3o8XruRtJGEMVNr7rIaX_k_XLM
