TITLE,PUBLISHER,STORY
Europe reaches crunch point on banking union,Reuters,dPhGU51DcrolUIMxbRm0InaHGA2XM
ECB FOCUS-Stronger euro drowns out ECB's message to keep rates low for  ...,Reuters,dPhGU51DcrolUIMxbRm0InaHGA2XM
REFILE-Bad loan triggers key feature in ECB bank test announcement- sources,Reuters,dPhGU51DcrolUIMxbRm0InaHGA2XM
UPDATE 1-ECB to reveal bad loan hurdles for euro zone bank test -sources,Reuters,dPhGU51DcrolUIMxbRm0InaHGA2XM
Central banks must contain threats from low prices: ECB's Noyer,Reuters,dPhGU51DcrolUIMxbRm0InaHGA2XM
UPDATE 1-Central banks must contain threat from low prices -Noyer,Reuters,dPhGU51DcrolUIMxbRm0InaHGA2XM
ECB's Noyer says 'not happy' with euro's rise,Reuters,dPhGU51DcrolUIMxbRm0InaHGA2XM
ECB's Noyer: Low inflation may hamper adjustment,MarketWatch,dPhGU51DcrolUIMxbRm0InaHGA2XM
"EBay rejects Icahn board nominees, asks investors to do same",Reuters,dxyGGb4iN9Cs9aMZTKQpJeoiQfruM
EBay and Icahn keep trading punches,MarketWatch,dxyGGb4iN9Cs9aMZTKQpJeoiQfruM
"UPDATE 1-EBay rejects Icahn board nominees, asks investors to do same",Reuters,dxyGGb4iN9Cs9aMZTKQpJeoiQfruM
EBay says Carl Icahn's board picks 'not qualified',MarketWatch,dxyGGb4iN9Cs9aMZTKQpJeoiQfruM
UPDATE 2-McDonald's US sales continue to struggle in February,Reuters,d4lvRcSzuglGdFMmqvT6ZGcG8vDlM
McDonald's Reports February Global Comparable Sales,MarketWatch,d4lvRcSzuglGdFMmqvT6ZGcG8vDlM
US STOCKS-Wall Street edges lower after record; Boeing drags,Reuters,dchKRTV8vDviyCMH_lfUDTuFThh_M
US STOCKS SNAPSHOT-Wall St opens lower after S&P's record close,Reuters,dchKRTV8vDviyCMH_lfUDTuFThh_M
"US stocks held back by China, last week's moves",MarketWatch,dchKRTV8vDviyCMH_lfUDTuFThh_M
"US STOCKS-Futures edge lower after record high, China data",Reuters,dchKRTV8vDviyCMH_lfUDTuFThh_M
"Stock futures ease as Chinese trade, payrolls compete",MarketWatch,dchKRTV8vDviyCMH_lfUDTuFThh_M
Mt. Gox files for US bankruptcy to halt class action,Reuters,d85PwV5UxEUaHMM0to00pLgkAXkbM
UPDATE 1-Mt. Gox files for US bankruptcy to halt class action,Reuters,d85PwV5UxEUaHMM0to00pLgkAXkbM
RPT-Mt. Gox files for US bankruptcy protection,Reuters,d85PwV5UxEUaHMM0to00pLgkAXkbM
Mt. Gox files for Chapter 15 in U.S.,MarketWatch,d85PwV5UxEUaHMM0to00pLgkAXkbM
Will banana prices slip on merger?,MarketWatch,d2OyTeAXDFQpb3M9Cr_Ftde6Ig0aM
UPDATE 4-Chiquita and Fyffes join to make world's biggest banana firm,Reuters,d2OyTeAXDFQpb3M9Cr_Ftde6Ig0aM
UPDATE 2-Italy's UniCredit posts record $19 bln loss after writedowns,Reuters,dMggeOeT5e8qzgMn32oo6QbOpKp1M
UPDATE 1-UniCredit Bank Austria in sale talks on Ukraine unit,Reuters,dMggeOeT5e8qzgMn32oo6QbOpKp1M
UniCredit loss swells to $21 billion,MarketWatch,dMggeOeT5e8qzgMn32oo6QbOpKp1M
Bank Austria may sell Ukraine unit within a year - CFO,Reuters,dMggeOeT5e8qzgMn32oo6QbOpKp1M
"UniCredit serene about AQR, does not plan mergers with other banks",Reuters,dMggeOeT5e8qzgMn32oo6QbOpKp1M
US stocks edge lower in choppy trading,MarketWatch,djt9XrrBselwTwM8zuiF2B5iM25GM
"US STOCKS-Wall Street falls in choppy trading, catalysts scarce",Reuters,djt9XrrBselwTwM8zuiF2B5iM25GM
Urban Outfitters warns on current-quarter results after sales miss,Reuters,djt9XrrBselwTwM8zuiF2B5iM25GM
"GLOBAL MARKETS-World stock markets mostly flat, gold edges up on Ukraine  ...",Reuters,d-hjSD-DwX_qXnMBFcMkgFLw6bKqM
"GLOBAL MARKETS-World stocks flat, oil and gold edge up on Ukraine, China",Reuters,d-hjSD-DwX_qXnMBFcMkgFLw6bKqM
EM ASIA FX-Asia currencies firmer as yuan steadies; rupee shines,Reuters,d-hjSD-DwX_qXnMBFcMkgFLw6bKqM
Asian shares rise; Nikkei gives up gains on BOJ,MarketWatch,d-hjSD-DwX_qXnMBFcMkgFLw6bKqM
EM ASIA FX-Asian currencies rise as yuan steadies; rupee shines,Reuters,d-hjSD-DwX_qXnMBFcMkgFLw6bKqM
"GLOBAL MARKETS-Asia shares find steadier footing, China worries remain",Reuters,d-hjSD-DwX_qXnMBFcMkgFLw6bKqM
UPDATE 2-Bank of England announces shake-up as it probes FX case,Reuters,dBxpRXe8n64NSYMS2ELgYC0Mp3ySM
"UK lawmaker says BoE's handling of forex probe ""not encouraging""",Reuters,dBxpRXe8n64NSYMS2ELgYC0Mp3ySM
BOE to tighten oversight as forex questions persist,MarketWatch,dBxpRXe8n64NSYMS2ELgYC0Mp3ySM
UPDATE 1-RBS might have to leave an independent Scotland-BoE's Carney,Reuters,dBxpRXe8n64NSYMS2ELgYC0Mp3ySM
UPDATE 1-BoE's Carney says UK economy not close to overheating,Reuters,dBxpRXe8n64NSYMS2ELgYC0Mp3ySM
BoE's Carney says worried UK mortgage underwriting standards could deteriorate,Reuters,dBxpRXe8n64NSYMS2ELgYC0Mp3ySM
BOE's Carney defends forward guidance to lawmakers,MarketWatch,dBxpRXe8n64NSYMS2ELgYC0Mp3ySM
"TIMELINE-The FX ""fixing"" scandal",Reuters,dBxpRXe8n64NSYMS2ELgYC0Mp3ySM
Stronger sterling would delay Bank of England rate rise - BoE's Bean,Reuters,dBxpRXe8n64NSYMS2ELgYC0Mp3ySM
"UPDATE 2-Senate banking leaders sketch out Fannie, Freddie bill",Reuters,dqGBNbtZggwuw5MCNC30E54BpP3aM
D.C. walks a fine line in housing reform,MarketWatch,dqGBNbtZggwuw5MCNC30E54BpP3aM
"UPDATE 1-Fannie, Freddie could send $179.2 bln to taxpayers -White House",Reuters,dqGBNbtZggwuw5MCNC30E54BpP3aM
"US estimates Fannie, Freddie to repay $179.2 bln to taxpayers",Reuters,dqGBNbtZggwuw5MCNC30E54BpP3aM
"What one big fund is saying about Fannie, Freddie",MarketWatch,dqGBNbtZggwuw5MCNC30E54BpP3aM
OECD calls for Fed to be cautious in tapering,MarketWatch,d92F0oRwK1HBLOMJpK--0qhL0j9AM
TABLE-OECD quarterly GDP forecasts for major economies,Reuters,d92F0oRwK1HBLOMJpK--0qhL0j9AM
UPDATE 3-Men's Wearhouse stitches up deal to buy Jos. A. Bank,Reuters,do6Vg-oWU1TOTeMhVmlSXEHyzSaoM
Obamacare enrollment surpasses 4.2 million; more young adults signed up,MarketWatch,do6Vg-oWU1TOTeMhVmlSXEHyzSaoM
TIMELINE-Men's Wearhouse seals deal to buy Jos. A. Bank,Reuters,do6Vg-oWU1TOTeMhVmlSXEHyzSaoM
CORRECTED-Men's Wearhouse seals $1.8 billion deal to buy Jos. A. Bank,Reuters,do6Vg-oWU1TOTeMhVmlSXEHyzSaoM
WRAPUP 3-China premier warns on economic slowdown as data fans stimulus  ...,Reuters,d1zTiH4R-iYs4XM1tSRhjs6V9IrOM
China's debt risks are controllable: Premier Li,MarketWatch,d1zTiH4R-iYs4XM1tSRhjs6V9IrOM
Chinese premier admits 'friction' with the United States,Reuters,d1zTiH4R-iYs4XM1tSRhjs6V9IrOM
CORRECTED-China Premier Li calls for relevant party to step up plane search,Reuters,d1zTiH4R-iYs4XM1tSRhjs6V9IrOM
"Stock futures up, looking past China to retail sales",MarketWatch,dE1nRuMbDnCeYhMLITzsKriNPFBpM
China economic data disappoint markets,MarketWatch,dE1nRuMbDnCeYhMLITzsKriNPFBpM
"GRAINS-Soybeans near 2-week low, wheat rises for 3rd day",Reuters,dE1nRuMbDnCeYhMLITzsKriNPFBpM
"US STOCKS-Wall St little changed as Ukraine, China concerns brushed off",Reuters,dE1nRuMbDnCeYhMLITzsKriNPFBpM
US STOCKS-Wall St cuts losses as diplomacy ramps up in Ukraine,Reuters,dE1nRuMbDnCeYhMLITzsKriNPFBpM
CORRECTED-US STOCKS-Wall St pares losses as Ukraine concerns ease,Reuters,dE1nRuMbDnCeYhMLITzsKriNPFBpM
US STOCKS-Wall St to open lower as China concerns mount,Reuters,dE1nRuMbDnCeYhMLITzsKriNPFBpM
US STOCKS-Futures fall as China concerns mount,Reuters,dE1nRuMbDnCeYhMLITzsKriNPFBpM
"PRECIOUS-Gold up at 6-month high as Ukraine, China prompt safe-haven bids",Reuters,dd-ja3A1HzLxsTMnYm_Zo9l7RZAHM
"PRECIOUS-Gold near 6-mth high as Ukraine, China prompt safe-haven bids",Reuters,dd-ja3A1HzLxsTMnYm_Zo9l7RZAHM
"Gold up 1.3 percent to highest since September on China, Ukraine",Reuters,dd-ja3A1HzLxsTMnYm_Zo9l7RZAHM
"PRECIOUS-Gold up 1.3 pct to highest since Sept on China, Ukraine",Reuters,dd-ja3A1HzLxsTMnYm_Zo9l7RZAHM
Gold futures mark highest close in six months,MarketWatch,dd-ja3A1HzLxsTMnYm_Zo9l7RZAHM
PRECIOUS-Gold holds gains near 4-month high on safe-haven demand,Reuters,dd-ja3A1HzLxsTMnYm_Zo9l7RZAHM
Gold gains for second straight session,MarketWatch,dd-ja3A1HzLxsTMnYm_Zo9l7RZAHM
"PRECIOUS-Gold rises on concern over Ukraine crisis, Chinese growth",Reuters,dd-ja3A1HzLxsTMnYm_Zo9l7RZAHM
"PRECIOUS-Gold firm on fund inflows; China, Ukraine worries support",Reuters,dd-ja3A1HzLxsTMnYm_Zo9l7RZAHM
"PRECIOUS-Gold flat; Ukraine, weak Chinese export seen supporting",Reuters,dd-ja3A1HzLxsTMnYm_Zo9l7RZAHM
PRECIOUS-Gold prices climb as tensions over Ukraine intensify,Reuters,dd-ja3A1HzLxsTMnYm_Zo9l7RZAHM
"PRECIOUS-Gold drops as US growth optimism weighs, China sells",Reuters,dd-ja3A1HzLxsTMnYm_Zo9l7RZAHM
"PRECIOUS-Gold falls for 2nd session, US growth optimism weighs",Reuters,dd-ja3A1HzLxsTMnYm_Zo9l7RZAHM
"Gold futures lose 1%, but gain for the week",MarketWatch,dd-ja3A1HzLxsTMnYm_Zo9l7RZAHM
"Stocks to Watch: Herbalife, Dollar General, Aeropostale",MarketWatch,dey1wWSDFLloFaMb4H5WhUu2P5biM
UPDATE 3-Herbalife says US FTC opens inquiry long sought by Ackman,Reuters,dey1wWSDFLloFaMb4H5WhUu2P5biM
UPDATE 2-Herbalife says US FTC opens inquiry long sought by Ackman,Reuters,dey1wWSDFLloFaMb4H5WhUu2P5biM
Federal probe is latest twist in Herbalife saga,MarketWatch,dey1wWSDFLloFaMb4H5WhUu2P5biM
UPDATE 2-Ackman accuses Herbalife of breaking laws in China,Reuters,dey1wWSDFLloFaMb4H5WhUu2P5biM
UPDATE 1-Ackman accuses Herbalife of breaking laws in China,Reuters,dey1wWSDFLloFaMb4H5WhUu2P5biM
Ackman outspent by Herbalife in lobbying battle,Reuters,dey1wWSDFLloFaMb4H5WhUu2P5biM
Bouygues raises bid for Vivendi unit,MarketWatch,d1BKBxE-TXmBEpMnaYAKMFw9iuqVM
Deals of the day- Mergers and acquisitions,Reuters,d1BKBxE-TXmBEpMnaYAKMFw9iuqVM
UPDATE 1-Bouygues raises bid for Vivendi's SFR to shut out Numericable,Reuters,d1BKBxE-TXmBEpMnaYAKMFw9iuqVM
Bouygues confirms improved offer for Vivendi's SFR,Reuters,d1BKBxE-TXmBEpMnaYAKMFw9iuqVM
French and Benelux stocks-Factors to watch on March 13,Reuters,d1BKBxE-TXmBEpMnaYAKMFw9iuqVM
Bouygues board meets to approve improved SFR bid-sources,Reuters,d1BKBxE-TXmBEpMnaYAKMFw9iuqVM
DEALTALK-Vivendi hunts for the right telecom exit,Reuters,d1BKBxE-TXmBEpMnaYAKMFw9iuqVM
Numericable won't raise bid for Vivendi's SFR,MarketWatch,d1BKBxE-TXmBEpMnaYAKMFw9iuqVM
Numericable sees SFR synergies in 2014; criticises Bouygues bid,Reuters,d1BKBxE-TXmBEpMnaYAKMFw9iuqVM
UPDATE 1-French cable group Numericable keeps mid-term targets,Reuters,d1BKBxE-TXmBEpMnaYAKMFw9iuqVM
French cable group Numericable keeps mid-term targets,Reuters,d1BKBxE-TXmBEpMnaYAKMFw9iuqVM
US mortgage applications slip in latest week -MBA,Reuters,dJiS172bcGOLtdMxoDzRWed85-hRM
U.S. mortgage application volume falls by 2.1%,MarketWatch,dJiS172bcGOLtdMxoDzRWed85-hRM
UPDATE 3-GM waited on Ion recall despite awareness of fatal crashes,Reuters,dEZNgZvY8VyPQaMEfz21GkYBcGLcM
GM detected ignition switch issue back in 2001,MarketWatch,dEZNgZvY8VyPQaMEfz21GkYBcGLcM
UPDATE 2-GM urges drivers stick to sparse key ring even after recall repair,Reuters,dEZNgZvY8VyPQaMEfz21GkYBcGLcM
"Even after recall repair, GM recommends only key, fob on key ring",Reuters,dEZNgZvY8VyPQaMEfz21GkYBcGLcM
Alibaba picks US for IPO; in talks with six banks for lead roles,Reuters,dOOSaC3dQLzj6BMGq5Tso8w3ywZgM
"RPT-As giant US IPO nears, Alibaba's China e-commerce crown slips",Reuters,dOOSaC3dQLzj6BMGq5Tso8w3ywZgM
PRESS DIGEST- Hong Kong - March 17,Reuters,dOOSaC3dQLzj6BMGq5Tso8w3ywZgM
Alibaba plans equal sway for banks in IPO,MarketWatch,dOOSaC3dQLzj6BMGq5Tso8w3ywZgM
UPDATE 2-Alibaba picks US for IPO; in talks with six banks for lead roles,Reuters,dOOSaC3dQLzj6BMGq5Tso8w3ywZgM
Alibaba Group seeking US listing in Q3 - sources,Reuters,dOOSaC3dQLzj6BMGq5Tso8w3ywZgM
Euro zone inflation drops back to lowest ever level in February,Reuters,dqO3oaCsbs8_Y0Ma_iuUkCYtlIz4M
Euro-zone inflation rate revised down to 0.7%,MarketWatch,dqO3oaCsbs8_Y0Ma_iuUkCYtlIz4M
It's pledge week at the Fed,MarketWatch,dvqU-3-VQAHtl0MPiiF_EWrJZfbaM
Fed weighs how to retool rate guidance,MarketWatch,dvqU-3-VQAHtl0MPiiF_EWrJZfbaM
5 ways the Fed can get the economy back to normal,MarketWatch,dvqU-3-VQAHtl0MPiiF_EWrJZfbaM
"FED FOCUS-For eventual tightening, Fed to signal slow rate rises",Reuters,dvqU-3-VQAHtl0MPiiF_EWrJZfbaM
Hyundai apologizes for overstating fuel efficiency,MarketWatch,dnczvDiuhcnArkMTVghPkR0QKdoNM
"Hyundai Motor cuts fuel economy of new Sonata, says made ""error""",Reuters,dnczvDiuhcnArkMTVghPkR0QKdoNM
WRAPUP 1-US inflation muted despite food price increases; housing starts slip,Reuters,d4z586k7VjuFfYMB86gHVHgDcH7cM
Consumer prices edge up in February as food prices jump,MarketWatch,d4z586k7VjuFfYMB86gHVHgDcH7cM
Consumer prices edge up 0.1% in February,MarketWatch,d4z586k7VjuFfYMB86gHVHgDcH7cM
UPDATE 3-US administration says Obamacare enrollment tops 5 million,Reuters,dUGqnyCCIa_a8XM3oYqtaQwB6dXJM
UPDATE 2-US administration says Obamacare enrollment tops 5 million,Reuters,dUGqnyCCIa_a8XM3oYqtaQwB6dXJM
Cash prizes for signing up for Obamacare?,MarketWatch,dUGqnyCCIa_a8XM3oYqtaQwB6dXJM
UPDATE 2-UK shakes up Bank of England with three new rate-setter appointments,Reuters,dZPteT9yKKMjOdMy7deVpjBtb64HM
Bank of England names Haldane as new chief economist,Reuters,dZPteT9yKKMjOdMy7deVpjBtb64HM
UK names two new Bank of England deputy governors,Reuters,dZPteT9yKKMjOdMy7deVpjBtb64HM
Bank of England appoints Mark Carney's new deputy,MarketWatch,dZPteT9yKKMjOdMy7deVpjBtb64HM
UK expected to name next BoE deputy governor on Tuesday: source,Reuters,dZPteT9yKKMjOdMy7deVpjBtb64HM
UPDATE 1-Wal-Mart entry into used videogames trade threatens GameStop,Reuters,dDImFpjDxzjN3bMLwlq2ItFmFxWSM
Trade in your Call of Duty for diapers,MarketWatch,dDImFpjDxzjN3bMLwlq2ItFmFxWSM
GameStop drops; Hertz moves ahead with spinoff,MarketWatch,dDImFpjDxzjN3bMLwlq2ItFmFxWSM
Microsoft shares flirt with dotcom-boom levels on iPad app report,Reuters,dctqjgWlA2dVhTMOBhbZwO4rR3NWM
Microsoft ready to bring Office to the iPad,MarketWatch,dctqjgWlA2dVhTMOBhbZwO4rR3NWM
RPT-UPDATE 1-Microsoft's CEO may unveil Office for iPad on March 27 -source,Reuters,dctqjgWlA2dVhTMOBhbZwO4rR3NWM
UPDATE 1-Microsoft's CEO may unveil Office for iPad on March 27 -source,Reuters,dctqjgWlA2dVhTMOBhbZwO4rR3NWM
Malaysia discounts possible missing plane sighting in Maldives,Reuters,dbXvD2QgqQdLn2MBRFymhvke0YXqM
Data deleted from missing pilot's flight simulator,MarketWatch,dbXvD2QgqQdLn2MBRFymhvke0YXqM
BMW sees higher profits and car sales in 2014,Reuters,dpsbEBDv0DM5VeMEFni_ROEVX203M
UPDATE 1-BMW eyes US production hike in push for sales record,Reuters,dpsbEBDv0DM5VeMEFni_ROEVX203M
BMW sees 'clear growth' in 2014 pretax profit,MarketWatch,dpsbEBDv0DM5VeMEFni_ROEVX203M
"Fed may raise rates as soon as next spring, Yellen suggests",Reuters,dAYENP5WxlnkP9MU2yDD-4yOWUHtM
Stock futures slip ahead of labor data; Lennar gains,MarketWatch,dAYENP5WxlnkP9MU2yDD-4yOWUHtM
"Dollar upbeat on rate rise expectations, bonds fall",Reuters,dAYENP5WxlnkP9MU2yDD-4yOWUHtM
Dollar pauses after Fed-led surge,Reuters,dAYENP5WxlnkP9MU2yDD-4yOWUHtM
"For Janet Yellen, a single mandate now",MarketWatch,dAYENP5WxlnkP9MU2yDD-4yOWUHtM
"EM ASIA FX-Yellen shock, weak yuan hit Asia FX; more losses seen",Reuters,dAYENP5WxlnkP9MU2yDD-4yOWUHtM
FOREX-Dollar pauses after Fed-led surge,Reuters,dAYENP5WxlnkP9MU2yDD-4yOWUHtM
Italy - Factors to watch on March 20,Reuters,dAYENP5WxlnkP9MU2yDD-4yOWUHtM
UPDATE 1-Lennar profit jumps as it sells more homes at higher prices,Reuters,dKfdYXp_oa06FjMH1vmNo466GafsM
Lennar profit rises 36 pct as it sells more homes,Reuters,dKfdYXp_oa06FjMH1vmNo466GafsM
"Lennar, Nike, ConAgra are Thursday's stocks to watch",MarketWatch,dKfdYXp_oa06FjMH1vmNo466GafsM
"UPDATE 2-Icahn changes course, urges eBay to sell 20 pct of PayPal",Reuters,dk6y3_aZG019RyMue5rnjOjxIwl3M
Carl Icahn's 80/20 vision of eBay and PayPal,MarketWatch,dk6y3_aZG019RyMue5rnjOjxIwl3M
UPDATE 2-Marketwired to stop selling to high-frequency traders,Reuters,d5fZSL3c7uQ95bMK38nkSLgMo0cAM
Marketwired latest to drop direct feeds to HFTs,MarketWatch,d5fZSL3c7uQ95bMK38nkSLgMo0cAM
Why New York AG wants curbs on high-frequency traders,MarketWatch,d5fZSL3c7uQ95bMK38nkSLgMo0cAM
UPDATE 2-New York's Schneiderman seeks curbs on high-frequency traders,Reuters,d5fZSL3c7uQ95bMK38nkSLgMo0cAM
New York's Schneiderman seeks curbs on high-frequency traders,Reuters,d5fZSL3c7uQ95bMK38nkSLgMo0cAM
N.Y. probes alleged advantages given to HFT,MarketWatch,d5fZSL3c7uQ95bMK38nkSLgMo0cAM
China Mobile's annual net earnings slips 5.9%,MarketWatch,dXi8Wbod2gNBPZMOWqpiSJWxtl07M
UPDATE 3-First annual profit drop in 14 years spurs China Mobile spending on 4G,Reuters,dXi8Wbod2gNBPZMOWqpiSJWxtl07M
China Mobile to increase handset subsidies 26 pct in 2014,Reuters,dXi8Wbod2gNBPZMOWqpiSJWxtl07M
"China Mobile capex to rise 22 pct in 2014, aims to sell 100 mln 4G devices",Reuters,dXi8Wbod2gNBPZMOWqpiSJWxtl07M
"China Mobile 2013 profit falls 5.9 pct, misses estimates",Reuters,dXi8Wbod2gNBPZMOWqpiSJWxtl07M
UPDATE 2-China Telecom books record revenue on rapid mobile sales growth,Reuters,dXi8Wbod2gNBPZMOWqpiSJWxtl07M
China Telecom profit up 17% on high-value signups,MarketWatch,dXi8Wbod2gNBPZMOWqpiSJWxtl07M
China Telecom's 2014 capex to be slightly higher at 80.3 bln yuan,Reuters,dXi8Wbod2gNBPZMOWqpiSJWxtl07M
"China Telecom 2013 profit rises 17 pct, matches estimates",Reuters,dXi8Wbod2gNBPZMOWqpiSJWxtl07M
Oracle crosshairs: currency vs cloud boost,MarketWatch,do8j0bCjY5DibxMZlDgqqxkTdZnyM
UPDATE 4-Oracle quarterly results disappoint Wall St; shares fall,Reuters,do8j0bCjY5DibxMZlDgqqxkTdZnyM
Oracle says new software sales rose 4 percent in third quarter,Reuters,do8j0bCjY5DibxMZlDgqqxkTdZnyM
"On Oracle earnings, media has its head in the clouds",MarketWatch,do8j0bCjY5DibxMZlDgqqxkTdZnyM
UPDATE 2-GSK cancer vaccine fails again but testing continues,Reuters,d45jdjrklMcS2dMTsGkZTKg9eYtYM
GlaxoSmithKline cancer drug suffers setback,MarketWatch,d45jdjrklMcS2dMTsGkZTKg9eYtYM
Canada joins US in broadening Russia sanctions,MarketWatch,dNpFU6MILjVctpM7nh3_Ih8nOGNmM
UPDATE 3-Russian sanctions ripple through corporate boardrooms,Reuters,dNpFU6MILjVctpM7nh3_Ih8nOGNmM
UPDATE 2-Putin pledges support for sanctions-hit Russian bank,Reuters,dNpFU6MILjVctpM7nh3_Ih8nOGNmM
"Businesses fear ripple effects from ""cosmetic"" Russian sanctions",Reuters,dNpFU6MILjVctpM7nh3_Ih8nOGNmM
Tech stocks slip but Nasdaq ekes out weekly gain,MarketWatch,dOYMWGWTc9yK85MZhujYJCZknTHFM
UPDATE 1-Symantec CEO ouster raises questions about turnaround,Reuters,dOYMWGWTc9yK85MZhujYJCZknTHFM
Ousted Symantec CEO may get $18.5 mln in severance payment,Reuters,dOYMWGWTc9yK85MZhujYJCZknTHFM
UPDATE 2-Symantec fires CEO Bennett,Reuters,dOYMWGWTc9yK85MZhujYJCZknTHFM
Symantec boots CEO as turnaround stalls,MarketWatch,dOYMWGWTc9yK85MZhujYJCZknTHFM
"UPDATE 2-US Fed corrects stress test results, says most changes minor",Reuters,dzwWTDFSd0fzZ6MYNS6Ur17aaMO3M
"US Fed issues corrected stress test results, says most changes minor",Reuters,dzwWTDFSd0fzZ6MYNS6Ur17aaMO3M
Fed stress test weighs on B. of A.; JP Morgan jumps,MarketWatch,dzwWTDFSd0fzZ6MYNS6Ur17aaMO3M
Fed stress test: Banks lose $501 bln in bad recession,MarketWatch,dzwWTDFSd0fzZ6MYNS6Ur17aaMO3M
UPDATE 3-All big US banks but one pass Fed's health test,Reuters,dzwWTDFSd0fzZ6MYNS6Ur17aaMO3M
TABLE-US banks' capital ratios under Fed stress tests,Reuters,dzwWTDFSd0fzZ6MYNS6Ur17aaMO3M
All but one of major US banks meet Fed's stress test hurdle,Reuters,dzwWTDFSd0fzZ6MYNS6Ur17aaMO3M
RPT--US Fed to release results of financial industry health check,Reuters,dzwWTDFSd0fzZ6MYNS6Ur17aaMO3M
Another object spotted; Malaysia jet search presses on,MarketWatch,dVK7SWRI1vWEpIMDLoCD_ne0yEkyM
WRAPUP 11-China spots new possible plane debris in southern Indian Ocean,Reuters,dVK7SWRI1vWEpIMDLoCD_ne0yEkyM
UPDATE 1-Mt. Gox says it found 200000 bitcoins in 'forgotten' wallet,Reuters,d4Ctvi87pUp0TVMwcVQTazB5nrbsM
Mt. Gox finds 200000 bitcoins it thought were lost,MarketWatch,d4Ctvi87pUp0TVMwcVQTazB5nrbsM
Mt. Gox finds 200000 lost bitcoins: WSJ,MarketWatch,d4Ctvi87pUp0TVMwcVQTazB5nrbsM
"REFILE-UPDATE 1-Mt. Gox says it found 200000 bitcoins in ""forgotten"" wallet",Reuters,d4Ctvi87pUp0TVMwcVQTazB5nrbsM
China satellite spots object in MH370 jet search,MarketWatch,dx-dgpjwhPTym3MiI6I2HolKsFQMM
WRAPUP 1-Search area for Malaysian airliner widened after French satellite  ...,Reuters,dx-dgpjwhPTym3MiI6I2HolKsFQMM
RPT-WRAPUP 5-French satellite image also shows possible plane debris,Reuters,dx-dgpjwhPTym3MiI6I2HolKsFQMM
WRAPUP 5-French satellite image also shows possible plane debris,Reuters,dx-dgpjwhPTym3MiI6I2HolKsFQMM
California DMV: Potential credit card reach,MarketWatch,d4iIH8q60eMkzLMlFZ_vM3wNtoQQM
UPDATE 2-California DMV probing possible breach of credit card system,Reuters,d4iIH8q60eMkzLMlFZ_vM3wNtoQQM
UPDATE 1-California DMV probing possible breach of credit card system,Reuters,d4iIH8q60eMkzLMlFZ_vM3wNtoQQM
California DMV investigating possible breach of credit card system,Reuters,d4iIH8q60eMkzLMlFZ_vM3wNtoQQM
US stocks retreat; Nasdaq off 1%,MarketWatch,dWodkwDbYh8CP3MN40m4jTNqXmMWM
US STOCKS SNAPSHOT-Wall St ends down as investors book profits,Reuters,dWodkwDbYh8CP3MN40m4jTNqXmMWM
London stocks rally after inflation data; easyJet jumps,MarketWatch,dEePOIddTFj8eLMCqmM7VsHYeu8KM
UPDATE 2-Budget airline easyJet lifts first-half results forecast,Reuters,dEePOIddTFj8eLMCqmM7VsHYeu8KM
Walt Disney climbs after deal; Himax sinks,MarketWatch,dBOG2P12HzMwjFMgaRWP-rTeBBF2M
UPDATE 2-Disney to buy YouTube network Maker Studios for $500 mln,Reuters,dBOG2P12HzMwjFMgaRWP-rTeBBF2M
U.S. stock futures rise on Plosser's rate comments,MarketWatch,dT0w_Lo75548ZlMi-NKi_To6vvf-M
"US STOCKS-Futures edge higher after selloff, but concerns remain",Reuters,dT0w_Lo75548ZlMi-NKi_To6vvf-M
"Stock futures up ahead of confidence, housing data",MarketWatch,dT0w_Lo75548ZlMi-NKi_To6vvf-M
US stocks fall; Nasdaq skids 1.2%,MarketWatch,dT0w_Lo75548ZlMi-NKi_To6vvf-M
India Morning Call-Global Markets,Reuters,dT0w_Lo75548ZlMi-NKi_To6vvf-M
"US STOCKS-Wall St falls, Nasdaq tumbles below 50-day moving average",Reuters,dT0w_Lo75548ZlMi-NKi_To6vvf-M
"US STOCKS-Wall St slumps, Nasdaq under 50-day moving average",Reuters,dT0w_Lo75548ZlMi-NKi_To6vvf-M
US stocks drift lower after weak PMI,MarketWatch,dT0w_Lo75548ZlMi-NKi_To6vvf-M
"UK inflation hits new four-year low in February, house prices up sharply",Reuters,drtnhd44qzW0MaMaJYSEh4jVEMwZM
U.K. inflation falls further below BOE target of 2%,MarketWatch,drtnhd44qzW0MaMaJYSEh4jVEMwZM
"TAKE A LOOK-Asia inflation: Prices cool in Singapore, Vietnam",Reuters,drtnhd44qzW0MaMaJYSEh4jVEMwZM
"PRECIOUS-Gold holds above 1-month low, but US rate hike fears weigh",Reuters,df099bV_5_nKjKMqxhiVh1yCmHe3M
"PRECIOUS-Gold off 1-month low, but US rate hike fears cap gains",Reuters,df099bV_5_nKjKMqxhiVh1yCmHe3M
PRECIOUS-Gold near 1-month low on concerns over US rate rises,Reuters,df099bV_5_nKjKMqxhiVh1yCmHe3M
"PRECIOUS-Gold drops 2 pct on fund selling, US rate hike fears",Reuters,df099bV_5_nKjKMqxhiVh1yCmHe3M
"Gold tumbles as dollar gains, investors cash in",MarketWatch,df099bV_5_nKjKMqxhiVh1yCmHe3M
"PRECIOUS-Bullion drops nearly 1 pct on dollar, palladium holds near 2-1/2-yr high",Reuters,df099bV_5_nKjKMqxhiVh1yCmHe3M
"PRECIOUS-Gold ticks lower, US dollar holds near peak",Reuters,df099bV_5_nKjKMqxhiVh1yCmHe3M
Data storage firm Box files for US IPO of about $250 million,Reuters,dETmRVJVDSq1fAMN3gKNKs0k5wFZM
UPDATE 2-Data storage firm Box files for US IPO of about $250 mln,Reuters,dETmRVJVDSq1fAMN3gKNKs0k5wFZM
Box IPO details yet another money-loser,MarketWatch,dETmRVJVDSq1fAMN3gKNKs0k5wFZM
Data storage firm Box files for IPO of up to $250 mln,Reuters,dETmRVJVDSq1fAMN3gKNKs0k5wFZM
Could Apple make cable TV cool again?,MarketWatch,d8WnNUjsPLscpcMvdz_yT-W5XOYcM
"Apple gains on Comcast talk, new iPhone buzz",MarketWatch,d8WnNUjsPLscpcMvdz_yT-W5XOYcM
Apple's a rare gainer as most techs tumble,MarketWatch,d8WnNUjsPLscpcMvdz_yT-W5XOYcM
"Newscast: Deal talk boosts Apple, sinks Netflix",MarketWatch,d8WnNUjsPLscpcMvdz_yT-W5XOYcM
Apple gains on reports of Comcast talks,MarketWatch,d8WnNUjsPLscpcMvdz_yT-W5XOYcM
UPDATE 1-Apple in talks with Comcast for streaming-TV service - WSJ,Reuters,d8WnNUjsPLscpcMvdz_yT-W5XOYcM
"King Digital, Box highlight strong IPO quarter",MarketWatch,dQoFU3FfIfjk_LMevfnHFELhltKOM
CORRECTED-Candy Crush game maker's IPO to face investor scrutiny,Reuters,dQoFU3FfIfjk_LMevfnHFELhltKOM
"CORRECTED-GLOBAL MARKETS-China stimulus hopes, calmer Ukraine lift  ...",Reuters,dSSoW8MbaWwbChMYTaGbQPS1Ngw0M
ECB's Liikanen - Negative deposit rates not controversial issue -WSJ,Reuters,dSSoW8MbaWwbChMYTaGbQPS1Ngw0M
ECB's Weidmann opens door to quantitative easing,Reuters,dSSoW8MbaWwbChMYTaGbQPS1Ngw0M
"Dollar gains after ECB comments, US consumer confidence data",Reuters,dSSoW8MbaWwbChMYTaGbQPS1Ngw0M
"FOREX-Dollar gains after ECB comments, US consumer confidence data",Reuters,dSSoW8MbaWwbChMYTaGbQPS1Ngw0M
Slovak central bank slashes inflation outlook,Reuters,dSSoW8MbaWwbChMYTaGbQPS1Ngw0M
Dollar cuts gains after mixed US data,MarketWatch,dSSoW8MbaWwbChMYTaGbQPS1Ngw0M
FOREX-Euro falls as ECB steps up rhetoric about currency's strength,Reuters,dSSoW8MbaWwbChMYTaGbQPS1Ngw0M
"Pound gains against a weaker euro, flat versus dollar",Reuters,dSSoW8MbaWwbChMYTaGbQPS1Ngw0M
Euro falls as ECB Weidmann says negative rates could stem firm currency,Reuters,dSSoW8MbaWwbChMYTaGbQPS1Ngw0M
Euro zone bond yields fall as US manufacturing weakening,Reuters,dSSoW8MbaWwbChMYTaGbQPS1Ngw0M
REFILE-ECB tested as push-back against bank review rules begins,Reuters,dSSoW8MbaWwbChMYTaGbQPS1Ngw0M
Euro zone bonds mostly weaker after PMI data,Reuters,dSSoW8MbaWwbChMYTaGbQPS1Ngw0M
"WRAPUP 2-Bullish consumers, rising home prices brighten US growth picture",Reuters,dfBS3RPqkm4eq8MhSZx-pHIez0eqM
Sales of new homes fall to five-month low,MarketWatch,dfBS3RPqkm4eq8MhSZx-pHIez0eqM
UPDATE 1-US home prices rise in January -S&P/Case-Shiller,Reuters,dV_mH5Zqkuj_wBM68o5qjJ4OM7YVM
US home prices decline 0.1% in January,MarketWatch,dV_mH5Zqkuj_wBM68o5qjJ4OM7YVM
US new home sales fall to five-month low,Reuters,dmMrwXwO9--qQQM97mD0rlOCFjF_M
Consumer confidence highest in more than six years,MarketWatch,dmMrwXwO9--qQQM97mD0rlOCFjF_M
Consumer-confidence index rises in March,MarketWatch,dmMrwXwO9--qQQM97mD0rlOCFjF_M
UPDATE 2-Walgreen sees bigger benefit from Alliance Boots tie-up,Reuters,d9aSAf_ZMgYYCkMzqyBUue_WTLx8M
Fewer new generic drugs dent Walgreen profit,Reuters,d9aSAf_ZMgYYCkMzqyBUue_WTLx8M
"Walgreen posts weaker profit, to close stores",MarketWatch,d9aSAf_ZMgYYCkMzqyBUue_WTLx8M
HTC debuts flagship smartphone in race against Samsung,Reuters,dCS7hg1b8wkl8mMhX7j3pXTLfPeAM
T-Mobile Serves Up the Stunning All-New HTC One - As Only the Un-carrier Can,MarketWatch,dCS7hg1b8wkl8mMhX7j3pXTLfPeAM
US STOCKS-Wall St rebounds; biotech shares snap losing streak,Reuters,dPx2fhb-zjReSvMQYGjdGCUz5JNcM
US STOCKS-Wall St rebounds as biotech moves back to positive zone,Reuters,dPx2fhb-zjReSvMQYGjdGCUz5JNcM
Charting a garden-variety market pullback,MarketWatch,dPx2fhb-zjReSvMQYGjdGCUz5JNcM
"WRAPUP 2-Malaysian jet debris hunt steps up, black box detectors arrive",Reuters,dpJ38zm8NY8hUFM22x2aL0hc9hjfM
Race to find Flight 370 resumes as deadline looms,MarketWatch,dpJ38zm8NY8hUFM22x2aL0hc9hjfM
UK's Lloyds share sale was 1.7 times covered -source,Reuters,dvjMCR4SFMRYJZMeg-i_QJWuERiYM
UK sells 4.2 bln stg of shares in Lloyds,Reuters,dvjMCR4SFMRYJZMeg-i_QJWuERiYM
UPDATE 1-UK sells 4.2 bln stg of shares in Lloyds,Reuters,dvjMCR4SFMRYJZMeg-i_QJWuERiYM
UK government reduces Lloyds stake to about 25%,MarketWatch,dvjMCR4SFMRYJZMeg-i_QJWuERiYM
PRESS DIGEST- New York Times business news - March 26,Reuters,dvjMCR4SFMRYJZMeg-i_QJWuERiYM
PRESS DIGEST- Financial Times - March 26,Reuters,dvjMCR4SFMRYJZMeg-i_QJWuERiYM
PRESS DIGEST- British Business - March 26,Reuters,dvjMCR4SFMRYJZMeg-i_QJWuERiYM
"UPDATE 2-""Candy Crush"" maker King scores $7.1 bln valuation in IPO",Reuters,dznUPuCA2r4BO-MHJu8e2YbcMy2tM
Candy Crush maker King Digital prices IPO at $22.50 per share - WSJ,Reuters,dznUPuCA2r4BO-MHJu8e2YbcMy2tM
UPDATE 1-Candy Crush maker King Digital valued at more than $7 bln in IPO,Reuters,dznUPuCA2r4BO-MHJu8e2YbcMy2tM
Skepticism around Candy Crush maker IPO,MarketWatch,dznUPuCA2r4BO-MHJu8e2YbcMy2tM
"UPDATE 4-US Fed bars shareholder payouts from Citi, 4 others",Reuters,dTQ8pLlTqc1ZDHMn7F8jF1ZGbGnVM
"Citi, four other banks see capital plan rejected by Fed",MarketWatch,dTQ8pLlTqc1ZDHMn7F8jF1ZGbGnVM
"US Fed objects to capital plans by Citi, four others in stress tests",Reuters,dTQ8pLlTqc1ZDHMn7F8jF1ZGbGnVM
Citigroup shares drop on Fed-rejected capital plan,MarketWatch,dTQ8pLlTqc1ZDHMn7F8jF1ZGbGnVM
UPDATE 1-US banks enjoy 'too-big-to-fail' advantage -Fed study,Reuters,dTQ8pLlTqc1ZDHMn7F8jF1ZGbGnVM
Fed's Fisher lauds study as call for action on too-big banks,Reuters,dTQ8pLlTqc1ZDHMn7F8jF1ZGbGnVM
UPDATE 6-Murdoch sets up sons to take over media empire,Reuters,dWg2UvW7ThPMkEMuZMBq9sDxrilAM
UPDATE 4-Murdoch sets up sons to take over media empire,Reuters,dWg2UvW7ThPMkEMuZMBq9sDxrilAM
"Lachlan Murdoch named co-chair of News Corp, Fox",MarketWatch,dWg2UvW7ThPMkEMuZMBq9sDxrilAM
UPDATE 2-Bank of America to pay $9.3 bln to settle mortgage bond claims,Reuters,dY-01DTE2yrit7MIM_eY2KcMgOusM
B. of A. to pay $9.5 bln to settle FHFA claims,MarketWatch,dY-01DTE2yrit7MIM_eY2KcMgOusM
Bank of America to Increase Quarterly Common Stock Dividend to $0.05 per  ...,MarketWatch,dY-01DTE2yrit7MIM_eY2KcMgOusM
UPDATE 5-Candy Crush maker King Digital shares sour in market debut,Reuters,dQtK6MP92Wshd3MbmOLp71BNJ1smM
CORRECTED-UPDATE 3-Candy Crush maker King Digital shares sour in  ...,Reuters,dQtK6MP92Wshd3MbmOLp71BNJ1smM
Facebook slumps on Oculus deal; King Digital IPO flops,MarketWatch,dQtK6MP92Wshd3MbmOLp71BNJ1smM
How 'fast money' crushed 'Candy Crush' IPO,MarketWatch,dQtK6MP92Wshd3MbmOLp71BNJ1smM
Newscast: No Candy Crush fans on Wall Street,MarketWatch,dQtK6MP92Wshd3MbmOLp71BNJ1smM
'Candy Crush' maker gets crushed in early trade,MarketWatch,dQtK6MP92Wshd3MbmOLp71BNJ1smM
"Shares of ""Candy Crush"" maker King fall in market debut",Reuters,dQtK6MP92Wshd3MbmOLp71BNJ1smM
UPDATE 3-US Senate panel sets April 2 hearing on GM auto recalls,Reuters,dRQXqhof73-73FMusfrX031zeHRDM
GM CEO Barra: Recalled cars are safe to drive,MarketWatch,dRQXqhof73-73FMusfrX031zeHRDM
UPDATE 1-California lawsuit claims more GM vehicles faulty than in recall,Reuters,dRQXqhof73-73FMusfrX031zeHRDM
UPDATE 2-US senator demands compensation fund for recalled GM cars,Reuters,dRQXqhof73-73FMusfrX031zeHRDM
UPDATE 3-IMF agrees $14-18 bln bailout for Ukraine,Reuters,d32p4nuA5IPNnvMb4FELOZ8cZe8xM
Ukraine parliament fails in first bid to support law for IMF deal,Reuters,d32p4nuA5IPNnvMb4FELOZ8cZe8xM
UPDATE 1-IMF says no need for Ukraine debt restructuring now,Reuters,d32p4nuA5IPNnvMb4FELOZ8cZe8xM
IMF standby agreement with Ukraine - text,Reuters,d32p4nuA5IPNnvMb4FELOZ8cZe8xM
IMF agrees to provide Ukraine with up to $18 billion,MarketWatch,d32p4nuA5IPNnvMb4FELOZ8cZe8xM
UPDATE 3-US govt to sell most of Ally Financial stake in IPO,Reuters,d_iR-3SNitL0XpMhHYUo-DTelAK1M
CORRECTED-Ally Financial IPO to raise up to $2.66 bln,Reuters,d_iR-3SNitL0XpMhHYUo-DTelAK1M
U.S. to get Ally Financial IPO started,MarketWatch,d_iR-3SNitL0XpMhHYUo-DTelAK1M
US Treasury announces Ally Financial IPO,MarketWatch,d_iR-3SNitL0XpMhHYUo-DTelAK1M
Lululemon CEO sets sights on accelerating growth; shares surge,Reuters,dfIXmgGLsp5tf8M23V0BKN7BRgJkM
"Citi, GameStop in red; Lululemon gains on results",MarketWatch,dfIXmgGLsp5tf8M23V0BKN7BRgJkM
"UPDATE 1-Yogawear maker Lululemon sees profit, revs below estimates",Reuters,dfIXmgGLsp5tf8M23V0BKN7BRgJkM
"Citigroup, GameStop, Lululemon are stocks to watch",MarketWatch,dfIXmgGLsp5tf8M23V0BKN7BRgJkM
"Citi shares fall, but were Fed stress tests fair?",MarketWatch,dP-1PpYiFy6Ez7MKCA5lxmjF9UfQM
US STOCKS-Wall St dips after data; Citi leads financials lower,Reuters,dP-1PpYiFy6Ez7MKCA5lxmjF9UfQM
Just add items to create a watchlist now:,MarketWatch,dP-1PpYiFy6Ez7MKCA5lxmjF9UfQM
"US STOCKS-Wall St dips after GDP data, Citigroup shares tumble",Reuters,dP-1PpYiFy6Ez7MKCA5lxmjF9UfQM
UPDATE 2-Microsoft CEO signals new course with Office for iPad,Reuters,dUlKgaqxUngrA5MKtr_8lQs0ElRzM
Microsoft unveils Office for the iPad,MarketWatch,dUlKgaqxUngrA5MKtr_8lQs0ElRzM
U.S. fixed mortgage rates edge up: Freddie Mac,MarketWatch,dnQ9CiOAhXTViEMht91Ct0UdxlZWM
"Bill to replace Fannie, Freddie with new housing-loan structure",Reuters,dnQ9CiOAhXTViEMht91Ct0UdxlZWM
UPDATE 3-Bank of America to pay $9.3 bln to settle mortgage bond claims,Reuters,dnQ9CiOAhXTViEMht91Ct0UdxlZWM
UPDATE 2-Bank of America to pay $9.3 bln to settle mortgage bond claims,Reuters,dnQ9CiOAhXTViEMht91Ct0UdxlZWM
UPDATE 4-GameStop shares fall as 2014 forecast disappoints,Reuters,d2tIZIbfPOiBOnMtG61otW4b2-7mM
"GameStop, King Digital among tech decliners",MarketWatch,d2tIZIbfPOiBOnMtG61otW4b2-7mM
GameStop sales disappoint; store closings planned,MarketWatch,d2tIZIbfPOiBOnMtG61otW4b2-7mM
UPDATE 1-Amazon aims for TV business with free video streaming -WSJ,Reuters,dySAGaFvCg-wX5MxRZNkJ2BedVsUM
Amazon plans free streaming media service,MarketWatch,dySAGaFvCg-wX5MxRZNkJ2BedVsUM
GSK recalls weight-loss drug Alli in US on tampering concerns,Reuters,dl06z0LSB6LB4LM7M4_3GX6WUrvIM
UPDATE 1-GSK recalls weight-loss drug Alli in US on tampering concerns,Reuters,dl06z0LSB6LB4LM7M4_3GX6WUrvIM
Glaxo recalls Alli weight-loss products in US,MarketWatch,dl06z0LSB6LB4LM7M4_3GX6WUrvIM
New BlackBerry phones to cater to keyboard aficionados: CEO,Reuters,dfvFDScUTV_-v1MmeljX6uJed4oYM
UPDATE 2-BlackBerry posts smaller-than-expected loss; shares rise,Reuters,dfvFDScUTV_-v1MmeljX6uJed4oYM
UPDATE 1-BlackBerry reports loss as smartphone sales keep sliding,Reuters,dfvFDScUTV_-v1MmeljX6uJed4oYM
BlackBerry posts $423 million fourth-quarter loss,MarketWatch,dfvFDScUTV_-v1MmeljX6uJed4oYM
"Questions, doubts ahead of BlackBerry report",MarketWatch,dfvFDScUTV_-v1MmeljX6uJed4oYM
Dollar falls against euro but is set for monthly gain,MarketWatch,d_yCfTJxDUFGs_MQrL1DnBRuBd_eM
"Euro hovers near three-week low, inflation key before ECB meets",Reuters,d_yCfTJxDUFGs_MQrL1DnBRuBd_eM
"FOREX-Euro hovers near 3-week low, inflation key before ECB meets",Reuters,d_yCfTJxDUFGs_MQrL1DnBRuBd_eM
Inflation slump sends periphery bond yields to new historical lows,Reuters,d_yCfTJxDUFGs_MQrL1DnBRuBd_eM
"Inflation slump depresses Spanish, Italian yields before Italian auction",Reuters,d_yCfTJxDUFGs_MQrL1DnBRuBd_eM
"FOREX-Euro drops to 3-week low on ECB easing talk, kiwi strong",Reuters,d_yCfTJxDUFGs_MQrL1DnBRuBd_eM
"GLOBAL MARKETS-Euro soft as yields slip, China spending talk aids stocks",Reuters,d_yCfTJxDUFGs_MQrL1DnBRuBd_eM
"FOREX-Euro on defensive after dovish ECB talk, kiwi flies",Reuters,d_yCfTJxDUFGs_MQrL1DnBRuBd_eM
"GLOBAL MARKETS-Euro soft as yields fall, China stimulus talk aids stocks",Reuters,d_yCfTJxDUFGs_MQrL1DnBRuBd_eM
"FOREX-Euro out in the cold as ECB dovish talk stings, kiwi on fire",Reuters,d_yCfTJxDUFGs_MQrL1DnBRuBd_eM
"GLOBAL MARKETS-Euro sags as yields fall, emerging stocks rally",Reuters,d_yCfTJxDUFGs_MQrL1DnBRuBd_eM
"ECB bets push Spanish, Italian, Portuguese yields to multi-year lows",Reuters,d_yCfTJxDUFGs_MQrL1DnBRuBd_eM
Only 2 of 72 polled see April ECB rate cut; lukewarm praise for bank reform  ...,Reuters,d_yCfTJxDUFGs_MQrL1DnBRuBd_eM
"Spanish, Italian, Portuguese yields hit historical lows on ECB bets",Reuters,d_yCfTJxDUFGs_MQrL1DnBRuBd_eM
UPDATE 1-Euro zone private sector loans contract further in Feb -ECB,Reuters,d_yCfTJxDUFGs_MQrL1DnBRuBd_eM
FOREX-Euro struggles after ECB officials reopen easing debate; yen slips,Reuters,d_yCfTJxDUFGs_MQrL1DnBRuBd_eM
RPT-Sluggish economy prompts QE rethink at Germany's Bundesbank,Reuters,d_yCfTJxDUFGs_MQrL1DnBRuBd_eM
FOREX-Euro struggles after ECB officials reopen easing debate; yen firmer,Reuters,d_yCfTJxDUFGs_MQrL1DnBRuBd_eM
FOREX-Euro on defensive after ECB officials reopen easing debate,Reuters,d_yCfTJxDUFGs_MQrL1DnBRuBd_eM
ECB faces uncharted waters with negative rates,MarketWatch,d_yCfTJxDUFGs_MQrL1DnBRuBd_eM
FOREX-Dollar falls versus yen on renewed geopolitical concerns,Reuters,d_yCfTJxDUFGs_MQrL1DnBRuBd_eM
Sluggish economy prompts QE rethink at Germany's Bundesbank,Reuters,d_yCfTJxDUFGs_MQrL1DnBRuBd_eM
"FOREX-Dollar up against euro on policy outlook, strong data",Reuters,d_yCfTJxDUFGs_MQrL1DnBRuBd_eM
FOREX-Euro weak near 3-week lows as ECB tries to tame strength,Reuters,d_yCfTJxDUFGs_MQrL1DnBRuBd_eM
Europe stocks higher as ECB stokes stimulus hopes,MarketWatch,d_yCfTJxDUFGs_MQrL1DnBRuBd_eM
Euro zone bond yields edge up on positive US growth signs,Reuters,d_yCfTJxDUFGs_MQrL1DnBRuBd_eM
ECB mulls bolder moves to prevent low inflation,MarketWatch,d_yCfTJxDUFGs_MQrL1DnBRuBd_eM
US regulator closes investigation into Tesla Model S sedan fires,Reuters,dPj3hM59gCJJIfM15pVY2bPsENU9M
Tesla to install new battery shields on Model S,MarketWatch,dPj3hM59gCJJIfM15pVY2bPsENU9M
"UPDATE 5-Obama considers new climate regulations for oil, gas sector",Reuters,d3N4navMb1zDfHMlMaxZKNp9yBxaM
White House lays out plan to cut methane emmission,MarketWatch,d3N4navMb1zDfHMlMaxZKNp9yBxaM
"White House unveils plan to cut methane from oil, gas sector",Reuters,d3N4navMb1zDfHMlMaxZKNp9yBxaM
CORRECTED-Britain's greenhouse gas emissions down 1.9 pct in 2013: govt,Reuters,d3N4navMb1zDfHMlMaxZKNp9yBxaM
UPDATE 2-BMW to invest $1 bln to expand US production by 50 pct,Reuters,dGen-fF8lobMZgMNfBMbYBMvedEtM
BMW to spend $1 bln to expand South Carolina plant,MarketWatch,dGen-fF8lobMZgMNfBMbYBMvedEtM
"WRAPUP 3-US consumers lift spending, but sentiment slips",Reuters,dJRmfD925rN_L8M_ytlJi6hE3WnWM
"US consumers step up spending, but sentiment slips",Reuters,dJRmfD925rN_L8M_ytlJi6hE3WnWM
US consumer spending rises but is still soft,MarketWatch,dJRmfD925rN_L8M_ytlJi6hE3WnWM
Consumer spending rises 0.3% in February,MarketWatch,dJRmfD925rN_L8M_ytlJi6hE3WnWM
UPDATE 1-Weak German price data heightens ECB's deflation dilemma,Reuters,dEwVIFP79W73-0MN-AgwJG_xp1AgM
Spain slips into deflation in March,MarketWatch,dEwVIFP79W73-0MN-AgwJG_xp1AgM
UPDATE 1-US FDA approves Biogen's hemophilia B drug Alprolix,Reuters,deePB2v66TuAI4MpuZewaGwvVfkQM
Survival rate with Medtronic's CoreValve tops surgery-study,Reuters,dwPKMdO1lNfOUkM7OqWrFxmuNmeeM
UPDATE 1-Survival rate with Medtronic's CoreValve tops surgery -study,Reuters,dwPKMdO1lNfOUkM7OqWrFxmuNmeeM
Medtronic CoreValve(R) System Results Superior to Open-Heart Surgery at One  ...,MarketWatch,dwPKMdO1lNfOUkM7OqWrFxmuNmeeM
US consumer sentiment falls in March,Reuters,d0e3PGP3gr9xMSMXz9aoELDst31AM
Consumer sentiment declines in March: report,MarketWatch,d0e3PGP3gr9xMSMXz9aoELDst31AM
Consumer sentiment lowest in four months,MarketWatch,d0e3PGP3gr9xMSMXz9aoELDst31AM
U.K. consumer confidence rises to six-year high,MarketWatch,d0e3PGP3gr9xMSMXz9aoELDst31AM
"UPDATE 2-Fed's George wants end to zero rates, does not say when",Reuters,dptjITGTYuEWyiMOmWXGujPQuoH2M
Fed's George says cannot say when rates should rise,Reuters,dptjITGTYuEWyiMOmWXGujPQuoH2M
Fed's Evans says he wants no rate hike until early 2016,Reuters,dptjITGTYuEWyiMOmWXGujPQuoH2M
"Fed's George concerned US rates are too low, too long",Reuters,dptjITGTYuEWyiMOmWXGujPQuoH2M
UPDATE 2-Fed's Evans says he wants no rate hike until early 2016,Reuters,dptjITGTYuEWyiMOmWXGujPQuoH2M
Fed's Evans sees first rate hike in late 2015,MarketWatch,dptjITGTYuEWyiMOmWXGujPQuoH2M
Fed's Bullard says raising inflation target to 4 percent not a good idea,Reuters,dptjITGTYuEWyiMOmWXGujPQuoH2M
"FDA Approves Biogen Idec's ALPROLIX™, the First Hemophilia B Therapy to  ...",MarketWatch,deePB2v66TuAI4MpuZewaGwvVfkQM
"PRECIOUS-Gold struggles below $1300, hovers near six-week low",Reuters,d_gVpCAKL5OJx5MwfYTkwNfgtpTYM
Gold logs 3% weekly loss; copper rebounds,MarketWatch,d_gVpCAKL5OJx5MwfYTkwNfgtpTYM
Medtronic valve for heart defects works well a year later-study,Reuters,dX_evGj2WSOCFGM-hteAsKC1q2wtM
UPDATE 1-Medtronic valve for heart defects works well a year later-study,Reuters,dX_evGj2WSOCFGM-hteAsKC1q2wtM
Medtronic valve for congenital heart defects works well a year later - study,Reuters,dX_evGj2WSOCFGM-hteAsKC1q2wtM
"World's First Transcatheter Valve, Medtronic Melody(R) Transcatheter  ...",MarketWatch,dX_evGj2WSOCFGM-hteAsKC1q2wtM
CORRECTED-IMF still sees advantage for 'too important to fail' banks,Reuters,dd_OA1eiPcnNtWMZLflKQzqjPcBAM
"US too-big-to-fail subsidy as high as $70 billion, IMF says",MarketWatch,dd_OA1eiPcnNtWMZLflKQzqjPcBAM
Bullion market eyes e-platform to revamp London gold benchmark,Reuters,d_gVpCAKL5OJx5MeFYkFC0jEPlhGM
Gold futures set for quarterly gain of nearly 8%,MarketWatch,d_gVpCAKL5OJx5MeFYkFC0jEPlhGM
PRECIOUS-Gold above 6-week low; set for first monthly decline this year,Reuters,d_gVpCAKL5OJx5MeFYkFC0jEPlhGM
PRECIOUS-Gold near 6-week low; headed for first monthly decline this year,Reuters,d_gVpCAKL5OJx5MeFYkFC0jEPlhGM
S.Africa stocks end lower after volatile session,Reuters,dq2EQxPflv4_zTMNxAbv_55w0QREM
"Wall Street gets lift from Yellen remarks, tech rebound",Reuters,dq2EQxPflv4_zTMNxAbv_55w0QREM
RPT-S.Africa stocks end lower after volatile session,Reuters,dq2EQxPflv4_zTMNxAbv_55w0QREM
"UPDATE 2-Yellen strongly defends easy Fed policies, cites US labor slack",Reuters,dq2EQxPflv4_zTMNxAbv_55w0QREM
"TREASURIES-Bond yields rise, traders eye Friday jobs report",Reuters,dq2EQxPflv4_zTMNxAbv_55w0QREM
"Yellen strongly defends easy Fed policies, cites labor slack",Reuters,dq2EQxPflv4_zTMNxAbv_55w0QREM
US stocks rise; Dow in triple digit gain,MarketWatch,dq2EQxPflv4_zTMNxAbv_55w0QREM
Treasurys fall as investors parse data for rate clues,MarketWatch,dq2EQxPflv4_zTMNxAbv_55w0QREM
Yellen: Fed's 'extraordinary' aid to last for some time,MarketWatch,dq2EQxPflv4_zTMNxAbv_55w0QREM
US STOCKS-Futures climb with Yellen on tap,Reuters,dq2EQxPflv4_zTMNxAbv_55w0QREM
Dollar declines as euro rides out inflation dip,Reuters,d4X9eAjxdXsfdZMCYElnANaPvMRNM
FOREX-Dollar declines as euro rides out inflation dip,Reuters,d4X9eAjxdXsfdZMCYElnANaPvMRNM
"Italian, Spanish bond yields hold near multi-year lows on soft inflation",Reuters,d4X9eAjxdXsfdZMCYElnANaPvMRNM
"Dollar falls against euro, near 3-week yen high",MarketWatch,d4X9eAjxdXsfdZMCYElnANaPvMRNM
"Sterling falls vs euro on UK data, bets on ECB inaction",Reuters,d4X9eAjxdXsfdZMCYElnANaPvMRNM
Hollande's setback signals wider European shifts,MarketWatch,d4X9eAjxdXsfdZMCYElnANaPvMRNM
"FOREX-Euro rides out inflation dip, hits 3-week high against yen",Reuters,d4X9eAjxdXsfdZMCYElnANaPvMRNM
Inflation drop pins peripheral bond yields at multi-year lows,Reuters,d4X9eAjxdXsfdZMCYElnANaPvMRNM
UPDATE 2-Euro zone inflation drops to lowest since 2009,Reuters,d4X9eAjxdXsfdZMCYElnANaPvMRNM
"CORRECTED-Sterling slips vs euro, UK data and possible ECB inaction weigh",Reuters,d4X9eAjxdXsfdZMCYElnANaPvMRNM
Euro-zone inflation rate lowest since late 2009,MarketWatch,d4X9eAjxdXsfdZMCYElnANaPvMRNM
Euro-zone inflation falls to lowest level since 2009,MarketWatch,d4X9eAjxdXsfdZMCYElnANaPvMRNM
CORRECTED-Euro zone peripheral bond yields near multi-yr lows before  ...,Reuters,d4X9eAjxdXsfdZMCYElnANaPvMRNM
"FOREX-Yen nurses losses, euro subdued ahead of inflation data",Reuters,d4X9eAjxdXsfdZMCYElnANaPvMRNM
U.S. to require rear-visibility technology in cars,MarketWatch,dZfXLxnew3vgH-MuiZm15zP98a3eM
UPDATE 1-US to require new cars to have rearview cameras by 2018,Reuters,dZfXLxnew3vgH-MuiZm15zP98a3eM
STOCKS NEWS EUROPE-Novartis jumps on positive heart failure drug data,Reuters,dyGqFJXY2bCxX1MG1CXVIZa7YnnVM
PARADIGM-HF trial of Novartis' LCZ696 for chronic heart failure closes early  ...,MarketWatch,dyGqFJXY2bCxX1MG1CXVIZa7YnnVM
Google Prepares for 2-for-1 Split; Teva Gets Okay from U.S. Supreme Court to  ...,MarketWatch,dv2OydGhBNPpRLMsYz2i8k7VMbaeM
UPDATE 2-US justices agree to hear Teva's Copaxone appeal,Reuters,dv2OydGhBNPpRLMsYz2i8k7VMbaeM
"US STOCKS SNAPSHOT-Wall St opens up, S&P set for third straight advance",Reuters,dHZ3LZNOcUV9UuMpFiuuOIMQ9urtM
"US STOCKS-Wall Street to open higher, manufacturing data on tap",Reuters,dHZ3LZNOcUV9UuMpFiuuOIMQ9urtM
US STOCKS-Futures climb ahead of manufacturing data,Reuters,dHZ3LZNOcUV9UuMpFiuuOIMQ9urtM
Don't worry about the dreary first quarter — yet,MarketWatch,dHZ3LZNOcUV9UuMpFiuuOIMQ9urtM
US STOCKS-Wall St rises on Yellen; S&P on track for modest Q1 gain,Reuters,dHZ3LZNOcUV9UuMpFiuuOIMQ9urtM
US stock futures extend gains ahead of Yellen,MarketWatch,dHZ3LZNOcUV9UuMpFiuuOIMQ9urtM
"US STOCKS-Wall Street to open higher, Yellen remarks awaited",Reuters,dHZ3LZNOcUV9UuMpFiuuOIMQ9urtM
Chrysler Canada says auto sales climb 2 percent in March,Reuters,dpQq9FO68gKZ2hMfbufolcmpOMRXM
UPDATE 2-US auto sales inch higher in March,Reuters,dpQq9FO68gKZ2hMfbufolcmpOMRXM
"Ford sees US 16 million annualized auto sales rate, including big trucks",Reuters,dpQq9FO68gKZ2hMfbufolcmpOMRXM
"Ford sees US 16 mln annualized auto sales rate, including big trucks",Reuters,dpQq9FO68gKZ2hMfbufolcmpOMRXM
Car makers see stronger-than-expected March sales,MarketWatch,dpQq9FO68gKZ2hMfbufolcmpOMRXM
U.S. stocks rise; S&P 500 hits intraday record,MarketWatch,dpQq9FO68gKZ2hMfbufolcmpOMRXM
Stronger cyclicals help FTSE to set three-week high,Reuters,dWe65Stj94RXZzMc-_fNM6oU9cxJM
"BHP Billiton leads UK miners higher, FTSE advances",Reuters,dWe65Stj94RXZzMc-_fNM6oU9cxJM
"U.K. stocks higher, buoyed by Aberdeen, BHP gains",MarketWatch,dWe65Stj94RXZzMc-_fNM6oU9cxJM
BHP Billiton rethinks portfolio,MarketWatch,dWe65Stj94RXZzMc-_fNM6oU9cxJM
UPDATE 3-Weir Group proposes tie-up with Finland's Metso,Reuters,dn9I4_GpQnctQNMOAl9jKLeuJlfQM
"UK's Weir, Finland's Metso in merger talks: FT",MarketWatch,dn9I4_GpQnctQNMOAl9jKLeuJlfQM
FBI probes high-frequency trading for crimes,MarketWatch,dpEmFvBon183snMf4tbDuWELfPscM
FBI probing HFT for possible insider trading,MarketWatch,dpEmFvBon183snMf4tbDuWELfPscM
UPDATE 1-FBI investigating high-speed trading outfits,Reuters,dpEmFvBon183snMf4tbDuWELfPscM
UPDATE 1-Threat from global warming heightened in latest UN report,Reuters,d44ORDGMauX2oaMk365_P-cAV3UwM
"Climate change impact is wide, UN says",MarketWatch,d44ORDGMauX2oaMk365_P-cAV3UwM
FDA clears new version of Intuitive's da Vinci surgical robot,Reuters,drwt89kGDTb_fQMA_P6wFoKl5o0IM
Intuitive Surgical surges; auto sales in focus,MarketWatch,drwt89kGDTb_fQMA_P6wFoKl5o0IM
Renesas surges on report of sale talks with Apple,MarketWatch,d3aSWadFuYDL6EMPYBrfzeigTDg7M
"Nikkei hits 3-week high on weak yen, Renesas jumps on Apple news",Reuters,d3aSWadFuYDL6EMPYBrfzeigTDg7M
"UPDATE 2-Renesas in talks with Apple, others on sale of display chip unit -source",Reuters,d3aSWadFuYDL6EMPYBrfzeigTDg7M
"Nikkei hits 3-wk high on US data, Renesas jumps on Apple report",Reuters,d3aSWadFuYDL6EMPYBrfzeigTDg7M
UPDATE 1-Philip Morris to stop cigarette production in Australia,Reuters,dSyY6Arm8Lerl8M_FuVrHZZU6BMjM
Philip Morris ends Australia cigarette production,MarketWatch,dSyY6Arm8Lerl8M_FuVrHZZU6BMjM
CORRECTED-Philip Morris to stop cigarette production in Australia,Reuters,dSyY6Arm8Lerl8M_FuVrHZZU6BMjM
European Factors to Watch-Shares set to gain for 7th straight session,Reuters,dX8YvMGOFW4FIcMxQOAxjMru4LN7M
Thank Europe for the stock market's next rally,MarketWatch,dX8YvMGOFW4FIcMxQOAxjMru4LN7M
"FOREX-Yen extends slide as equities rally, euro firms before ECB",Reuters,dX8YvMGOFW4FIcMxQOAxjMru4LN7M
"Yen still friendless, euro firms ahead of ECB",Reuters,dX8YvMGOFW4FIcMxQOAxjMru4LN7M
"FOREX-Yen still friendless, euro firms ahead of ECB",Reuters,dX8YvMGOFW4FIcMxQOAxjMru4LN7M
FOREX-Dollar declines ahead of Friday's US jobs report,Reuters,dX8YvMGOFW4FIcMxQOAxjMru4LN7M
"Low euro zone inflation a worry, but no clear deflation risk: ECB",Reuters,dX8YvMGOFW4FIcMxQOAxjMru4LN7M
No evident risk of deflation in euro zone: Italy economy minister,Reuters,dX8YvMGOFW4FIcMxQOAxjMru4LN7M
"ECB's Constancio - concerned by low inflation, sees no deflation",Reuters,dX8YvMGOFW4FIcMxQOAxjMru4LN7M
FOREX-Dollar weakens ahead of Friday's jobs data,Reuters,dX8YvMGOFW4FIcMxQOAxjMru4LN7M
Euro-zone PMI pickups offset by cooling in Germany,MarketWatch,dX8YvMGOFW4FIcMxQOAxjMru4LN7M
"FOREX-Dollar unsettled by dovish Yellen, yen stays on defensive",Reuters,dX8YvMGOFW4FIcMxQOAxjMru4LN7M
"FOREX-Dollar unsettled by dovish Yellen, yen still in doldrums",Reuters,dX8YvMGOFW4FIcMxQOAxjMru4LN7M
Global stocks up on central bank support hopes; euro rebounds,Reuters,dX8YvMGOFW4FIcMxQOAxjMru4LN7M
UPDATE 1-Italian banks help euro zone shares touch 5-1/2 yr peak,Reuters,dX8YvMGOFW4FIcMxQOAxjMru4LN7M
No change in ECB's monetary policy despite deflation threat-traders,Reuters,dX8YvMGOFW4FIcMxQOAxjMru4LN7M
Hollande's setback signals wider European shifts,MarketWatch,dX8YvMGOFW4FIcMxQOAxjMru4LN7M
Greece to issue first long-term bond since bailout,MarketWatch,dq7p83uZZVJVlKMkVuVuO5ckbx7gM
UPDATE 1-European ministers take sobering look at social impact of crisis,Reuters,dq7p83uZZVJVlKMkVuVuO5ckbx7gM
"Greece wants no 3rd bailout, euro zone hopeful but cautious",Reuters,dq7p83uZZVJVlKMkVuVuO5ckbx7gM
"UPDATE 1-Greece wants no 3rd bailout, euro zone hopeful but cautious",Reuters,dq7p83uZZVJVlKMkVuVuO5ckbx7gM
"GLOBAL ECONOMY-Europe, China factory sectors weaken in March; US stable",Reuters,dW-D6tlXZlm5iYMB7c6R8hp5mkTcM
GLOBAL ECONOMY-Most major economies end first quarter on weaker note,Reuters,dW-D6tlXZlm5iYMB7c6R8hp5mkTcM
CORRECTED-US factory activity growth slows slightly in March -Markit,Reuters,dW-D6tlXZlm5iYMB7c6R8hp5mkTcM
Brazil manufacturing sector expands slightly in March: PMI,Reuters,dW-D6tlXZlm5iYMB7c6R8hp5mkTcM
Final U.S. Markit PMI unchanged in March at 55.5,MarketWatch,dW-D6tlXZlm5iYMB7c6R8hp5mkTcM
GLOBAL ECONOMY-Major economies end first quarter on weaker note,Reuters,dW-D6tlXZlm5iYMB7c6R8hp5mkTcM
China shares close up as weak manufacturing surveys spur stimulus hopes,Reuters,dW-D6tlXZlm5iYMB7c6R8hp5mkTcM
"GLOBAL ECONOMY-Asia's manufacturing powers stutter, stir talk of policy support",Reuters,dW-D6tlXZlm5iYMB7c6R8hp5mkTcM
Indian factory expansion eased in March: PMI,Reuters,dW-D6tlXZlm5iYMB7c6R8hp5mkTcM
"UPDATE 2-China factories struggle, adds to expectations for stimulus",Reuters,dW-D6tlXZlm5iYMB7c6R8hp5mkTcM
Indonesia manufacturing slows in March,MarketWatch,dW-D6tlXZlm5iYMB7c6R8hp5mkTcM
India manufacturing slows in March,MarketWatch,dW-D6tlXZlm5iYMB7c6R8hp5mkTcM
China's HSBC PMI falls for third month in a row,MarketWatch,dW-D6tlXZlm5iYMB7c6R8hp5mkTcM
South Korea March PMI seasonally adjusted 50.4 vs. 49.8 in February :HSBC  ...,Reuters,dW-D6tlXZlm5iYMB7c6R8hp5mkTcM
US STOCKS SNAPSHOT-Factory data lifts S&P 500 to record close,Reuters,d3cUsM128OliWkMA4cIC2VBLJpC1M
US STOCKS-S&P 500 climbs to record after manufacturing data,Reuters,d3cUsM128OliWkMA4cIC2VBLJpC1M
US STOCKS-Wall St climbs to record after manufacturing data,Reuters,d3cUsM128OliWkMA4cIC2VBLJpC1M
Charting a bullish second-quarter backdrop,MarketWatch,d3cUsM128OliWkMA4cIC2VBLJpC1M
Stock Watchout on Consumer Staples Equities -- Research on  ...,MarketWatch,d3cUsM128OliWkMA4cIC2VBLJpC1M
"Information Technology Equities Stock Update -- Research on Altera, ARM  ...",MarketWatch,d3cUsM128OliWkMA4cIC2VBLJpC1M
"Pre-Market Pulse on Electric Utilities Stocks -- Research on OGE Energy, Cia  ...",MarketWatch,d3cUsM128OliWkMA4cIC2VBLJpC1M
Technical Briefing on Equities Reaching New High -- Research on Baker  ...,MarketWatch,d3cUsM128OliWkMA4cIC2VBLJpC1M
Technical Data on Equities that Hit New Highs -- Research on VAALCO Energy  ...,MarketWatch,d3cUsM128OliWkMA4cIC2VBLJpC1M
Technical Data on Metals & Mining Stocks -- Research on Reliance Steel  ...,MarketWatch,d3cUsM128OliWkMA4cIC2VBLJpC1M
MannKind: FDA committee recommends Afreeza OK,MarketWatch,d1BXzZNXVpB1WOMHkV7Xp4fII7bCM
UPDATE 2-US FDA advisers back MannKind's inhaled diabetes drug,Reuters,d1BXzZNXVpB1WOMHkV7Xp4fII7bCM
US FDA advisers back MannKind's inhaled diabetes drug,Reuters,d1BXzZNXVpB1WOMHkV7Xp4fII7bCM
Oil prices drop on reports Libya ports will re-open,MarketWatch,dO6vvEC-perCBIMfD7rb0fB6vU65M
Libyan rebels to reopen two eastern oil ports on Sunday,Reuters,dO6vvEC-perCBIMfD7rb0fB6vU65M
"UPDATE 5-Japan, Australia clinch trade deal as US-Tokyo talks heat up",Reuters,drGxkO1C_k-ELiMqy_I4PVO1BdCFM
Japan's Abe cautious on next sales-tax hike,MarketWatch,drGxkO1C_k-ELiMqy_I4PVO1BdCFM
"UPDATE 3-Holcim, Lafarge agree merger to create cement giant",Reuters,dG7Vj4iyby8SfiMXKt-Bvpfq_tziM
"Europe shares track Wall St sell-off; Holcim, Lafarge surge",Reuters,dG7Vj4iyby8SfiMXKt-Bvpfq_tziM
European stocks pull back after three weeks of gains,MarketWatch,dG7Vj4iyby8SfiMXKt-Bvpfq_tziM
"Lafarge, Holcim expect to complete merger in H1 2015",Reuters,dG7Vj4iyby8SfiMXKt-Bvpfq_tziM
"UPDATE 4-Cement makers Lafarge, Holcim agree merger plan -source",Reuters,dG7Vj4iyby8SfiMXKt-Bvpfq_tziM
"Cement makers Lafarge, Holcim agree merger plan -source",Reuters,dG7Vj4iyby8SfiMXKt-Bvpfq_tziM
"Lafarge, Holcim agree terms of merger proposal -source",Reuters,dG7Vj4iyby8SfiMXKt-Bvpfq_tziM
"UPDATE 3-Cement groups Lafarge, Holcim in $50bn-plus merger talks",Reuters,dG7Vj4iyby8SfiMXKt-Bvpfq_tziM
"Europe shares extend rally on US jobs, ECB policy talk",Reuters,dG7Vj4iyby8SfiMXKt-Bvpfq_tziM
FOREX-Euro better bid as ECB sees no urgent need for stimulus,Reuters,dAJiWZYlwfFRjWM0gTmrVXJeyIawM
UPDATE 1-ECB's Weidmann: France's budget policies 'test case' for euro fiscal  ...,Reuters,dAJiWZYlwfFRjWM0gTmrVXJeyIawM
FOREX-Dollar dips in wake of jobs data; ECB comments lift euro,Reuters,dAJiWZYlwfFRjWM0gTmrVXJeyIawM
"WRAPUP 1-ECB says will prime QE, but far from pulling trigger yet",Reuters,dAJiWZYlwfFRjWM0gTmrVXJeyIawM
"ECB says will prime QE, but far from pulling trigger yet",Reuters,dAJiWZYlwfFRjWM0gTmrVXJeyIawM
Euro zone debt yields edge up as Nowotny tempers ECB QE hopes,Reuters,dAJiWZYlwfFRjWM0gTmrVXJeyIawM
UPDATE 1-ECB's Mersch says must act fast to remove ABS stigma in Europe,Reuters,dAJiWZYlwfFRjWM0gTmrVXJeyIawM
"Dollar drifts lower; traders watch Fed, ECB",MarketWatch,dAJiWZYlwfFRjWM0gTmrVXJeyIawM
UPDATE 1-ECB to have QE primed in case needed - Mersch,Reuters,dAJiWZYlwfFRjWM0gTmrVXJeyIawM
"FOREX-Dollar dips, euro helped by ECB's wait-and-see approach",Reuters,dAJiWZYlwfFRjWM0gTmrVXJeyIawM
"Greek yields dip as QE speculation swirls, debt sale eyed",Reuters,dAJiWZYlwfFRjWM0gTmrVXJeyIawM
"Bunds, Italian debt rise on speculation of ECB QE",Reuters,dAJiWZYlwfFRjWM0gTmrVXJeyIawM
US STOCKS SNAPSHOT-S&P posts biggest 3-day decline since late Jan,Reuters,djxkJxGOmgKZlXMhwPytFekONgaSM
US STOCKS-Wall St ends lower; S&P 500 in biggest 3-day drop since Jan,Reuters,djxkJxGOmgKZlXMhwPytFekONgaSM
US stocks fall; Nasdaq 3-day loss worst since 2011,MarketWatch,djxkJxGOmgKZlXMhwPytFekONgaSM
US STOCKS-S&P 500 on track for worst 3-day decline since late-Jan,Reuters,djxkJxGOmgKZlXMhwPytFekONgaSM
"US STOCKS-Wall Street falls on broad weakness, Pfizer drags",Reuters,djxkJxGOmgKZlXMhwPytFekONgaSM
Stocks extend losses; TripAdvisor falls 1.5%,MarketWatch,djxkJxGOmgKZlXMhwPytFekONgaSM
US STOCKS-Wall St to open lower as momentum stocks stay weak,Reuters,djxkJxGOmgKZlXMhwPytFekONgaSM
US STOCKS-Futures fall in wake of Friday selloff,Reuters,djxkJxGOmgKZlXMhwPytFekONgaSM
How to profit from high-frequency trading,MarketWatch,d8eua51dohfa5EMYlKg1o33mZXWZM
Fears over Nasdaq hit from HFT problems seem overdone: Barron's,Reuters,d8eua51dohfa5EMYlKg1o33mZXWZM
"Emerging-market shocks could rattle West, IMF says",MarketWatch,dxB9Hik1YGyfVaMk796CJSnAf58bM
"UK economy basks in manufacturing growth, IMF upgrade",Reuters,dxB9Hik1YGyfVaMk796CJSnAf58bM
"WRAPUP 2-IMF sees rich nations propelling global growth, but risks linger",Reuters,dxB9Hik1YGyfVaMk796CJSnAf58bM
"UPDATE 3-UK economy basks in manufacturing growth, IMF upgrade",Reuters,dxB9Hik1YGyfVaMk796CJSnAf58bM
"IMF lifts Europe, U.K. growth forecasts; warns of deflation",MarketWatch,dxB9Hik1YGyfVaMk796CJSnAf58bM
"IMF trims global growth forecast on Russia, Brazil",MarketWatch,dxB9Hik1YGyfVaMk796CJSnAf58bM
GLOBAL ECONOMY WEEKAHEAD-US recovery puts onus on Europe and China,Reuters,dxB9Hik1YGyfVaMk796CJSnAf58bM
GLOBAL MARKETS-Wall St gets post-selloff bounce; dollar and euro sag vs yen,Reuters,dq3fRDGO1ENMJnMEZN0oURuWIJ5XM
FOREX-Yen gains after Bank of Japan refrains from stimulus,Reuters,dq3fRDGO1ENMJnMEZN0oURuWIJ5XM
FOREX-Yen at 10-day high vs dlr as BOJ offers little on more easing,Reuters,dq3fRDGO1ENMJnMEZN0oURuWIJ5XM
"TAKE A LOOK-Asia c.banks: BOJ stands pat, Indonesia holds policy rate",Reuters,dq3fRDGO1ENMJnMEZN0oURuWIJ5XM
BOJ's Kuroda sees no need to ease but won't hesitate if needed,Reuters,dq3fRDGO1ENMJnMEZN0oURuWIJ5XM
"TAKE A LOOK-Asia c.banks: BOJ stands pat, keeps upbeat view despite Japan  ...",Reuters,dq3fRDGO1ENMJnMEZN0oURuWIJ5XM
BOJ's Kuroda says positive cycle driving Japan economy,Reuters,dq3fRDGO1ENMJnMEZN0oURuWIJ5XM
RPT-BOJ's Kuroda says positive cycle driving Japan economy,Reuters,dq3fRDGO1ENMJnMEZN0oURuWIJ5XM
"Asian shares lower, Japan leads losses",MarketWatch,dq3fRDGO1ENMJnMEZN0oURuWIJ5XM
FOREX-Yen stays firm after BOJ stands pat; euro holds steady,Reuters,dq3fRDGO1ENMJnMEZN0oURuWIJ5XM
"RPT-BOJ keeps policy on hold, maintains upbeat view on outlook",Reuters,dq3fRDGO1ENMJnMEZN0oURuWIJ5XM
"BOJ keeps policy on hold, maintains upbeat view on outlook",Reuters,dq3fRDGO1ENMJnMEZN0oURuWIJ5XM
Nikkei falls to 1-week low as tech shares drag; SoftBank slumps,Reuters,dq3fRDGO1ENMJnMEZN0oURuWIJ5XM
GLOBAL MARKETS-Japan tech shares slip; others relieved at US jobs,Reuters,dq3fRDGO1ENMJnMEZN0oURuWIJ5XM
"On busy days, a free one-way plane ticket may cost 50000 miles",MarketWatch,dvFJSn18_821CHMM_pccdlhH_GpmM
American Airlines says weather hurt first quarter results,Reuters,dvFJSn18_821CHMM_pccdlhH_GpmM
UPDATE 1-American Airlines says weather hurt first quarter results,Reuters,dvFJSn18_821CHMM_pccdlhH_GpmM
UPDATE 4-Japan drugmaker Takeda to fight $6 bln damages awarded by US jury,Reuters,dK4wGlLY7K7-wHM7ii2yabgT7uxOM
Nikkei drops to 2-week low as Takeda drags down pharma sector,Reuters,dK4wGlLY7K7-wHM7ii2yabgT7uxOM
Takeda told to pay $6 billion damages over Actos,MarketWatch,dK4wGlLY7K7-wHM7ii2yabgT7uxOM
Takeda looking into reported U.S. court decision,MarketWatch,dK4wGlLY7K7-wHM7ii2yabgT7uxOM
"US jury orders Takeda, Eli Lilly to pay $9 bln damages in Actos case -lawyer",Reuters,dK4wGlLY7K7-wHM7ii2yabgT7uxOM
Takeda shares drop after report on $6 bln jury award over Actos,Reuters,dK4wGlLY7K7-wHM7ii2yabgT7uxOM
"Apple, Amazon attack cracks in TV's armor",MarketWatch,dYk25YZlX-eK7GMiJALmfLg4EGRKM
Big push into gaming brings out Amazon's gentler side,Reuters,dYk25YZlX-eK7GMiJALmfLg4EGRKM
WRAPUP 1-US producer prices hint at some inflation building up,Reuters,dHoTijaCAfAkgAMZd2TdiUGRMKX7M
U.S. wholesale prices rise sharply in March,MarketWatch,dHoTijaCAfAkgAMZd2TdiUGRMKX7M
U.S. wholesale prices advance 0.5% in March,MarketWatch,dHoTijaCAfAkgAMZd2TdiUGRMKX7M
Coming up: US producer price index for March,MarketWatch,dHoTijaCAfAkgAMZd2TdiUGRMKX7M
"WRAPUP 2-US jobless claims at 7-year low, signal firming economy",Reuters,dHoTijaCAfAkgAMZd2TdiUGRMKX7M
US import prices rise 0.6% in March,MarketWatch,dHoTijaCAfAkgAMZd2TdiUGRMKX7M
"China consumer prices rise, but industry deflation persists",Reuters,dMJ0vGdEFXQGTAMBaOwJAgWXt3jzM
Ireland's annual CPI inflation remains subdued,MarketWatch,dMJ0vGdEFXQGTAMBaOwJAgWXt3jzM
Wells Fargo profit rises 14 pct as costs fall,Reuters,d_d9JuRRu0Fhw0MNMIcAYdv3EZzaM
"CORRECTED-UPDATE 2-Wells Fargo profit beats estimates, sets aside less for  ...",Reuters,d_d9JuRRu0Fhw0MNMIcAYdv3EZzaM
Wells Fargo shines as earnings top expectations,MarketWatch,d_d9JuRRu0Fhw0MNMIcAYdv3EZzaM
CORRECTED-Wells Fargo profit rises 14 pct as costs fall,Reuters,d_d9JuRRu0Fhw0MNMIcAYdv3EZzaM
"UPDATE 2-Wells Fargo profit beats estimates, sets aside less for bad loans",Reuters,d_d9JuRRu0Fhw0MNMIcAYdv3EZzaM
"J.P. Morgan Chase, Wells Fargo are stocks to watch",MarketWatch,d_d9JuRRu0Fhw0MNMIcAYdv3EZzaM
"UPDATE 5-US judge accepts SAC guilty plea, approves $1.2 bln deal",Reuters,deNdgDvM-XMO3pM8O5cSdM1Sio1OM
"UPDATE 4-US judge accepts SAC guilty plea, OK's $1.2 bln deal",Reuters,deNdgDvM-XMO3pM8O5cSdM1Sio1OM
Judge accepts guilty plea in SAC Capital insider-trading case,MarketWatch,deNdgDvM-XMO3pM8O5cSdM1Sio1OM
Fitch Affirms L Brands' IDR at 'BB+'; Outlook Stable,MarketWatch,dUchWCDsksY-N6MKSN_FCDlKFdeBM
RPT-Fitch Affirms India at 'BBB-'; Outlook Stable,Reuters,dUchWCDsksY-N6MKSN_FCDlKFdeBM
"Fitch Teleconf: Portugal Affirmed at 'BB+', Positive Outlook; 11 April; 15:00 BST",Reuters,dUchWCDsksY-N6MKSN_FCDlKFdeBM
Fitch upgrades Portugal's outlook to positive,MarketWatch,dUchWCDsksY-N6MKSN_FCDlKFdeBM
Fitch raises Portugal's outlook to positive,MarketWatch,dUchWCDsksY-N6MKSN_FCDlKFdeBM
Fitch Revises Outlook on Angola to Stable; Affirms at 'BB-',Reuters,dUchWCDsksY-N6MKSN_FCDlKFdeBM
Fitch Revises Outlook on Portugal to Positive; Affirms at 'BB+',Reuters,dUchWCDsksY-N6MKSN_FCDlKFdeBM
UPDATE 4-Icahn backs down from demand that eBay spin off PayPal,Reuters,dyEYffI0UIXV72MMI87w3o0T5w-ZM
"Icahn, in a rare loss, gives up eBay-PayPal fight",MarketWatch,dyEYffI0UIXV72MMI87w3o0T5w-ZM
"US STOCKS SNAPSHOT-Biotech pummeled again, extending Wall St slide",Reuters,d5FAFPUo_wxloyM_CX8wIfR7V5q6M
Don't let these stock market gyrations scare you,MarketWatch,d5FAFPUo_wxloyM_CX8wIfR7V5q6M
"US stock market hit by Nasdaq, biotech rout",MarketWatch,d5FAFPUo_wxloyM_CX8wIfR7V5q6M
"US STOCKS-Nasdaq drops 3 pct, worst day since November 2011",Reuters,d5FAFPUo_wxloyM_CX8wIfR7V5q6M
US STOCKS SNAPSHOT-Nasdaq posts biggest drop since November 2011,Reuters,d5FAFPUo_wxloyM_CX8wIfR7V5q6M
US STOCKS-Nasdaq marks worst day since Nov. 2011 as biotechs sink,Reuters,d5FAFPUo_wxloyM_CX8wIfR7V5q6M
"TripAdvisor, Tesla sink as momentum plays lose favor",MarketWatch,d5FAFPUo_wxloyM_CX8wIfR7V5q6M
US STOCKS SNAPSHOT-Nasdaq tumbles; S&P to end below key level,Reuters,d5FAFPUo_wxloyM_CX8wIfR7V5q6M
UPDATE 1-Texas Medicaid holds off on proposed limits for Gilead hepatitis drug,Reuters,dBU-y8mnlizhV4MzvA2qf2RCVIMGM
Texas Medicaid holds off on proposed limits for Gilead hepatitis drug,Reuters,dBU-y8mnlizhV4MzvA2qf2RCVIMGM
US drug industry group defends price of Gilead hepatitis drug,Reuters,dBU-y8mnlizhV4MzvA2qf2RCVIMGM
Merck: Hepatitis C drug has 98% cure rate in trial,MarketWatch,dBU-y8mnlizhV4MzvA2qf2RCVIMGM
UPDATE 1-Natco seeks to block Gilead's hepatitis C drug patent in India-source,Reuters,dBU-y8mnlizhV4MzvA2qf2RCVIMGM
U.S. Spending on Hepatitis C Medications to Skyrocket 1800 Percent by 2016,MarketWatch,dBU-y8mnlizhV4MzvA2qf2RCVIMGM
Gilead hepatitis C drug to get FDA priority review,MarketWatch,dBU-y8mnlizhV4MzvA2qf2RCVIMGM
"UPDATE 1-Stockpiles of Roche Tamiflu drug are waste of money, review finds",Reuters,dk_vhtrqQFe_dsMiuthEDcCIhr-YM
No sign Tamiflu works well to stop flu outbreaks: study,MarketWatch,dk_vhtrqQFe_dsMiuthEDcCIhr-YM
Swiss stocks - Factors to watch on April 10,Reuters,dk_vhtrqQFe_dsMiuthEDcCIhr-YM
"Family Dollar, other retailers see shoppers pull back",Reuters,d4p273oepCNzWtMV5ABFyvvmazkRM
"Updates, advisories and surprises",MarketWatch,d4p273oepCNzWtMV5ABFyvvmazkRM
"Family Dollar to cut job, shut 370 stores to boost performance",Reuters,d4p273oepCNzWtMV5ABFyvvmazkRM
DIARY - Emerging Markets Economic Events to April 25,Reuters,dhpby_46Ae5iB8ME-y0QZ8gSCJwLM
"Dollar falls more than 1% vs. euro, yen on week",MarketWatch,dhpby_46Ae5iB8ME-y0QZ8gSCJwLM
FOREX-Dollar inches higher on equities gloom,Reuters,dhpby_46Ae5iB8ME-y0QZ8gSCJwLM
FOREX-Dollar edges higher on equities gloom,Reuters,dhpby_46Ae5iB8ME-y0QZ8gSCJwLM
"The more the Fed explains, the less markets understand",MarketWatch,dhpby_46Ae5iB8ME-y0QZ8gSCJwLM
Dollar gets boost from March wholesale prices,MarketWatch,dhpby_46Ae5iB8ME-y0QZ8gSCJwLM
DIARY - Top economic Events to April 23,Reuters,dhpby_46Ae5iB8ME-y0QZ8gSCJwLM
"FOREX-Dollar struggles to find support, China inflation data next event risk",Reuters,dhpby_46Ae5iB8ME-y0QZ8gSCJwLM
DIARY - Emerging Markets Economic Events to April 24,Reuters,dhpby_46Ae5iB8ME-y0QZ8gSCJwLM
CANADA FX DEBT-C$ pulls back from near 3-month high,Reuters,dhpby_46Ae5iB8ME-y0QZ8gSCJwLM
FOREX-Dollar stumbles as rate hike expectations pushed back,Reuters,dhpby_46Ae5iB8ME-y0QZ8gSCJwLM
Dollar falls vs. yen; Bank of England on hold,MarketWatch,dhpby_46Ae5iB8ME-y0QZ8gSCJwLM
FOREX-Dollar reeling from Fed hit; Swedish crown down sharply,Reuters,dhpby_46Ae5iB8ME-y0QZ8gSCJwLM
"FOREX-Dollar hit by Fed, Swedish crown stung by inflation shock",Reuters,dhpby_46Ae5iB8ME-y0QZ8gSCJwLM
"FOREX-Dollar hit by Fed, Swedish crown drops on inflation shock",Reuters,dhpby_46Ae5iB8ME-y0QZ8gSCJwLM
"FOREX-Dollar stung by Fed minutes, Aussie rises on solid jobs data",Reuters,dhpby_46Ae5iB8ME-y0QZ8gSCJwLM
"FOREX-Dollar stung by Fed minutes, Aussie eyes jobs data test",Reuters,dhpby_46Ae5iB8ME-y0QZ8gSCJwLM
DIARY - Top economic Events to April 22,Reuters,dhpby_46Ae5iB8ME-y0QZ8gSCJwLM
CANADA FX DEBT-C$ at nearly 3-month high after Fed minutes,Reuters,dhpby_46Ae5iB8ME-y0QZ8gSCJwLM
FOREX-Dollar recoups steep losses vs yen; focus on Fed minutes,Reuters,dhpby_46Ae5iB8ME-y0QZ8gSCJwLM
"FOREX-Swedish crown drops on rates message, dollar recovers",Reuters,dhpby_46Ae5iB8ME-y0QZ8gSCJwLM
"UPDATE 1-Fitch cuts Alcoa to ""junk"" status",Reuters,dSAALz3Yg1Ijh5MZVzXN3nqotlp2M
"Fitch cuts Alcoa to ""junk"" status",Reuters,dSAALz3Yg1Ijh5MZVzXN3nqotlp2M
Fitch: GM's Credit Trends Still Favorable Despite Recalls,Reuters,dSAALz3Yg1Ijh5MZVzXN3nqotlp2M
Fitch: JPMorgan 1Q'14 Results Hurt by Weaker Mortgage Production and Fixed  ...,Reuters,dSAALz3Yg1Ijh5MZVzXN3nqotlp2M
Fitch Upgrades 4 Classes of LB-UBS 2002-C7,MarketWatch,dSAALz3Yg1Ijh5MZVzXN3nqotlp2M
Fitch Revises Orenburg Region's Outlook to Stable; Affirms at 'BB',Reuters,dSAALz3Yg1Ijh5MZVzXN3nqotlp2M
Fitch Affirms Marseille Provence Metropole at 'A+'; Outlook Stable,Reuters,dSAALz3Yg1Ijh5MZVzXN3nqotlp2M
Fitch Affirms Ukraine's City of Kyiv at 'CCC',Reuters,dSAALz3Yg1Ijh5MZVzXN3nqotlp2M
Fitch Affirms Voronezh Region at 'BB+'; Outlook Stable,Reuters,dSAALz3Yg1Ijh5MZVzXN3nqotlp2M
Fitch Affirms Kaluga Region at 'BB'; Outlook Stable,Reuters,dSAALz3Yg1Ijh5MZVzXN3nqotlp2M
Fitch Affirms Region of Lazio at 'BBB'; Outlook Negative,Reuters,dSAALz3Yg1Ijh5MZVzXN3nqotlp2M
Fitch Teleconf: Nigeria and Angola Rating Actions - 16 April; 15:00 BST,Reuters,dSAALz3Yg1Ijh5MZVzXN3nqotlp2M
Fitch Affirms Italian City of Busto Arsizio at 'BBB+'; Outlook Negative,Reuters,dSAALz3Yg1Ijh5MZVzXN3nqotlp2M
Fitch Affirms Tula Region at 'BB'; Outlook Stable,Reuters,dSAALz3Yg1Ijh5MZVzXN3nqotlp2M
Fitch Affirms Autonomous Region of Sardinia at 'A-'; Outlook Negative,Reuters,dSAALz3Yg1Ijh5MZVzXN3nqotlp2M
"Fitch Downgrades Bank Centercredit to 'B', Affirms ATF Bank at 'B-'",Reuters,dSAALz3Yg1Ijh5MZVzXN3nqotlp2M
Fitch Affirms UnitedHealth Group's IDR at 'A': Outlook Stable,Reuters,dSAALz3Yg1Ijh5MZVzXN3nqotlp2M
UPDATE 2-US FBI conducting a probe into Herbalife -sources,Reuters,dubzVvpGbdVKISMisyobvakh8pTTM
FBI conducting a probe into Herbalife: sources,Reuters,dubzVvpGbdVKISMisyobvakh8pTTM
US FBI conducting a probe into Herbalife-source,Reuters,dubzVvpGbdVKISMisyobvakh8pTTM
Herbalife falls 13% on report of criminal probe,MarketWatch,dubzVvpGbdVKISMisyobvakh8pTTM
WRAPUP 2-Draghi says a stronger euro would trigger looser ECB policy,Reuters,dq1XYdbFbOlT4rMRmkhJQBuro_JLM
Draghi: Further euro strength could trigger more easing,MarketWatch,dq1XYdbFbOlT4rMRmkhJQBuro_JLM
UPDATE 1-ECB says further euro strengthening would trigger looser monetary  ...,Reuters,dq1XYdbFbOlT4rMRmkhJQBuro_JLM
RPT-ECB says further euro strengthening would trigger looser monetary policy,Reuters,dq1XYdbFbOlT4rMRmkhJQBuro_JLM
"UPDATE 1-ECB, BoE call for ABS rehabilitation",Reuters,dq1XYdbFbOlT4rMRmkhJQBuro_JLM
"ECB, BoE call for ABS rehabilitation",Reuters,dq1XYdbFbOlT4rMRmkhJQBuro_JLM
"ECB, BoE say public intervention needed to revive stigmatised debt market",Reuters,dq1XYdbFbOlT4rMRmkhJQBuro_JLM
Glencore sells mine to Chinese group for $5.8 bln,MarketWatch,dGHGowqJ87LL-_MNUPv2vKf9Wbd4M
URGENT-Glencore Xstrata sells Las Bambas copper mine for $5.85 bln,Reuters,dGHGowqJ87LL-_MNUPv2vKf9Wbd4M
CBO sees relatively modest premium hikes for Obamacare benchmark plan,Reuters,d7xLBu8dlpyNObMD5NLiq_NaKGD9M
UPDATE 1-US CBO estimates slightly lower deficits as health subsidies fall,Reuters,d7xLBu8dlpyNObMD5NLiq_NaKGD9M
CBO says declining deficit picture won't last,MarketWatch,d7xLBu8dlpyNObMD5NLiq_NaKGD9M
CBO lowers cost estimates on Obamacare in report,MarketWatch,d7xLBu8dlpyNObMD5NLiq_NaKGD9M
CBO cuts 2014 deficit estimate by $23 billion,MarketWatch,d7xLBu8dlpyNObMD5NLiq_NaKGD9M
UPDATE 1-ECB prepared to ease if inflation low for too long - Noyer,Reuters,dWKd0E3dgCw1QWML7X1ujmD6i8JIM
IMF's Vinals backs ECB push to ease ABS restrictions,Reuters,dWKd0E3dgCw1QWML7X1ujmD6i8JIM
German yields hit 10-month low after Draghi warns on strong euro,Reuters,dWKd0E3dgCw1QWML7X1ujmD6i8JIM
ECB FOCUS-Draghi puts euro strength at centre of ECB policy debate,Reuters,dWKd0E3dgCw1QWML7X1ujmD6i8JIM
Banks to return 6 billion euros in crisis loans to ECB next week: Reuters poll,Reuters,dWKd0E3dgCw1QWML7X1ujmD6i8JIM
"FOREX-Dollar gains against euro after ECB comments, retail sales data",Reuters,dWKd0E3dgCw1QWML7X1ujmD6i8JIM
Sterling climbs against flagging euro after ECB warning,Reuters,dWKd0E3dgCw1QWML7X1ujmD6i8JIM
"FOREX-ECB comments hit euro, but impact limited",Reuters,dWKd0E3dgCw1QWML7X1ujmD6i8JIM
Euro bruised as ECB opens the door for more easing,MarketWatch,dWKd0E3dgCw1QWML7X1ujmD6i8JIM
"CORRECTED-FOREX-ECB comments knock euro, but not much",Reuters,dWKd0E3dgCw1QWML7X1ujmD6i8JIM
Spain banks' ECB borrowing falls for 19th month in March,Reuters,dWKd0E3dgCw1QWML7X1ujmD6i8JIM
Coeure: ECB may look at buying assets,MarketWatch,dWKd0E3dgCw1QWML7X1ujmD6i8JIM
IFR Markets ForexWatch Asia Regional Daily Briefing,Reuters,dWKd0E3dgCw1QWML7X1ujmD6i8JIM
Deadly clashes in eastern Ukraine city Slovyansk,MarketWatch,dWKd0E3dgCw1QWML7X1ujmD6i8JIM
UPDATE 1-GM says heads of communications and HR leaving,Reuters,dO3DxH8bQX6JTnMEAvlrgTYe3KKjM
Two senior GM executives depart,MarketWatch,dO3DxH8bQX6JTnMEAvlrgTYe3KKjM
WRAPUP 3-Bullish US retail sales brighten growth outlook,Reuters,dUqWSH7m9rrzXOMB40U2PwSnepyLM
Retail sales sizzle in March,MarketWatch,dUqWSH7m9rrzXOMB40U2PwSnepyLM
Stocks rebound; Nasdaq erases late swoon,MarketWatch,dcMA2yLhsuf1HGM43lphsqf5jGm0M
UPDATE 5-Citi posts higher income as troubled assets perform better,Reuters,dcMA2yLhsuf1HGM43lphsqf5jGm0M
"Citigroup's stock is cheap, but should you buy it?",MarketWatch,dcMA2yLhsuf1HGM43lphsqf5jGm0M
"Wall Street ends up after Citi results, retail sales",Reuters,dcMA2yLhsuf1HGM43lphsqf5jGm0M
"US STOCKS-Wall St rises on Citi earnings, data; eyes on Ukraine",Reuters,dcMA2yLhsuf1HGM43lphsqf5jGm0M
"Wall St rises on Citi earnings, data; eyes on Ukraine",Reuters,dcMA2yLhsuf1HGM43lphsqf5jGm0M
"Citigroup's stock is cheap, but should you but it?",MarketWatch,dcMA2yLhsuf1HGM43lphsqf5jGm0M
Citigroup earnings top Wall Street views,MarketWatch,dcMA2yLhsuf1HGM43lphsqf5jGm0M
"Stocks boosted by retail sales, Citi results",MarketWatch,dcMA2yLhsuf1HGM43lphsqf5jGm0M
Stocks rebound on upbeat US data; euro falls,Reuters,da2xOSA2ozfjl9M3dadBrQYVkKiCM
Cyclical shares lag bounce in European bourses on Ukraine worry,Reuters,da2xOSA2ozfjl9M3dadBrQYVkKiCM
GLOBAL MARKETS-Stocks rebound on upbeat US data; euro falls,Reuters,da2xOSA2ozfjl9M3dadBrQYVkKiCM
"GLOBAL MARKETS-Stocks rise on upbeat US data, euro falls",Reuters,da2xOSA2ozfjl9M3dadBrQYVkKiCM
REFILE-European shares fall as Ukraine tensions flare,Reuters,da2xOSA2ozfjl9M3dadBrQYVkKiCM
"Japanese stocks stabilize, Asian markets mixed",MarketWatch,da2xOSA2ozfjl9M3dadBrQYVkKiCM
"GLOBAL MARKETS-Stocks tumble on Wall St gloom, Ukraine tensions",Reuters,da2xOSA2ozfjl9M3dadBrQYVkKiCM
Europe Factors to Watch-Stocks set to drop again; Ukraine eyed,Reuters,da2xOSA2ozfjl9M3dadBrQYVkKiCM
"GLOBAL MARKETS-Yen gains, stocks brace for losses on Wall St gloom",Reuters,da2xOSA2ozfjl9M3dadBrQYVkKiCM
"Wall Street opens up on earnings, data mixed",Reuters,dvER81GIWQxfhEMXsGMrKsmsmvLoM
"Stock futures up as Coke, J&J rise after earnings",MarketWatch,dvER81GIWQxfhEMXsGMrKsmsmvLoM
UPDATE 2-Nestle sees faster growth after weak start to year,Reuters,dql5TDrSP1EyZEMWsEY47opbGWU7M
"Nestlé sales drop 5.1%, miss expectations",MarketWatch,dql5TDrSP1EyZEMWsEY47opbGWU7M
UPDATE 2-Zebra Tech to buy Motorola Solutions' enterprise business,Reuters,dM-im-JNw4JjmeMinnYwPfFTvrrBM
Zebra to buy Motorola Solutions unit for $3.45 bln,MarketWatch,dM-im-JNw4JjmeMinnYwPfFTvrrBM
Motorola Solutions to sell unit for $3.45 bln; shares fall,MarketWatch,dM-im-JNw4JjmeMinnYwPfFTvrrBM
Zebra Tech to buy Motorola's enterprise business for $3.45 bln,Reuters,dM-im-JNw4JjmeMinnYwPfFTvrrBM
Johnson & Johnson lifts outlook as drug sales rise,MarketWatch,deWNZ6XT-DfVZAMkcccHGKfztwhGM
"J&J beats forecasts, helped by new medicines",Reuters,deWNZ6XT-DfVZAMkcccHGKfztwhGM
Barclays replaces head of remuneration committee,MarketWatch,drkBlKZ47AYFUUMJ0dcUff3sXM9EM
Barclays to appoint new pay committee head -Sky News,Reuters,drkBlKZ47AYFUUMJ0dcUff3sXM9EM
UPDATE 1-Yellen prepares Wall St for more wholesale funding rules from Fed,Reuters,d2nRPv6DBK3Ae-MDlydVRoFlmEf7M
Yellen says big banks may need more capital,MarketWatch,d2nRPv6DBK3Ae-MDlydVRoFlmEf7M
"Stock futures waver ahead of inflation, earnings",MarketWatch,d2nRPv6DBK3Ae-MDlydVRoFlmEf7M
Consumers seen springing ahead — for now,MarketWatch,d2nRPv6DBK3Ae-MDlydVRoFlmEf7M
"WRAPUP 2-US consumer inflation rises on higher food, rental housing costs",Reuters,dyugMC18rw8FaiMJ-QTGtr9oTxPvM
RPT-India's March CPI inflation quickens to 8.31 pct,Reuters,dyugMC18rw8FaiMJ-QTGtr9oTxPvM
"Outside of your house, there's almost no inflation",MarketWatch,dyugMC18rw8FaiMJ-QTGtr9oTxPvM
"Food, housing costs push inflation up in March",MarketWatch,dyugMC18rw8FaiMJ-QTGtr9oTxPvM
INSTANT VIEW-India's March CPI accelerates to 8.31 pct,Reuters,dyugMC18rw8FaiMJ-QTGtr9oTxPvM
U.S. consumer prices rise 0.2% on shelter costs in March,MarketWatch,dyugMC18rw8FaiMJ-QTGtr9oTxPvM
"UK inflation falls to lowest in over four years in March, house prices up strongly",Reuters,dyugMC18rw8FaiMJ-QTGtr9oTxPvM
U.K. inflation falls to lowest since October 2009,MarketWatch,dyugMC18rw8FaiMJ-QTGtr9oTxPvM
UPDATE 2-Coca-Cola sales beat estimates as China volumes soar,Reuters,dtGvpP7nKa5iPhMgZRDrpLz4c-xhM
"Coca-Cola sales surprise on Dasani, Minute Maid",MarketWatch,dtGvpP7nKa5iPhMgZRDrpLz4c-xhM
"UPDATE 3-Intel's quarterly net beats Street, CEO talks up tablets",Reuters,dl4D2R6QzDXPIBMpfvIXUrQ9EXTsM
Intel profit slides; margin tops forecasts,MarketWatch,dl4D2R6QzDXPIBMpfvIXUrQ9EXTsM
Credit Suisse profit disappoints as revenues fall,MarketWatch,dn3swzobFAiAr0M2PB67OUrpaviHM
UPDATE 2-Credit Suisse Q1 profit falls as trading tumbles,Reuters,dn3swzobFAiAr0M2PB67OUrpaviHM
Credit Suisse says not found anything materially untoward in its forex trading,Reuters,dn3swzobFAiAr0M2PB67OUrpaviHM
Credit Suisse first-quarter profit falls as trading tumbles,Reuters,dn3swzobFAiAr0M2PB67OUrpaviHM
Danone sales fall 5.2% as FX movements weigh,MarketWatch,dn3swzobFAiAr0M2PB67OUrpaviHM
CSuisse says not found anything materially untoward in its forex trading,Reuters,dn3swzobFAiAr0M2PB67OUrpaviHM
Credit Suisse first-quarter profit falls,MarketWatch,dn3swzobFAiAr0M2PB67OUrpaviHM
"UPDATE 3-Alibaba's growth accelerates, US IPO filing expected next week",Reuters,dT_6B-49u7PCtGMmH5Z4F4aMi-tKM
Yahoo's growth anemic as turnaround chugs along,Reuters,dT_6B-49u7PCtGMmH5Z4F4aMi-tKM
UPDATE 5-Yahoo's growth anemic as turnaround chugs along,Reuters,dT_6B-49u7PCtGMmH5Z4F4aMi-tKM
UPDATE 4-Yahoo's growth anemic as turnaround chugs along,Reuters,dT_6B-49u7PCtGMmH5Z4F4aMi-tKM
Yahoo sees flat second quarter as revenue growth remains elusive,Reuters,dT_6B-49u7PCtGMmH5Z4F4aMi-tKM
Yahoo sees flat 2nd quarter as revenue growth remains elusive,Reuters,dT_6B-49u7PCtGMmH5Z4F4aMi-tKM
UPDATE 2-Alibaba's growth quickens in time for landmark US IPO,Reuters,dT_6B-49u7PCtGMmH5Z4F4aMi-tKM
RPT-China's Alibaba Q4 revenue climbs 66 percent,Reuters,dT_6B-49u7PCtGMmH5Z4F4aMi-tKM
Yahoo display-ad growth big boost to Q1,MarketWatch,dT_6B-49u7PCtGMmH5Z4F4aMi-tKM
Yahoo shares surge after results top estimates,MarketWatch,dT_6B-49u7PCtGMmH5Z4F4aMi-tKM
Yahoo Reports First Quarter 2014 Results,MarketWatch,dT_6B-49u7PCtGMmH5Z4F4aMi-tKM
Yahoo earnings on deck; focus on Alibaba,MarketWatch,dT_6B-49u7PCtGMmH5Z4F4aMi-tKM
UPDATE 2-Bankrupt Detroit reaches first deal with retirees group,Reuters,dLagOHFJrQ7Yy6MK6wo9Pjioa1alM
Detroit reaches bankruptcy deal with retiree group,MarketWatch,dLagOHFJrQ7Yy6MK6wo9Pjioa1alM
Deal over pensions close in Detroit bankruptcy -pension official,Reuters,dLagOHFJrQ7Yy6MK6wo9Pjioa1alM
UPDATE 2-China economic growth slows to 18-month low in Q1,Reuters,dwtwv01Cnj7UynMKklQGwBZvkXEzM
China's GDP growth slows to 7.4%,MarketWatch,dwtwv01Cnj7UynMKklQGwBZvkXEzM
China Q1 economic growth slows to 7.4 pct,Reuters,dwtwv01Cnj7UynMKklQGwBZvkXEzM
China's economic growth forecast at five-year low in first quarter,Reuters,dwtwv01Cnj7UynMKklQGwBZvkXEzM
UPDATE 3-Semiconductor tool maker ASML cuts first-half sales forecast,Reuters,dMdU6GK7UcYzUFMwDiZxgP6fPsmfM
ASML cuts guidance for first half of 2014,MarketWatch,dMdU6GK7UcYzUFMwDiZxgP6fPsmfM
"UPDATE 1-ASML sees slower Q2 sales, revises first-half outlook",Reuters,dMdU6GK7UcYzUFMwDiZxgP6fPsmfM
"UPDATE 2-Burberry revenue jumps, sees profits hit by strong pound",Reuters,dkIyqm55wChqu_MOWhsv6pPnOdj_M
Burberry expects currency movements to hurt profit,MarketWatch,dkIyqm55wChqu_MOWhsv6pPnOdj_M
Burberry second-half revenue jumps 19 percent,Reuters,dkIyqm55wChqu_MOWhsv6pPnOdj_M
UPDATE 2-Tesco to step up price cuts as CEO defies pressure to quit,Reuters,doIcbkSCfqn0xdMSS3TTcTu81OtXM
Tesco profit falls amid $1.2 billion write-down,MarketWatch,doIcbkSCfqn0xdMSS3TTcTu81OtXM
Tesco sees tough year ahead as profit falls,Reuters,doIcbkSCfqn0xdMSS3TTcTu81OtXM
UPDATE 4-China denies US warning of undervalued currency,Reuters,dWK-TpL6oA-R2xMT3ehD0xJgecjVM
UPDATE 2-US warns China its currency is still undervalued,Reuters,dWK-TpL6oA-R2xMT3ehD0xJgecjVM
China not a 'manipulator' as US notes yuan weakness,MarketWatch,dWK-TpL6oA-R2xMT3ehD0xJgecjVM
"British unemployment hits five-year low, pay growth matches inflation",Reuters,d_ApBIiYhmZMCGMVvLCDPZnw1ChSM
U.K. unemployment falls below BoE threshold,MarketWatch,d_ApBIiYhmZMCGMVvLCDPZnw1ChSM
Coca-Cola up on earnings; Wynn worst S&P 500 loser,MarketWatch,dYQ9VkYCibP_YQMxRz_l-tM17AG9M
UPDATE 3-Coca-Cola sales beat estimates as China volumes soar,Reuters,dYQ9VkYCibP_YQMxRz_l-tM17AG9M
Coke profit drops; growth in key emerging markets,MarketWatch,dYQ9VkYCibP_YQMxRz_l-tM17AG9M
"Coca-Cola, Intel, Yahoo are Tuesday's stocks to watch",MarketWatch,dYQ9VkYCibP_YQMxRz_l-tM17AG9M
What to look for in Coca-Cola's results,MarketWatch,dYQ9VkYCibP_YQMxRz_l-tM17AG9M
UPDATE 1-Capital One profit beats estimates due to lower provision,Reuters,dYCcZpNztsXgUlMg7DeBKoY1uohxM
Capital One profit rises 10 percent due to lower provision,Reuters,dYCcZpNztsXgUlMg7DeBKoY1uohxM
Capital One profit rises 10 pct due to lower provision,Reuters,dYCcZpNztsXgUlMg7DeBKoY1uohxM
Capital One profit boosted by lower loss provision,MarketWatch,dYCcZpNztsXgUlMg7DeBKoY1uohxM
UPDATE 1-New York prosecutor probes high-speed trading -source,Reuters,d4R99H_bzn5317MgwOcNIUW8-ppSM
NY attorney general subpoenas high-speed firms,MarketWatch,d4R99H_bzn5317MgwOcNIUW8-ppSM
UPDATE 1-NY Attorney General probing Herbalife - report,Reuters,d4R99H_bzn5317MgwOcNIUW8-ppSM
UPDATE 1-Bank of America's financial crisis costs become a recurring nightmare,Reuters,dlD1x2yqK4XwukMi51V0pa3U_4bhM
Bank of America loss isn't just a mortgage story,MarketWatch,dlD1x2yqK4XwukMi51V0pa3U_4bhM
UPDATE 4-BofA reports first quarterly loss since 2011 on lofty legal bill,Reuters,dlD1x2yqK4XwukMi51V0pa3U_4bhM
"Bank of America: the good, the bad and the ugly",MarketWatch,dlD1x2yqK4XwukMi51V0pa3U_4bhM
Moynihan's vision blocked by Lewis' shadow,MarketWatch,dlD1x2yqK4XwukMi51V0pa3U_4bhM
Bank of America: Here's what investors can expect,MarketWatch,dlD1x2yqK4XwukMi51V0pa3U_4bhM
"FGIC, BofA settle litigation over mortgage-backed securities",Reuters,dlD1x2yqK4XwukMi51V0pa3U_4bhM
B. of A. earnings hurt by $6 billion legal charge,MarketWatch,dlD1x2yqK4XwukMi51V0pa3U_4bhM
CORRECTED-UPDATE 5-Yahoo's growth anemic as turnaround chugs along,Reuters,dw8S5c0f3hcW4BMfCLSoYGeKP8HYM
UPDATE 1-Yahoo shares jump as Alibaba's revenue surges ahead of IPO,Reuters,dw8S5c0f3hcW4BMfCLSoYGeKP8HYM
"Yahoo rallies; 'Holy Alibaba,' says analyst",MarketWatch,dw8S5c0f3hcW4BMfCLSoYGeKP8HYM
US STOCKS SNAPSHOT-Wall St climbs after China data; Yahoo jumps,Reuters,dw8S5c0f3hcW4BMfCLSoYGeKP8HYM
"US STOCKS-Wall St to rise after Chinese data, Yahoo up on Alibaba",Reuters,dw8S5c0f3hcW4BMfCLSoYGeKP8HYM
"US STOCKS-Futures gain after Chinese data, Yahoo up on Alibaba",Reuters,dw8S5c0f3hcW4BMfCLSoYGeKP8HYM
Yahoo reports modest revenue growth in Q1,Reuters,dw8S5c0f3hcW4BMfCLSoYGeKP8HYM
"Weak US prices, not inflation, the threat now: Fed's Yellen",Reuters,d_3misxug-kW8rMcJxFZjryM6w8JM
US STOCKS SNAPSHOT-Wall St ends higher after Yellen's comments,Reuters,d_3misxug-kW8rMcJxFZjryM6w8JM
Dollar up vs. yen after industrial production,MarketWatch,d_3misxug-kW8rMcJxFZjryM6w8JM
"Yellen says making ""very meaningful"" progress in US jobs market",Reuters,d_3misxug-kW8rMcJxFZjryM6w8JM
Yellen says healthy economy within reach,MarketWatch,d_3misxug-kW8rMcJxFZjryM6w8JM
Text of Janet Yellen's speech,MarketWatch,d_3misxug-kW8rMcJxFZjryM6w8JM
Yellen: 'Plausible' economy restored in two years,MarketWatch,d_3misxug-kW8rMcJxFZjryM6w8JM
Stock futures hold gains after housing data,MarketWatch,d_3misxug-kW8rMcJxFZjryM6w8JM
UPDATE 2-Yellen says Fed mulling stricter rules for Wall Street,Reuters,d_3misxug-kW8rMcJxFZjryM6w8JM
"UPDATE 3-Google misses revenue target, ad prices slide",Reuters,dCOJVhgnFBZxRvM4Nsi1zFFX5asXM
Google's growth in mobile ads hurts results,MarketWatch,dCOJVhgnFBZxRvM4Nsi1zFFX5asXM
UPDATE 2-Google Q1 revenue misses Wall Street targets,Reuters,dCOJVhgnFBZxRvM4Nsi1zFFX5asXM
Google Q1 Internet revenue grows 19 percent,Reuters,dCOJVhgnFBZxRvM4Nsi1zFFX5asXM
Google shares slide after disappointing results,MarketWatch,dCOJVhgnFBZxRvM4Nsi1zFFX5asXM
US STOCKS-Wall St gains on Yellen comments and Yahoo; BofA falls,Reuters,dq6FiYbiv9LyFUM5oONqwVQijLkyM
U.S. stocks rally; S&P 500 positive for the year,MarketWatch,dq6FiYbiv9LyFUM5oONqwVQijLkyM
"US STOCKS-Wall St up on Chinese and US data, Yellen comments",Reuters,dq6FiYbiv9LyFUM5oONqwVQijLkyM
"US STOCKS-Wall St gains after Chinese data, Yahoo up on Alibaba",Reuters,dq6FiYbiv9LyFUM5oONqwVQijLkyM
"UPDATE 1-Google still a top pick for Wall St, despite mobile ad challenges",Reuters,d1CA2zsSJnQ-76MDbeRGYi-m_WPZM
Google shares fall on earnings miss,MarketWatch,d1CA2zsSJnQ-76MDbeRGYi-m_WPZM
Google's growth in mobile ads hurts results,MarketWatch,d1CA2zsSJnQ-76MDbeRGYi-m_WPZM
Google: What investors can expect,MarketWatch,d1CA2zsSJnQ-76MDbeRGYi-m_WPZM
UPDATE 1-Ex-BP employee settles SEC insider-trading oil spill case,Reuters,dtSWPt-khwi4RHMPukF7sGZc6OJvM
Ex-BP employee charged with insider trading during spill,MarketWatch,dtSWPt-khwi4RHMPukF7sGZc6OJvM
IBM losses can't hold back tech gains,MarketWatch,dVi8YU8BTvscwaMxEr3HnjKb2kkdM
"Updates, advisories and surprises",MarketWatch,dVi8YU8BTvscwaMxEr3HnjKb2kkdM
UPDATE 5-IBM's quarterly revenue sinks to 5-year low as hardware sales fall,Reuters,dVi8YU8BTvscwaMxEr3HnjKb2kkdM
UPDATE 4-IBM's quarterly revenue sinks to 5-year low as hardware sales fall,Reuters,dVi8YU8BTvscwaMxEr3HnjKb2kkdM
"Bank of America, Google, IBM are stocks to watch",MarketWatch,dVi8YU8BTvscwaMxEr3HnjKb2kkdM
UPDATE 1-Fees fuel 13 percent profit rise at Morgan Stanley wealth unit,Reuters,d8yYZMW1FZ9vgCM4auekiP0m2XHKM
"UPDATE 2-Amid frigid winter, Goldman, Morgan Stanley see commodity gains",Reuters,d8yYZMW1FZ9vgCM4auekiP0m2XHKM
"WRAPUP 1-For Goldman Sachs and Morgan Stanley, boring is beautiful",Reuters,d8yYZMW1FZ9vgCM4auekiP0m2XHKM
"Morgan Stanley is looking good, but Goldman is better",MarketWatch,d8yYZMW1FZ9vgCM4auekiP0m2XHKM
Morgan Stanley Steps away from return target timeframe,Reuters,d8yYZMW1FZ9vgCM4auekiP0m2XHKM
"UPDATE 2-Morgan Stanley profit soars on wealth management, trading",Reuters,d8yYZMW1FZ9vgCM4auekiP0m2XHKM
UPDATE 1-Morgan Stanley Steps away from return target timeframe,Reuters,d8yYZMW1FZ9vgCM4auekiP0m2XHKM
"Goldman, Morgan report strong commodity results as rivals exit",Reuters,d8yYZMW1FZ9vgCM4auekiP0m2XHKM
"Goldman, Morgan Stanley rise; Google falls",MarketWatch,d8yYZMW1FZ9vgCM4auekiP0m2XHKM
Morgan Stanley reduces risky fixed-income assets by 5 pct,Reuters,d8yYZMW1FZ9vgCM4auekiP0m2XHKM
Morgan Stanley first-quarter earnings up 49 pct,Reuters,d8yYZMW1FZ9vgCM4auekiP0m2XHKM
"Morgan Stanley earnings top estimates, lift shares",MarketWatch,d8yYZMW1FZ9vgCM4auekiP0m2XHKM
"UPDATE 2-Sina Weibo soars in debut, overcoming censorship concerns",Reuters,d2fs4nOAL3ZbceMjUe4XpF_xYdhYM
"Sina Weibo soars in debut, overcoming censorship concerns",Reuters,d2fs4nOAL3ZbceMjUe4XpF_xYdhYM
UPDATE 2-Weibo cuts IPO size amid selloff in technology stocks,Reuters,d2fs4nOAL3ZbceMjUe4XpF_xYdhYM
Weibo prices IPO at $17/ADS - underwriter,Reuters,d2fs4nOAL3ZbceMjUe4XpF_xYdhYM
"Weibo prices IPO at bottom of range, sells fewer shares: WSJ",MarketWatch,d2fs4nOAL3ZbceMjUe4XpF_xYdhYM
Weibo IPO hit with warning of 'fast money',MarketWatch,d2fs4nOAL3ZbceMjUe4XpF_xYdhYM
"UPDATE 4-GE industrial profit boost underscores strategy, shares up",Reuters,dGX1NRZH5BEvBCMlAIZt0aI4LcrCM
"GE posts declines in profit, revenue",MarketWatch,dGX1NRZH5BEvBCMlAIZt0aI4LcrCM
Wal-Mart takes on money transfer companies with new service,Reuters,djTJEXdELNBQs8MEfG5eLPI4Ez7jM
Walmart and Euronet to Announce New Service,MarketWatch,djTJEXdELNBQs8MEfG5eLPI4Ez7jM
"Chipotle raising prices as steak, avocados, cheese costs rise",Reuters,dkhq69c37vzBapM4ZFno2GIZICDuM
"UPDATE 2-Chipotle raising prices as steak, avocados, cheese costs rise",Reuters,dkhq69c37vzBapM4ZFno2GIZICDuM
"Chipotle profit rises on stronger sales, traffic",MarketWatch,dkhq69c37vzBapM4ZFno2GIZICDuM
Chipotle raises sales outlook as traffic grows,MarketWatch,dkhq69c37vzBapM4ZFno2GIZICDuM
Top Fed officials consider enforcement issue at closed meeting,Reuters,dJ8K4ydZ4-5myaMgmzzLHYle5B8dM
"FOREX-Dollar slips on Yellen's dovish stance, pound hits 4-1/2-year high",Reuters,dJ8K4ydZ4-5myaMgmzzLHYle5B8dM
Dollar falls against euro on monetary-policy outlook,MarketWatch,dJ8K4ydZ4-5myaMgmzzLHYle5B8dM
"FOREX-Dollar struggles on Yellen's dovish stance, pound at 4-1/2-year high",Reuters,dJ8K4ydZ4-5myaMgmzzLHYle5B8dM
EM ASIA FX-Yellen helps Asia currencies crawl higher in subdued trading,Reuters,dJ8K4ydZ4-5myaMgmzzLHYle5B8dM
"FOREX-Dollar hurt by Yellen's low rate stance, pound at 4-1/2 yr high",Reuters,dJ8K4ydZ4-5myaMgmzzLHYle5B8dM
"FOREX-Yen reclaims lost ground against dollar, euro",Reuters,dJ8K4ydZ4-5myaMgmzzLHYle5B8dM
EM ASIA FX-Yellen helps Asia currencies crawl higher; trading subdued,Reuters,dJ8K4ydZ4-5myaMgmzzLHYle5B8dM
MARKET EYE-USD/INR opens weaker after Fed comments,Reuters,dJ8K4ydZ4-5myaMgmzzLHYle5B8dM
"REFILE-FOREX-Yen grinds lower as global stocks rally, dollar holds steady",Reuters,dJ8K4ydZ4-5myaMgmzzLHYle5B8dM
"FOREX-Yen grinds lower as global stocks rally, dollar holds steady",Reuters,dJ8K4ydZ4-5myaMgmzzLHYle5B8dM
"FOREX-Dollar up vs yen on Japan stock picture, dips vs euro on Fed view",Reuters,dJ8K4ydZ4-5myaMgmzzLHYle5B8dM
Dollar up vs. yen on industrial-production data,MarketWatch,dJ8K4ydZ4-5myaMgmzzLHYle5B8dM
"TREASURIES-Yields rise as stocks gain, Yellen optimistic on economy",Reuters,dJ8K4ydZ4-5myaMgmzzLHYle5B8dM
"US STOCKS SNAPSHOT-S&P 500, Nasdaq rise after strong results",Reuters,d3CdcOqST3Ov45MeE9h-mLKQD47wM
4 reasons the first quarter was better than it appeared,MarketWatch,d3CdcOqST3Ov45MeE9h-mLKQD47wM
"Asian stocks head higher, rally fades in Japan",MarketWatch,df54b-mYnO-45LMStNHtEcpWfYTOM
"Nikkei extends gains, SoftBank jumps on Alibaba earnings",Reuters,df54b-mYnO-45LMStNHtEcpWfYTOM
UPDATE 2-Ex-Anglo Irish chairman found not guilty on lending charges,Reuters,d1dcpD40rs5PC4Mbnjf3iY-KDK_KM
Ex-Anglo Irish Bank chairman found not guilty,MarketWatch,d1dcpD40rs5PC4Mbnjf3iY-KDK_KM
Former Anglo Irish chairman found not guilty on lending charges,Reuters,d1dcpD40rs5PC4Mbnjf3iY-KDK_KM
UPDATE 1-VW to push electric cars in China as market opens,Reuters,dxhel4vwCHb2CyMd9adeq7DWOwcAM
Volkswagen mulls expansion of China plant,MarketWatch,dxhel4vwCHb2CyMd9adeq7DWOwcAM
Fees fuel 13 percent profit rise at Morgan Stanley wealth unit,Reuters,doej3hPF6gmIl9MkyWfMgAAW2tX_M
UPDATE 1-Fees fuel 13 percent profit rise at Morgan Stanley wealth unit,Reuters,doej3hPF6gmIl9MkyWfMgAAW2tX_M
"WRAPUP 1-For Goldman Sachs and Morgan Stanley, boring is beautiful",Reuters,doej3hPF6gmIl9MkyWfMgAAW2tX_M
US stocks lower amid mixed earnings,MarketWatch,doej3hPF6gmIl9MkyWfMgAAW2tX_M
UPDATE 1-China home price inflation cools to 8-month low in March,Reuters,dABfumiHm7Tki0MBZdOn1vZENkAiM
China new-home prices slow gains in March,MarketWatch,dABfumiHm7Tki0MBZdOn1vZENkAiM
China new home prices rise slows to 7.7 pct y/y in March,Reuters,dABfumiHm7Tki0MBZdOn1vZENkAiM
Potential Sprint/T-Mobile deal may prompt US auction rethink,Reuters,dJVRDFtKbZ23TNM-Je9FSTnJXNElM
UPDATE 1-Potential Sprint/T-Mobile deal may prompt US auction rethink,Reuters,dJVRDFtKbZ23TNM-Je9FSTnJXNElM
Sprint/T-Mobile merger may prompt US FCC to rewrite auction rules,Reuters,dJVRDFtKbZ23TNM-Je9FSTnJXNElM
"UPDATE 1-US regulator reasserts goal to restrict AT&T, Verizon in auction",Reuters,dJVRDFtKbZ23TNM-Je9FSTnJXNElM
UPDATE 2-AT&T threatens to sit out US spectrum auction over rules,Reuters,dJVRDFtKbZ23TNM-Je9FSTnJXNElM
FCC to set aside spectrum for smaller carriers,MarketWatch,dJVRDFtKbZ23TNM-Je9FSTnJXNElM
UPDATE 2-Snack sales help PepsiCo beat profit estimates; soda steadies,Reuters,dCVLzzm4CssAm3Mq5Eyb2V1IcndwM
Pepsi earnings buoyed by rising snack volumes,MarketWatch,dCVLzzm4CssAm3Mq5Eyb2V1IcndwM
PRECIOUS-Gold recovers from 2-1/2 week low; fund outflows cloud sentiment,Reuters,dLoEmKRe3WVVGyMrqO5d3scymWmLM
PRECIOUS-Gold extends losses to 4th session; fund outflows continue,Reuters,dLoEmKRe3WVVGyMrqO5d3scymWmLM
Gold adds to slide as economy improves,MarketWatch,dLoEmKRe3WVVGyMrqO5d3scymWmLM
"UPDATE 4-Ford to name Fields as CEO soon, replacing Mulally -source",Reuters,dmEU-iO68ZkwuvMqta5j9d20tUWeM
Ford COO Mark Fields to become CEO,MarketWatch,dmEU-iO68ZkwuvMqta5j9d20tUWeM
"UPDATE 3-Ackman, Valeant team up to bid for Allergan in unusual pairing",Reuters,dfWBqDxgv21TUlMFBrhOOHpO3cvPM
UPDATE 2-Ackman working with Valeant to press for Allergan takeover,Reuters,dfWBqDxgv21TUlMFBrhOOHpO3cvPM
Valeant sees 'unrivaled' growth in possible Allergan merger,Reuters,dfWBqDxgv21TUlMFBrhOOHpO3cvPM
Ackman working with Valeant to press for Allergan takeover,Reuters,dfWBqDxgv21TUlMFBrhOOHpO3cvPM
"Ackman, Valeant to pursue Allergan takeover",MarketWatch,dfWBqDxgv21TUlMFBrhOOHpO3cvPM
Lilly Announces Agreement to Acquire Novartis Animal Health,MarketWatch,d0BJOy4VPmT-CKMOzWgDCCxSYbyjM
UPDATE 1-Novartis transforms drug business via deals with GSK and Lilly,Reuters,d0BJOy4VPmT-CKMOzWgDCCxSYbyjM
UPDATE 1-Eli Lilly to buy Novartis' animal health unit for $5.4 bln,Reuters,d0BJOy4VPmT-CKMOzWgDCCxSYbyjM
Eli Lilly to buy Novartis' animal health business for $5.4 bln,Reuters,d0BJOy4VPmT-CKMOzWgDCCxSYbyjM
"Novartis announces portfolio transformation, focusing company on leading  ...",MarketWatch,d0BJOy4VPmT-CKMOzWgDCCxSYbyjM
UPDATE 2-Sarepta shares soar on new hope for fatal muscle disorder drug,Reuters,doSu4r1VQ7fGhpMF_8q4WIyUoINLM
Sarepta to reapply for FDA approval of MD drug,MarketWatch,doSu4r1VQ7fGhpMF_8q4WIyUoINLM
Sarepta to start new trials on muscle disorder drug,Reuters,doSu4r1VQ7fGhpMF_8q4WIyUoINLM
"UPDATE 2-Gilead profit triples, hepatitis C drug sales beat by $1 bln",Reuters,dqVbD-tvwdDfF6MKCWctt5l_WyXGM
Gilead earnings buoyed by Hepatitis-C drug,MarketWatch,dqVbD-tvwdDfF6MKCWctt5l_WyXGM
I have no qualms about taking Gilead's $84000 drug,MarketWatch,dqVbD-tvwdDfF6MKCWctt5l_WyXGM
"UPDATE 2-VMware revenue beats estimates, but shares dip on sales delays",Reuters,dpyaXsRFx5y_GSMYaMFlRDZFLxg0M
VMware revenue rises 14 pct on higher cloud software demand,Reuters,dpyaXsRFx5y_GSMYaMFlRDZFLxg0M
"WMware profit up on services, license revenue",MarketWatch,dpyaXsRFx5y_GSMYaMFlRDZFLxg0M
"UPDATE 3-McDonald's profit falls, US diners not ""lovin' it""",Reuters,dIgs1CVCYZN8jxMmSqqAXeepUjhfM
McDonald's earnings slide on weak sales growth,MarketWatch,dIgs1CVCYZN8jxMmSqqAXeepUjhfM
UPDATE 3-AT&T ups revenue growth forecast on new pricing model,Reuters,d1JGbEvEjneEjwMs4WQku56IcDsLM
AT&T's revenue buoyed by wireless growth,MarketWatch,d1JGbEvEjneEjwMs4WQku56IcDsLM
"US STOCKS-Earnings, healthcare give Wall St sixth straight gain",Reuters,dQUVqJMYHTU2gqM_yn78HOsqNDfJM
US STOCKS SNAPSHOT-Wall St ends higher; healthcare sector helps,Reuters,dQUVqJMYHTU2gqM_yn78HOsqNDfJM
"US STOCKS-Wall St up for sixth straight session on earnings, healthcare",Reuters,dQUVqJMYHTU2gqM_yn78HOsqNDfJM
US stocks gain; S&P 500 extends streak to six,MarketWatch,dQUVqJMYHTU2gqM_yn78HOsqNDfJM
US STOCKS-Wall St gains on earnings; S&P up for 6th straight day,Reuters,dQUVqJMYHTU2gqM_yn78HOsqNDfJM
Comcast nears deal with Charter on $18-$20 bln in divestitures -source,Reuters,dH4GX2dS0UooO5MBI3UkgYOyB0ejM
"Comcast adds video subscribers, beats Street",Reuters,dH4GX2dS0UooO5MBI3UkgYOyB0ejM
"UPDATE 3-Comcast adds video subscribers, beats Street",Reuters,dH4GX2dS0UooO5MBI3UkgYOyB0ejM
Comcast close to subscriber deal with Charter,MarketWatch,dH4GX2dS0UooO5MBI3UkgYOyB0ejM
Comcast earnings up 30% as it adds video subscribers,MarketWatch,dH4GX2dS0UooO5MBI3UkgYOyB0ejM
UPDATE 1-Data storage equipment maker EMC cuts profit forecast,Reuters,dnK0_JagknGeXSMfpMdb_lLfmHkVM
EMC's 1st-qtr revenue rises 2 pct,Reuters,dnK0_JagknGeXSMfpMdb_lLfmHkVM
EMC's first-quarter revenue rises two percent,Reuters,dnK0_JagknGeXSMfpMdb_lLfmHkVM
EMC profit down 32% despite rise in revenue,MarketWatch,dnK0_JagknGeXSMfpMdb_lLfmHkVM
"Pure Storage Raises $225M, Valued at Over $3B by Leading Public Market  ...",MarketWatch,dEklvNZPC3_YxyM9yGDVd3aPzmWFM
"Pure Storage raises $225 mln, CEO says IPO not imminent -Re/code",Reuters,dEklvNZPC3_YxyM9yGDVd3aPzmWFM
UPDATE 2-Procter & Gamble quarterly profit rises on home care sales,Reuters,dWxMfkH6lnOKmRMpvpCsB-uPnnFHM
Procter & Gamble third-quarter profit rises,Reuters,dWxMfkH6lnOKmRMpvpCsB-uPnnFHM
"P&G Delivers Third Quarter Core EPS up 5% to $1.04, Organic Sales Increases  ...",MarketWatch,dWxMfkH6lnOKmRMpvpCsB-uPnnFHM
"UPDATE 2-Boeing posts higher adjusted profit, raises 2014 forecast",Reuters,d2aJePDim3-pgUMy9UuD2mMkzof7M
Boeing's quarterly revenue rises 8 pct,Reuters,d2aJePDim3-pgUMy9UuD2mMkzof7M
Boeing profit slides on pension costs,MarketWatch,d2aJePDim3-pgUMy9UuD2mMkzof7M
"Valeant CEO ""disappointed"" in Allergan poison pill - CNBC",Reuters,dOlCDTpbRrXmCNMAaajueJz4pmidM
Ackman: Didn't violate insider-trading rules over Allergan,MarketWatch,dOlCDTpbRrXmCNMAaajueJz4pmidM
Allergan adopts poison pill in face of Valeant bid,MarketWatch,dOlCDTpbRrXmCNMAaajueJz4pmidM
"UPDATE 5-Valeant, Ackman offer to buy Botox maker Allergan for $47 bln",Reuters,dOlCDTpbRrXmCNMAaajueJz4pmidM
"CANADA STOCKS-CP outlook, Valeant deal inject cheer into TSX",Reuters,dOlCDTpbRrXmCNMAaajueJz4pmidM
CANADA STOCKS-TSX rises early as investors cheer Valeant buy,Reuters,dOlCDTpbRrXmCNMAaajueJz4pmidM
"UPDATE 3-Delta Air profits rise, stronger outlook boosts shares",Reuters,du8wsAhL9twgyuMqlvvnoOadDGy7M
Delta profit jumps despite weather troubles,MarketWatch,du8wsAhL9twgyuMqlvvnoOadDGy7M
UPDATE 2-Amazon grabs rights to stream older HBO shows,Reuters,dK9PIci-HWZyVOMO2t01Mx-4IpjyM
UPDATE 1-HBO strikes deal with Amazon to stream shows,Reuters,dK9PIci-HWZyVOMO2t01Mx-4IpjyM
"Apple, Facebook, Amazon off as techs retreat",MarketWatch,dK9PIci-HWZyVOMO2t01Mx-4IpjyM
US STOCKS-Wall St snaps six-day run; Apple to split stock,Reuters,dh9aStwZD7qH9AM_EXJisok07Ms2M
US STOCKS-Wall St slips to snap six-day rally; biotechs weak,Reuters,dh9aStwZD7qH9AM_EXJisok07Ms2M
US stocks tumble; S&P 500 ends 6-day run,MarketWatch,dh9aStwZD7qH9AM_EXJisok07Ms2M
US STOCKS-Wall St slips after six-day S&P run; biotechs drop,Reuters,dh9aStwZD7qH9AM_EXJisok07Ms2M
US STOCKS-Futures imply lower open after recent rally,Reuters,dh9aStwZD7qH9AM_EXJisok07Ms2M
US stock futures pause after six-session win streak,MarketWatch,dh9aStwZD7qH9AM_EXJisok07Ms2M
US STOCKS-Futures flat after six straight days of gains,Reuters,dh9aStwZD7qH9AM_EXJisok07Ms2M
"Stock futures waver with home sales, tech results ahead",MarketWatch,dh9aStwZD7qH9AM_EXJisok07Ms2M
Stock futures look for direction from heavyweights,MarketWatch,dh9aStwZD7qH9AM_EXJisok07Ms2M
"Unilever sales top estimates; may sell Ragu, SlimFast",Reuters,d4LH7HUsmC_xb9MTf4XkMxxKba_KM
Unilever sales fall as currency weakness weighs,MarketWatch,d4LH7HUsmC_xb9MTf4XkMxxKba_KM
"UPDATE 1-Unilever sales top estimates; may sell Ragu, SlimFast",Reuters,d4LH7HUsmC_xb9MTf4XkMxxKba_KM
REFILE-Qualcomm faces China bribery allegations from US regulator,Reuters,dB8FEaUi9SHJD5M280aCek_3KP02M
"UPDATE 3-Qualcomm's quarterly revenue growth dwindles, shares fall",Reuters,dB8FEaUi9SHJD5M280aCek_3KP02M
"Qualcomm sales, outlook disappoint; shares off 4%",MarketWatch,dB8FEaUi9SHJD5M280aCek_3KP02M
Qualcomm posts higher 2nd-quarter revenue but misses Street,Reuters,dB8FEaUi9SHJD5M280aCek_3KP02M
WRAPUP 3-US new home sales hint at prolonged housing weakness,Reuters,dYIVqKGQ17jaALMi_dW8IW1TBkUKM
Sales of new homes plunge 14.5% in March,MarketWatch,dYIVqKGQ17jaALMi_dW8IW1TBkUKM
Sales of new single-family homes plunge 14.5% in March,MarketWatch,dYIVqKGQ17jaALMi_dW8IW1TBkUKM
Sales of existing homes slowest since July 2012,MarketWatch,dYIVqKGQ17jaALMi_dW8IW1TBkUKM
UPDATE 1-Weaker inflation could prompt broad ECB asset-buying -Draghi,Reuters,dWRyJdD6XIB_OYMqdCPjs-p5KsN3M
Euro falls on ECB Draghi's comments on further monetary easing,Reuters,dWRyJdD6XIB_OYMqdCPjs-p5KsN3M
Euro shakes off Draghi warning over strong currency,MarketWatch,dWRyJdD6XIB_OYMqdCPjs-p5KsN3M
Draghi warns of strong euro; could trigger more easing,MarketWatch,dWRyJdD6XIB_OYMqdCPjs-p5KsN3M
"Sterling steady vs dollar, slips vs euro after Ifo; Draghi eyed",Reuters,dWRyJdD6XIB_OYMqdCPjs-p5KsN3M
"FOREX -Euro steady before Draghi's speech, rate hike helps NZ dollar",Reuters,dWRyJdD6XIB_OYMqdCPjs-p5KsN3M
"FOREX -Kiwi rallies on hawkish RBNZ, euro eyes ECB speech",Reuters,dWRyJdD6XIB_OYMqdCPjs-p5KsN3M
"FOREX-Kiwi flies on hawkish RBNZ, euro eyes ECB speech",Reuters,dWRyJdD6XIB_OYMqdCPjs-p5KsN3M
Euro-zone economic growth picks up pace,MarketWatch,dWRyJdD6XIB_OYMqdCPjs-p5KsN3M
"FOREX-Dollar strength ebbs, threats of ECB action keep euro subdued",Reuters,dWRyJdD6XIB_OYMqdCPjs-p5KsN3M
"ECB's Linde: April, May inflation data key for policy path -MNI",Reuters,dWRyJdD6XIB_OYMqdCPjs-p5KsN3M
"GLOBAL MARKETS-M&A talk lifts European shares, euro dips to two-week low",Reuters,dWRyJdD6XIB_OYMqdCPjs-p5KsN3M
FOREX-Growing threat of ECB action keeps euro subdued,Reuters,dWRyJdD6XIB_OYMqdCPjs-p5KsN3M
"FOREX-Euro subdued near two-week lows, wary of ECB",Reuters,dWRyJdD6XIB_OYMqdCPjs-p5KsN3M
"European stocks strong after Ifo, Draghi comments",MarketWatch,dZa1R4jYBvUK_jMWjI6c3MscPxjEM
Ukraine has no impact on German economy - Ifo economist,Reuters,dZa1R4jYBvUK_jMWjI6c3MscPxjEM
Ifo surprises with rise as German business strong despite Ukraine,Reuters,dZa1R4jYBvUK_jMWjI6c3MscPxjEM
UPDATE 1-Ifo rises as Ukraine has little effect on German business,Reuters,dZa1R4jYBvUK_jMWjI6c3MscPxjEM
"European stocks strong after Ifo, US earnings",MarketWatch,dZa1R4jYBvUK_jMWjI6c3MscPxjEM
"Nasdaq futures soar after Apple; Caterpillar, GM loom",MarketWatch,dZa1R4jYBvUK_jMWjI6c3MscPxjEM
Apple lulls investors into a false sense of security,MarketWatch,db9l20IoC_vFteM9d3GW224BLpaBM
"Apple needs a big new idea, not financial engineering",MarketWatch,db9l20IoC_vFteM9d3GW224BLpaBM
"Apple boosts buyback, to split stock 7-for-1",MarketWatch,db9l20IoC_vFteM9d3GW224BLpaBM
"UPDATE 3-Apple expands buybacks by $30 bln, OKs 7-for-1 stock split",Reuters,db9l20IoC_vFteM9d3GW224BLpaBM
UPDATE 2-Apple slice: Share split makes joining the Dow more likely,Reuters,db9l20IoC_vFteM9d3GW224BLpaBM
"Asian shares struggle, dollar slips as Ukraine tensions rise",Reuters,diuBb8GaScP3H_M08sSdIRHIKRl3M
FOREX-Dollar under pressure on rising Ukraine tension,Reuters,diuBb8GaScP3H_M08sSdIRHIKRl3M
FOREX -Dollar loses ground on escalation of Russia/Ukraine tensions,Reuters,diuBb8GaScP3H_M08sSdIRHIKRl3M
"FOREX -Dollar up vs euro on durable goods strength, potential ECB easing",Reuters,diuBb8GaScP3H_M08sSdIRHIKRl3M
UPDATE 2-Cash drop in the euro zone adds to impetus for ECB action,Reuters,diuBb8GaScP3H_M08sSdIRHIKRl3M
UPDATE 2-Weaker inflation could prompt broad ECB asset-buying -Draghi,Reuters,diuBb8GaScP3H_M08sSdIRHIKRl3M
RPT-UPDATE 1-Cash drop in the euro zone adds to impetus for ECB action,Reuters,diuBb8GaScP3H_M08sSdIRHIKRl3M
RPT-Spare cash in euro zone falls below 100 billion euro threshold,Reuters,diuBb8GaScP3H_M08sSdIRHIKRl3M
Spare cash in euro zone falls below 100 billion euro threshold,Reuters,diuBb8GaScP3H_M08sSdIRHIKRl3M
Euro shakes off Draghi warning over strong currency,MarketWatch,diuBb8GaScP3H_M08sSdIRHIKRl3M
"Microsoft, Amazon, Starbucks are stocks to watch",MarketWatch,dyDpOQaVwycXqTMjxqQnnujCnxu2M
US STOCKS-Apple buoys Nasdaq; Ukraine weighs on broader market,Reuters,dyDpOQaVwycXqTMjxqQnnujCnxu2M
US STOCKS-Apple lifts Nasdaq; Ukraine drags on broader market,Reuters,dyDpOQaVwycXqTMjxqQnnujCnxu2M
"US STOCKS-Wall St up on Apple, Caterpillar; Ukraine weighs",Reuters,dyDpOQaVwycXqTMjxqQnnujCnxu2M
US STOCKS-Wall St flat as Ukraine offsets Apple rally,Reuters,dyDpOQaVwycXqTMjxqQnnujCnxu2M
"Apple, Facebook, Boeing are stocks to watch",MarketWatch,dyDpOQaVwycXqTMjxqQnnujCnxu2M
"New Microsoft CEO Nadella impresses Wall Street, stresses challenges",Reuters,dIzGm0p1VgKiYnM7J9Gi6svpdekbM
Microsoft CEO sees 'gold rush' in the cloud,MarketWatch,dIzGm0p1VgKiYnM7J9Gi6svpdekbM
UPDATE 2-Microsoft beats Wall Street on new CEO debut,Reuters,dIzGm0p1VgKiYnM7J9Gi6svpdekbM
"Microsoft profit slips; software, Surface help sales",MarketWatch,dIzGm0p1VgKiYnM7J9Gi6svpdekbM
WRAPUP 2-Strong durable goods orders buoy US growth outlook,Reuters,d0ga8ha_iqFppuMwrqQD6R_WtOsmM
TABLE-US March durable goods orders rise 2.6 pct,Reuters,d0ga8ha_iqFppuMwrqQD6R_WtOsmM
Durable-goods orders jump 2.6% in March,MarketWatch,d0ga8ha_iqFppuMwrqQD6R_WtOsmM
Durable-goods orders climb 2.6% in March,MarketWatch,d0ga8ha_iqFppuMwrqQD6R_WtOsmM
"Coming up: Durable-goods orders, jobless claims",MarketWatch,d0ga8ha_iqFppuMwrqQD6R_WtOsmM
Pandora's rise in ad revenue helps beat expectations,Reuters,dfpI0nHKwMLIIjMoWeOnBITk8OuqM
"Microsoft, Baidu pop; Visa, Pandora drop after hours",MarketWatch,dfpI0nHKwMLIIjMoWeOnBITk8OuqM
"Pandora investors tune into growth, ignore lawsuits",MarketWatch,dfpI0nHKwMLIIjMoWeOnBITk8OuqM
"Pandora earnings: Listeners, outlook to get attention",MarketWatch,dfpI0nHKwMLIIjMoWeOnBITk8OuqM
"Apple targeting $600, Facebook $70?",MarketWatch,dmfi_sd7XLRPVDMmGV2ez24yd4a-M
Apple continues to climb after earnings,MarketWatch,dmfi_sd7XLRPVDMmGV2ez24yd4a-M
Apple sharpens its edge after earnings,MarketWatch,dmfi_sd7XLRPVDMmGV2ez24yd4a-M
"Apple needs a big new idea, not financial engineering",MarketWatch,dmfi_sd7XLRPVDMmGV2ez24yd4a-M
RPT-Apple resets the clock as investors await next big thing,Reuters,dmfi_sd7XLRPVDMmGV2ez24yd4a-M
Analysts see reasons to support Microsoft,MarketWatch,dVuKdN2nhOdqbbMhRwfYynhlssl1M
UPDATE 1-Microsoft beats Wall Street profit estimate,Reuters,dVuKdN2nhOdqbbMhRwfYynhlssl1M
Microsoft earnings: First time for new CEO Nadella,MarketWatch,dVuKdN2nhOdqbbMhRwfYynhlssl1M
US STOCKS-Wall St lower on earnings; Amazon weighs on Nasdaq,Reuters,dW56ly6r2ddMh8MyJaRE-gQI9ySyM
Amazon sinks on outlook; Visa drags down Dow,MarketWatch,dW56ly6r2ddMh8MyJaRE-gQI9ySyM
"Amazon, Pandora drag on tech stocks",MarketWatch,dW56ly6r2ddMh8MyJaRE-gQI9ySyM
US STOCKS-Futures point to lower open as Amazon and Ford fall,Reuters,dW56ly6r2ddMh8MyJaRE-gQI9ySyM
"UPDATE 4-Ford profit driven down by North America, warranty costs",Reuters,dBMY4amftlAvPyMBHb5UD0AXJKcNM
Ford reaffirms full-year pretax-profit view,MarketWatch,dBMY4amftlAvPyMBHb5UD0AXJKcNM
Ford profit falls 39% but sales edge up,MarketWatch,dBMY4amftlAvPyMBHb5UD0AXJKcNM
Amazon: Will costly expansion pay off soon?,MarketWatch,di3iq1L07eWvlfMCSiKrxtyxVJdJM
UPDATE 3-Amazon's revenue increases even as spending rises,Reuters,di3iq1L07eWvlfMCSiKrxtyxVJdJM
Amazon outlook hit by big spending plans,MarketWatch,di3iq1L07eWvlfMCSiKrxtyxVJdJM
"GLOBAL MARKETS-Shares, dollar slide on Ukraine scare; gold rises",Reuters,dC9ETVy3LdO5BIMOFh1tWsika234M
"Dollar down vs. yen, Swiss franc as Ukraine tensions feed safety bid",Reuters,dC9ETVy3LdO5BIMOFh1tWsika234M
"FOREX-Dollar down vs yen, Swiss franc as Ukraine tensions feed safety bid",Reuters,dC9ETVy3LdO5BIMOFh1tWsika234M
"GLOBAL MARKETS-Shares, dollar tumble on Ukraine fears; gold up",Reuters,dC9ETVy3LdO5BIMOFh1tWsika234M
"GLOBAL MARKETS-Shares, dollar tumble on Ukraine anxiety",Reuters,dC9ETVy3LdO5BIMOFh1tWsika234M
FOREX-Yen and Swiss franc gain as Ukraine worries feed safety bid,Reuters,dC9ETVy3LdO5BIMOFh1tWsika234M
European stocks slide as Ukraine tensions heighten,MarketWatch,dC9ETVy3LdO5BIMOFh1tWsika234M
Dollar up vs. ruble as Ukraine tensions increase,MarketWatch,dC9ETVy3LdO5BIMOFh1tWsika234M
"GLOBAL MARKETS-Shares, dollar struggle on Ukraine anxiety",Reuters,dC9ETVy3LdO5BIMOFh1tWsika234M
"FOREX-Yen, Swiss franc advance as Ukraine concerns dominate",Reuters,dC9ETVy3LdO5BIMOFh1tWsika234M
Europe stocks pressured by heightened Ukraine worries,MarketWatch,dC9ETVy3LdO5BIMOFh1tWsika234M
UPDATE 2-European Factors to Watch-Ukraine worries seen denting shares,Reuters,dC9ETVy3LdO5BIMOFh1tWsika234M
"FOREX-Dollar steady near 1-week low vs yen, held back by Ukraine tensions",Reuters,dC9ETVy3LdO5BIMOFh1tWsika234M
FOREX-Dollar under pressure on rising Ukraine tension,Reuters,dC9ETVy3LdO5BIMOFh1tWsika234M
"GLOBAL MARKETS-Asian shares struggle, dollar slips as Ukraine tensions rise",Reuters,dC9ETVy3LdO5BIMOFh1tWsika234M
"Corporate news lifts stocks, tight money markets buoy euro",Reuters,dBeI4iCvcA98V6MVCm1nyKrXXye4M
"GLOBAL MARKETS-Corporate news lifts stocks, tight money markets buoy euro",Reuters,dBeI4iCvcA98V6MVCm1nyKrXXye4M
Euro zone bond yields edge up as bets on ECB asset buys subside,Reuters,dBeI4iCvcA98V6MVCm1nyKrXXye4M
"FOREX-Draghi helps euro higher, UK growth numbers in focus",Reuters,dBeI4iCvcA98V6MVCm1nyKrXXye4M
ECB's Constancio watching more than just April inflation data,Reuters,dBeI4iCvcA98V6MVCm1nyKrXXye4M
"FOREX-Euro edges up ahead of inflation test, sterling supported",Reuters,dBeI4iCvcA98V6MVCm1nyKrXXye4M
"Euro resilient ahead of inflation test, M&A supports sterling",Reuters,dBeI4iCvcA98V6MVCm1nyKrXXye4M
"FOREX-Euro resilient ahead of inflation test, M&A supports sterling",Reuters,dBeI4iCvcA98V6MVCm1nyKrXXye4M
UPDATE 2-ECB's Constancio watching more than just April inflation data,Reuters,dBeI4iCvcA98V6MVCm1nyKrXXye4M
"FOREX-Euro firm on safe-haven flow, expectation for inflation uptick",Reuters,dBeI4iCvcA98V6MVCm1nyKrXXye4M
"RPT-FOREX-Euro firm on safe-haven flow, expectation for inflation uptick",Reuters,dBeI4iCvcA98V6MVCm1nyKrXXye4M
ECB chief sees low inflation persisting but QE still distant-source,Reuters,dBeI4iCvcA98V6MVCm1nyKrXXye4M
"Dollar gets boost vs. yen from housing data, yields",MarketWatch,dBeI4iCvcA98V6MVCm1nyKrXXye4M
"Dollar up against yen, down vs. pound, euro",MarketWatch,dBeI4iCvcA98V6MVCm1nyKrXXye4M
Why Draghi believes the FOMC way is the best way,MarketWatch,dBeI4iCvcA98V6MVCm1nyKrXXye4M
"FOREX-Euro firm on expectations of inflation uptick, dwindling cash",Reuters,dBeI4iCvcA98V6MVCm1nyKrXXye4M
ECB's Noyer: Euro strength is weighing on prices,MarketWatch,dBeI4iCvcA98V6MVCm1nyKrXXye4M
RPT-FOREX-Euro firm on expectations of inflation uptick; pound surges,Reuters,dBeI4iCvcA98V6MVCm1nyKrXXye4M
"ECB policy, stress tests weighing on bank credit: BBVA",Reuters,dBeI4iCvcA98V6MVCm1nyKrXXye4M
"FOREX-Dollar off to slow start in event-packed week, yen firmer",Reuters,dBeI4iCvcA98V6MVCm1nyKrXXye4M
FOREX-Dollar off to slow start in event-packed week,Reuters,dBeI4iCvcA98V6MVCm1nyKrXXye4M
UPDATE 1-Spain Q1 unemployment rate inches up to 25.9 percent,Reuters,dEdu5dmFNpcRspMNfNTQgRNS6cp2M
Spain's jobless rate rises slightly: INE,MarketWatch,dEdu5dmFNpcRspMNfNTQgRNS6cp2M
AstraZeneca chief puts cancer ahead of megadeals,MarketWatch,dbq3sVrhBtbWPjMzH-gVBxD8C6AxM
ANALYSIS-Pfizer's weak drug pipeline fuels hunger for AstraZeneca,Reuters,dbq3sVrhBtbWPjMzH-gVBxD8C6AxM
UPDATE 7-Pfizer chases AstraZeneca for potential $100 bln deal,Reuters,dbq3sVrhBtbWPjMzH-gVBxD8C6AxM
European shares up; AstraZeneca surges on M&A prospect,MarketWatch,dbq3sVrhBtbWPjMzH-gVBxD8C6AxM
AstraZeneca bid supports FTSE 100 despite ripples from Russian sanctions,Reuters,dbq3sVrhBtbWPjMzH-gVBxD8C6AxM
US STOCKS-Wall St gains on merger activity; financials drag,Reuters,dbq3sVrhBtbWPjMzH-gVBxD8C6AxM
"AstraZeneca, Furiex jump; Newmont Mining drops",MarketWatch,dbq3sVrhBtbWPjMzH-gVBxD8C6AxM
"UPDATE 4-BofA suspends buyback, div increase after capital error",Reuters,dsmdKqhpqXk-8aMFGllh2qrk6-IaM
Bank of America may cancel stock buyback this year,MarketWatch,dsmdKqhpqXk-8aMFGllh2qrk6-IaM
Bank of America miscalculated its capital levels,MarketWatch,dsmdKqhpqXk-8aMFGllh2qrk6-IaM
Bank of America joins Citigroup in the penalty box,MarketWatch,dsmdKqhpqXk-8aMFGllh2qrk6-IaM
"CORRECTED-UPDATE 2-BofA suspends buyback, div increase after capital  ...",Reuters,dsmdKqhpqXk-8aMFGllh2qrk6-IaM
Russia diplomat says US high-tech export curbs will be a blow,Reuters,diF20GdN8avuFQMwsrPB9CbU6OOdM
Wounded Ukrainian mayor 'stable' in Israeli hospital,Reuters,diF20GdN8avuFQMwsrPB9CbU6OOdM
UPDATE 1-Russia diplomat says US high-tech export curbs will be a blow,Reuters,diF20GdN8avuFQMwsrPB9CbU6OOdM
"UPDATE 1-Wounded Ukrainian mayor ""stable"" in Israeli hospital",Reuters,diF20GdN8avuFQMwsrPB9CbU6OOdM
"UPDATE 1-Russia says EU should be ""ashamed"" over sanctions",Reuters,diF20GdN8avuFQMwsrPB9CbU6OOdM
EU levies sanctions on Russia's armed forces chief,MarketWatch,diF20GdN8avuFQMwsrPB9CbU6OOdM
"Russia ""not inclined"" to take over southeast Ukraine - senior official",Reuters,diF20GdN8avuFQMwsrPB9CbU6OOdM
UPDATE 4-Nokia names leader of networks business turnaround as CEO,Reuters,d0P4azXWamm0lRMJMTmGz5l2BskIM
Nokia posts loss on lower mobile sales,MarketWatch,d0P4azXWamm0lRMJMTmGz5l2BskIM
UPDATE 2-Apple supplier Cirrus to buy British chip maker Wolfson,Reuters,dL7JBcgGBMIlfSMjzz7rpE35qwDiM
Cirrus Logic to buy Wolfson in £278 million deal,MarketWatch,dL7JBcgGBMIlfSMjzz7rpE35qwDiM
Cirrus Logic to buy Wolfson for 291 mln stg,Reuters,dL7JBcgGBMIlfSMjzz7rpE35qwDiM
France meets Alstom bidders with pledge to protect jobs,Reuters,ddieo1I2wvePuIM-llBRDdtri4i3M
Siemens could get extra time to finalise Alstom proposal -sources,Reuters,ddieo1I2wvePuIM-llBRDdtri4i3M
CORRECTED-UPDATE 6-France meets Alstom bidders with pledge to protect jobs,Reuters,ddieo1I2wvePuIM-llBRDdtri4i3M
Watchdog must assure transparency over Alstom - French min,Reuters,ddieo1I2wvePuIM-llBRDdtri4i3M
French minister meets unions to discuss Alstom,MarketWatch,ddieo1I2wvePuIM-llBRDdtri4i3M
Siemens offer for Alstom likely on Tuesday: source,Reuters,ddieo1I2wvePuIM-llBRDdtri4i3M
UPDATE 6-France meets Alstom bidders with pledge to protect jobs,Reuters,ddieo1I2wvePuIM-llBRDdtri4i3M
Siemens to decide on Alstom offer after meeting with Hollande,Reuters,ddieo1I2wvePuIM-llBRDdtri4i3M
GE reports 'productive' meeting with France's Hollande,Reuters,ddieo1I2wvePuIM-llBRDdtri4i3M
"GE reports ""productive"" meeting with France's Hollande",Reuters,ddieo1I2wvePuIM-llBRDdtri4i3M
Germany prefers Siemens tie-up with Alstom to GE deal - source,Reuters,ddieo1I2wvePuIM-llBRDdtri4i3M
"Toyota withdrawal a bombshell, economic blow to California city",Reuters,d9a4JvArFQKm2_MeZ6_-2Wkfd7enM
UPDATE 1-Toyota move to Texas is latest blow to Southern California,Reuters,d9a4JvArFQKm2_MeZ6_-2Wkfd7enM
Texas to pay $10000 for each Toyota job relocated,MarketWatch,d9a4JvArFQKm2_MeZ6_-2Wkfd7enM
UPDATE 2-LG Electronics says higher TV marketing could blunt Q2 earnings,Reuters,dCe_CXfLeOYQAaMFffkflndUPr4LM
LG Electronics says higher TV marketing could blunt Q2 earnings,Reuters,dCe_CXfLeOYQAaMFffkflndUPr4LM
"UPDATE 3-Samsung Elec tips Q2 pickup, smartphone challenge looms",Reuters,dCe_CXfLeOYQAaMFffkflndUPr4LM
Samsung net profit rises amid fierce competition,MarketWatch,dCe_CXfLeOYQAaMFffkflndUPr4LM
Motorola Mobility escapes EU fine in patent case,MarketWatch,dyzvAj7chG1GnRMXambrGAH49ZFVM
UPDATE 1-European Union moves to end smartphone patent wars,Reuters,dyzvAj7chG1GnRMXambrGAH49ZFVM
Still use Internet Explorer? Don't,MarketWatch,dMyU18jOO4f7UJMSuLE7TFUJ7iYYM
Is Internet Explorer really that secure?,MarketWatch,dMyU18jOO4f7UJMSuLE7TFUJ7iYYM
"UPDATE 2-US, UK advise avoiding Internet Explorer until bug fixed",Reuters,dMyU18jOO4f7UJMSuLE7TFUJ7iYYM
"CORRECTED-UPDATE 1-Target names new CIO to oversee technology, security",Reuters,d_hYxaw1xsoBwDMUlRM0FnlrHDrkM
Target names new CIO after data breach,MarketWatch,d_hYxaw1xsoBwDMUlRM0FnlrHDrkM
"Target names new CIO, sets new security measures",MarketWatch,d_hYxaw1xsoBwDMUlRM0FnlrHDrkM
Marriott hikes outlook as corporate travel picks up,MarketWatch,dez6dJWWX9Zt2lMqdN_ncTwbsd8-M
"Marriott profit jumps as North America room rates, occupancy rise",Reuters,dez6dJWWX9Zt2lMqdN_ncTwbsd8-M
UPDATE 4-Twitter disappoints again on user growth and views; shares drop,Reuters,dvx-QjBRfE3ooNM6bbG5IgEblXJgM
Twitter tanks as user growth falls short,MarketWatch,dvx-QjBRfE3ooNM6bbG5IgEblXJgM
UPDATE 3-Twitter disappoints again on user growth and views; shares drop,Reuters,dvx-QjBRfE3ooNM6bbG5IgEblXJgM
Twitter user growth is worrying Wall Street,MarketWatch,dvx-QjBRfE3ooNM6bbG5IgEblXJgM
Key number for Twitter: 16 million new users,MarketWatch,dvx-QjBRfE3ooNM6bbG5IgEblXJgM
Twitter earnings: User growth again in focus,MarketWatch,dvx-QjBRfE3ooNM6bbG5IgEblXJgM
UPDATE 2-EBay beefs up US war chest in pursuit of growth,Reuters,d4LdeQeG96e-2JMUeby0G-P-7w3hM
"EBay turns in a loss, but sales rise",MarketWatch,d4LdeQeG96e-2JMUeby0G-P-7w3hM
"WRAPUP 1-US consumer confidence near 6-yr high, home prices rise",Reuters,dpTzASICyrc1IiMbNFlHUBEDnRHfM
Consumer confidence falls slightly in April,MarketWatch,dpTzASICyrc1IiMbNFlHUBEDnRHfM
France to consider raising stake in Alstom - minister,Reuters,dAkmszWj6qHhuhMd3q-HxJr-AQjiM
Siemens sweetens offer for Alstom unit,MarketWatch,dAkmszWj6qHhuhMd3q-HxJr-AQjiM
UPDATE 2-Alstom says to review GE offer for energy business,Reuters,dAkmszWj6qHhuhMd3q-HxJr-AQjiM
GE vows to boost French jobs with Alstom bid - letter,Reuters,dAkmszWj6qHhuhMd3q-HxJr-AQjiM
Alstom board accepts 10 billion euro GE offer for energy unit-paper,Reuters,dAkmszWj6qHhuhMd3q-HxJr-AQjiM
Europe Factors to Watch-Shares set to dip; all eyes on Alstom,Reuters,dAkmszWj6qHhuhMd3q-HxJr-AQjiM
Alstom accepts GE offer for its energy unit: sources,Reuters,dAkmszWj6qHhuhMd3q-HxJr-AQjiM
Rolls-Royce says in talks to sell parts of energy unit to Siemens,Reuters,dAkmszWj6qHhuhMd3q-HxJr-AQjiM
Twitter's slowing growth prompts target price cuts,Reuters,dKRjFvXMRAyGcFMDEAJxF8BH7lFvM
5 reasons why Twitter is dead money in 2014,MarketWatch,dKRjFvXMRAyGcFMDEAJxF8BH7lFvM
"Twitter reports $250 mln 1st quarter revenue, 255 mln users",Reuters,dKRjFvXMRAyGcFMDEAJxF8BH7lFvM
Wall Street remains split on Twitter's prospects,Reuters,dKRjFvXMRAyGcFMDEAJxF8BH7lFvM
Banks take hefty 13 bln euros in 3-month tender from ECB,Reuters,d6oH4km9IXNQhDMMjOqbrYbTbVjcM
"UPDATE 2-Euro zone inflation edges up, swift ECB action seen less likely",Reuters,d6oH4km9IXNQhDMMjOqbrYbTbVjcM
Honohan says ECB should use tools wisely to boost inflation,Reuters,d6oH4km9IXNQhDMMjOqbrYbTbVjcM
Euro recovers after inflation dip fails to impress,Reuters,d6oH4km9IXNQhDMMjOqbrYbTbVjcM
Euro zone April inflation rises less than expected,Reuters,d6oH4km9IXNQhDMMjOqbrYbTbVjcM
Euro bounces back after expected inflation dip,Reuters,d6oH4km9IXNQhDMMjOqbrYbTbVjcM
"Euro-zone inflation picks up, but below ECB target",MarketWatch,d6oH4km9IXNQhDMMjOqbrYbTbVjcM
Here's how the ECB will force the euro lower,MarketWatch,d6oH4km9IXNQhDMMjOqbrYbTbVjcM
ECB's Noyer favors some additional easing measures,MarketWatch,d6oH4km9IXNQhDMMjOqbrYbTbVjcM
"CORRECTED-GLOBAL MARKETS-Stocks rise on earnings, euro falls on  ...",Reuters,d6oH4km9IXNQhDMMjOqbrYbTbVjcM
"FOREX-Euro nurses losses after soft German inflation, yen eyes BOJ",Reuters,d6oH4km9IXNQhDMMjOqbrYbTbVjcM
FOREX-Dollar's losing streak vs euro ends after German inflation data,Reuters,d6oH4km9IXNQhDMMjOqbrYbTbVjcM
"GLOBAL MARKETS-Stocks rise on corporate results, euro falls on inflation data",Reuters,d6oH4km9IXNQhDMMjOqbrYbTbVjcM
"GLOBAL MARKETS-Corporate results boost stocks, euro falls on inflation data",Reuters,d6oH4km9IXNQhDMMjOqbrYbTbVjcM
Euro zone bonds flip-flop as inflation clouds ECB easing bets,Reuters,d6oH4km9IXNQhDMMjOqbrYbTbVjcM
Dollar up vs. euro after soft German inflation,MarketWatch,d6oH4km9IXNQhDMMjOqbrYbTbVjcM
"German inflation picks up in April, points to higher euro zone rate",Reuters,d6oH4km9IXNQhDMMjOqbrYbTbVjcM
Banks take most loans in ECB weekly operation since mid-2012,Reuters,d6oH4km9IXNQhDMMjOqbrYbTbVjcM
"FOREX-Draghi comments support euro, UK growth disappoints",Reuters,d6oH4km9IXNQhDMMjOqbrYbTbVjcM
ECB chief sees low inflation persisting but QE still distant-source,Reuters,d6oH4km9IXNQhDMMjOqbrYbTbVjcM
Time Warner raises full-year view as profit soars,MarketWatch,dF98bMa-7GUW6kMas4p8h19aBI20M
Time Warner 1st-qtr results beat estimates,Reuters,dF98bMa-7GUW6kMas4p8h19aBI20M
"UPDATE 1-""The Lego Movie"", ""Game of Thrones"" boost Time Warner results",Reuters,dF98bMa-7GUW6kMas4p8h19aBI20M
UK loses bid to stop EU tax on trading,MarketWatch,dvVgXIQ0mJ6aAeMusr3yUoJq7esPM
UPDATE 2-Europe's top court rejects UK challenge on financial trading tax,Reuters,dvVgXIQ0mJ6aAeMusr3yUoJq7esPM
US STOCKS-Wall St to open lower after GDP offsets jobs data,Reuters,djPO8UamtgEYZyM2volPnR1N_a8xM
UPDATE 2-Nuclear power producer Exelon to buy Pepco for $6.83 bln,Reuters,djPO8UamtgEYZyM2volPnR1N_a8xM
"Energizer, Pepco surge; Twitter, eBay fall on earnings",MarketWatch,djPO8UamtgEYZyM2volPnR1N_a8xM
"US STOCKS-Futures dip ahead of jobs, GDP data",Reuters,djPO8UamtgEYZyM2volPnR1N_a8xM
Exelon Corp to buy Pepco Holdings for $6.83 bln,Reuters,djPO8UamtgEYZyM2volPnR1N_a8xM
Exelon to buy Pepco in all-cash $6.83 billion deal,MarketWatch,djPO8UamtgEYZyM2volPnR1N_a8xM
Deals of the day- Mergers and acquisitions,Reuters,djPO8UamtgEYZyM2volPnR1N_a8xM
"UPDATE 2-IMF cuts Russia 2014 growth outlook, cites Ukraine risk",Reuters,dA0R8SqJyL2nylMoadxRZDncHww-M
IMF says Russia has entered recession: report,MarketWatch,dA0R8SqJyL2nylMoadxRZDncHww-M
"IMF mission chief says ""Russia is experiencing recession now"".",Reuters,dA0R8SqJyL2nylMoadxRZDncHww-M
"IMF cuts Russia 2014 growth forecast, sees $100 bln capital outflow",Reuters,dA0R8SqJyL2nylMoadxRZDncHww-M
Ukraine may drag on recovery within Europe: IMF,MarketWatch,dA0R8SqJyL2nylMoadxRZDncHww-M
Alstom endorses GE's $17 bln bid for power unit,MarketWatch,dOR-2J7zSzdz-tMTE967cyqiFFy2M
Alstom: Ready to review any offer from Siemens,MarketWatch,dOR-2J7zSzdz-tMTE967cyqiFFy2M
Alstom says to review GE offer for energy business,Reuters,dOR-2J7zSzdz-tMTE967cyqiFFy2M
"UPDATE 2-US, UK advise avoiding Internet Explorer until bug fixed",Reuters,dIBUtPNJ5FBbLxMsMujWnG_tuzUQM
Flaw Found for Internet Explorer,MarketWatch,dIBUtPNJ5FBbLxMsMujWnG_tuzUQM
UPDATE 1-Buffett says Congress may look at tax-driven mergers -CNBC,Reuters,dGlfuHFHIuo8fjMGBl3e-FDiwgFqM
Warren Buffett says he didn't want 'war' with Coca-Cola,MarketWatch,dGlfuHFHIuo8fjMGBl3e-FDiwgFqM
Warren Buffett is a mutual fund,MarketWatch,dGlfuHFHIuo8fjMGBl3e-FDiwgFqM
"CORRECTED-As Buffett praises his BNSF railroad, customers rail against delays",Reuters,dGlfuHFHIuo8fjMGBl3e-FDiwgFqM
"Berkshire Hathaway, JP Morgan are stocks to watch",MarketWatch,dGlfuHFHIuo8fjMGBl3e-FDiwgFqM
Target removes CEO in wake of devastating cyber attack,Reuters,dpyfzwtPWIiWllMXoMerDydpmTaVM
CORRECTED-UPDATE 2-Target removes CEO in wake of devastating cyber  ...,Reuters,dpyfzwtPWIiWllMXoMerDydpmTaVM
Target CEO resigns 5 months after holiday data breach,MarketWatch,dpyfzwtPWIiWllMXoMerDydpmTaVM
Factbox: What it would take for the ECB to vote on fresh action,Reuters,d8DabtTlhPalvyMKxQ7tSGkTnN_9M
"FOREX-Dollar slides broadly, bullish data helps euro",Reuters,d8DabtTlhPalvyMKxQ7tSGkTnN_9M
"ECB seen on hold as inflation picks up, QE a way off",Reuters,d8DabtTlhPalvyMKxQ7tSGkTnN_9M
OECD calls for ECB to cut rates immediately,MarketWatch,d8DabtTlhPalvyMKxQ7tSGkTnN_9M
GLOBAL ECONOMY WEEKAHEAD-ECB the focus in light week for data,Reuters,d8DabtTlhPalvyMKxQ7tSGkTnN_9M
Spain's services grow at fastest since crisis,MarketWatch,dv39D7ysZ4nw1dMqVeJRegesc55QM
UPDATE 1-US services sector growth slows in April - Markit,Reuters,dv39D7ysZ4nw1dMqVeJRegesc55QM
OECD cuts China 2014 growth forecast to 7.4 percent,Reuters,dSKYzD87_8EFFlM4r0Vv53RI35JLM
OECD cuts global growth outlook as developing economies falter,Reuters,dSKYzD87_8EFFlM4r0Vv53RI35JLM
OECD cuts China 2014 growth forecast to 7.4 pct,Reuters,dSKYzD87_8EFFlM4r0Vv53RI35JLM
OECD backs away from call for Canada to hike rates,MarketWatch,dSKYzD87_8EFFlM4r0Vv53RI35JLM
AIG profit falls 27%,MarketWatch,dwoE9jMhPIUoWiMOqapyC5C8iJPjM
AIG profit falls 27 pct,Reuters,dwoE9jMhPIUoWiMOqapyC5C8iJPjM
"UPDATE 1-AIG's income from premiums fall, shares down",Reuters,dwoE9jMhPIUoWiMOqapyC5C8iJPjM
"UPDATE 3-Tyson profit misses, shares fall 9 pct on growth jitters",Reuters,dqEsDIV3EvaVLiMT79js7h8g6wXXM
"Tyson profit misses, shares fall 9 percent on growth jitters",Reuters,dqEsDIV3EvaVLiMT79js7h8g6wXXM
URGENT-Tyson sees pork production down as much as 4 pct this year,Reuters,dqEsDIV3EvaVLiMT79js7h8g6wXXM
JP Morgan falls on warning; Tyson slips on earnings,MarketWatch,dqEsDIV3EvaVLiMT79js7h8g6wXXM
Tyson Foods earnings surge on higher sales,MarketWatch,dqEsDIV3EvaVLiMT79js7h8g6wXXM
TREASURIES-Bonds give back gains to end lower ahead of debt sales,Reuters,d64a0lU2ODg8cEM9GCNomzu-rzvEM
Caterpillar feeds on demand for long bonds,MarketWatch,d64a0lU2ODg8cEM9GCNomzu-rzvEM
TREASURIES-Prices ease after early Ukraine gains,Reuters,d64a0lU2ODg8cEM9GCNomzu-rzvEM
10-year Treasury yield hits lowest of year,MarketWatch,d64a0lU2ODg8cEM9GCNomzu-rzvEM
India 10-yr bond yield hits 7-wk low; bonds gain for 4th straight day,Reuters,d64a0lU2ODg8cEM9GCNomzu-rzvEM
"UPDATE 2-US trade deficit narrows, but not enough to help GDP",Reuters,d7nLppD5D2Pzh6MSC-mr3n-BfCSDM
Exports snap back as US trade deficit shrinks 3.6%,MarketWatch,d7nLppD5D2Pzh6MSC-mr3n-BfCSDM
"UPDATE 6-Fiat Chrysler bets on Jeep, Alfa revamp to go global",Reuters,dgpGwokH5i7z49MfjElP-TsDJGz8M
"UPDATE 5-Fiat Chrysler bets on Jeep, Alfa revamp to go global",Reuters,dgpGwokH5i7z49MfjElP-TsDJGz8M
"Fiat Chrysler posts 1st-qtr net loss, trading profit stable",Reuters,dgpGwokH5i7z49MfjElP-TsDJGz8M
Fiat Group swings to loss,MarketWatch,dgpGwokH5i7z49MfjElP-TsDJGz8M
HIGHLIGHTS-Fiat Chrysler's five-year plan,Reuters,dgpGwokH5i7z49MfjElP-TsDJGz8M
"RPT-Fiat Chrysler bets on Jeep, Alfa revamp to go global",Reuters,dgpGwokH5i7z49MfjElP-TsDJGz8M
UPDATE 4-Twitter shares plumb new lows as stock lock-up expires,Reuters,drDwBNwo2u54cIMtKlcdQBaPMPUxM
Twitter's big slump highlights tech losses,MarketWatch,drDwBNwo2u54cIMtKlcdQBaPMPUxM
Newscast: Twitter tumbles as lockup expires,MarketWatch,drDwBNwo2u54cIMtKlcdQBaPMPUxM
Twitter shares slump as lock-up period ends,MarketWatch,drDwBNwo2u54cIMtKlcdQBaPMPUxM
Twitter tumbles on wave of unlocked shares,MarketWatch,drDwBNwo2u54cIMtKlcdQBaPMPUxM
UPDATE 3-Bayer wins Merck & Co's $14 bln consumer unit auction,Reuters,drzoEf5Ujx735WMtH6yfIsC8Ct9qM
Bayer buys Merck's consumer ops for $14.2 billion,MarketWatch,drzoEf5Ujx735WMtH6yfIsC8Ct9qM
INTERVIEW-Target's interim CEO says he does not want job permanently,Reuters,d6SV3rxtdrc8omMyjLRyN8ebNWosM
Why you shouldn't care who the CEO is,MarketWatch,d6SV3rxtdrc8omMyjLRyN8ebNWosM
OECD cuts forecasts for Turkey's growth,MarketWatch,djYdAphw5jDBdqMzI96Ssguo2rdAM
OECD cuts China 2014 growth forecast to 7.4 pct,Reuters,djYdAphw5jDBdqMzI96Ssguo2rdAM
Beware: Alibaba IPO isn't really selling Alibaba,MarketWatch,dmJfQanhaPIgMrMN3aaiwPtCMSmVM
"Factbox: Alibaba's IPO, fees among biggest for new listings",Reuters,dmJfQanhaPIgMrMN3aaiwPtCMSmVM
UPDATE 3-China's Alibaba embarks on US IPO journey,Reuters,dmJfQanhaPIgMrMN3aaiwPtCMSmVM
What buyers of Alibaba stock should consider,MarketWatch,dmJfQanhaPIgMrMN3aaiwPtCMSmVM
UPDATE 2-China's Alibaba embarks on US IPO journey,Reuters,dmJfQanhaPIgMrMN3aaiwPtCMSmVM
Yahoo's Alibaba moment has finally arrived,MarketWatch,dmJfQanhaPIgMrMN3aaiwPtCMSmVM
TREASURIES-Long bond price rises as traders await Yellen,Reuters,dywtT8C5IN6mBmM8X2_eFiQceln_M
"TREASURIES-Prices perk up ahead of debt sales, Yellen testimony",Reuters,dywtT8C5IN6mBmM8X2_eFiQceln_M
Yellen back in spotlight after strong jobs report,MarketWatch,dywtT8C5IN6mBmM8X2_eFiQceln_M
"UPDATE 2-EA, Activision Blizzard sales beat targets, shares rise",Reuters,dCHspZdghQ7u6BMxQtKYocPvsi2LM
Activision first-quarter revenue drops but profit rises,Reuters,dCHspZdghQ7u6BMxQtKYocPvsi2LM
Activision Blizzard earnings slide 35%,MarketWatch,dCHspZdghQ7u6BMxQtKYocPvsi2LM
RPT-Activision places $500 mln bet on its next blockbuster franchise,Reuters,dCHspZdghQ7u6BMxQtKYocPvsi2LM
Activision places $500 mln bet on its next blockbuster franchise,Reuters,dCHspZdghQ7u6BMxQtKYocPvsi2LM
German art collector in nazi loot uproar dies,MarketWatch,dH_x-wah7KDrh_M6wKq_kZlFUsSUM
"UPDATE 2-Gurlitt, reclusive German who hoarded Nazi-looted art, has died",Reuters,dH_x-wah7KDrh_M6wKq_kZlFUsSUM
US stocks close higher; Nasdaq trims losses,MarketWatch,dmiKSRWtLS-0oQMZgRdMabvm20GNM
US stock gains capped by selling of techs,MarketWatch,dmiKSRWtLS-0oQMZgRdMabvm20GNM
Alibaba's deal-making ripples across Silicon Valley,Reuters,dmiKSRWtLS-0oQMZgRdMabvm20GNM
"Alibaba: Should eBay, Amazon worry? Not yet",MarketWatch,dmiKSRWtLS-0oQMZgRdMabvm20GNM
Newscast: Alibaba IPO plans sink Yahoo stock,MarketWatch,dmiKSRWtLS-0oQMZgRdMabvm20GNM
5 quality stocks that are missing out on the bull run,MarketWatch,dmiKSRWtLS-0oQMZgRdMabvm20GNM
Techs tumble; investor warns of 'big pause',MarketWatch,dmiKSRWtLS-0oQMZgRdMabvm20GNM
Beware: Alibaba IPO isn't really selling Alibaba,MarketWatch,dmiKSRWtLS-0oQMZgRdMabvm20GNM
GLOBAL MARKETS-Yellen comments boost US stocks; gold falls,Reuters,duFafA3ap35yO4MOcofi4Br3PF6WM
FOREX-Dollar extends gains despite dovish Yellen comments,Reuters,duFafA3ap35yO4MOcofi4Br3PF6WM
"UPDATE 3-Yellen cites housing, geopolitical tensions as economic risks",Reuters,duFafA3ap35yO4MOcofi4Br3PF6WM
Treasurys gain for fifth day in six on Yellen,MarketWatch,duFafA3ap35yO4MOcofi4Br3PF6WM
Gold ends 1.5% lower after Yellen testimony,MarketWatch,duFafA3ap35yO4MOcofi4Br3PF6WM
GLOBAL MARKETS-Stocks flat after Putin comments; gold falls,Reuters,duFafA3ap35yO4MOcofi4Br3PF6WM
Yellen stays upbeat but is watching housing,MarketWatch,duFafA3ap35yO4MOcofi4Br3PF6WM
Dollar pares gain vs. yen on Yellen; kiwi falls,MarketWatch,duFafA3ap35yO4MOcofi4Br3PF6WM
Treasurys cut losses on Yellen remarks,MarketWatch,duFafA3ap35yO4MOcofi4Br3PF6WM
UPDATE 2-Cold weather sinks US productivity but trend steady,Reuters,d5hzAN0GxA9lkwMfZbioCtLDy270M
US firms less productive in first quarter,MarketWatch,d5hzAN0GxA9lkwMfZbioCtLDy270M
U.S. productivity declines by 1.7% in first quarter,MarketWatch,d5hzAN0GxA9lkwMfZbioCtLDy270M
UPDATE 4-AOL profit misses estimate on costs; shares tumble,Reuters,dDDMVzdUvh2NLMMtU_wiUQSQZJAxM
AOL profit misses estimate on costs; shares tumble,Reuters,dDDMVzdUvh2NLMMtU_wiUQSQZJAxM
AOL 1st-qtr revenue rises 8 pct on higher ad sales,Reuters,dDDMVzdUvh2NLMMtU_wiUQSQZJAxM
AOL revenue boosted by ad-network growth,MarketWatch,dDDMVzdUvh2NLMMtU_wiUQSQZJAxM
"UPDATE 4-'Candy Crush' maker King serves up bittersweet results, shares fall",Reuters,dhpKVsKqpcfPI-MnXYVyH0cedWM9M
Candy Crush maker earnings down 20%,MarketWatch,dhpKVsKqpcfPI-MnXYVyH0cedWM9M
Nintendo targets return to profit as sales dip,MarketWatch,dkaJYWqVpnnPyYMMCsLNamVIPOy-M
UPDATE 1-Nintendo banks on new games to return it to profit this FY,Reuters,dkaJYWqVpnnPyYMMCsLNamVIPOy-M
Nintendo expects profit this FY after booking 46.4 bln yen loss,Reuters,dkaJYWqVpnnPyYMMCsLNamVIPOy-M
"WRAPUP 1-Fannie Mae, Freddie Mac post profits driven by legal settlements",Reuters,dyVST1xzahgTA3MVWTM5glZxwJXWM
Freddie Mac earnings fall 13% from a year ago,MarketWatch,dyVST1xzahgTA3MVWTM5glZxwJXWM
Fannie Mae earnngs hit by legal settlements,MarketWatch,dyVST1xzahgTA3MVWTM5glZxwJXWM
Freddie Mac to pay US Treasury $4.5 billion on quarterly profit,Reuters,dyVST1xzahgTA3MVWTM5glZxwJXWM
Fannie Mae to pay Treasury $5.7 billion on quarterly profit,Reuters,dyVST1xzahgTA3MVWTM5glZxwJXWM
UPDATE 1-Fannie Mae to pay US Treasury $5.7 billion on quarterly profit,Reuters,dyVST1xzahgTA3MVWTM5glZxwJXWM
UPDATE 1-Bank of England sticks with low rates even as recovery builds,Reuters,d9VRwFyyf249y0M7nCc89xlsJwe-M
BOE stands pat on policy as jobless rate falls,MarketWatch,d9VRwFyyf249y0M7nCc89xlsJwe-M
"Tesla skids on earnings; SolarCity, Keurig jumps",MarketWatch,dUTKkZ5tHDuJgcMIazr5_JyZZVdLM
"Tesla, Keurig, SolarCity are stocks to watch",MarketWatch,dUTKkZ5tHDuJgcMIazr5_JyZZVdLM
"UPDATE 4-Tesla outlook disappoints some on Wall St, shares drop 7 pct",Reuters,dUTKkZ5tHDuJgcMIazr5_JyZZVdLM
"UPDATE 3-Tesla outlook disappoints some on Wall St, shares drop 7 pct",Reuters,dUTKkZ5tHDuJgcMIazr5_JyZZVdLM
Only 4 Teslas have ever been stolen in US,MarketWatch,dUTKkZ5tHDuJgcMIazr5_JyZZVdLM
Tesla posts loss as research costs rise,MarketWatch,dUTKkZ5tHDuJgcMIazr5_JyZZVdLM
"Tesla drops, Keurig, SolarCity gain after hours",MarketWatch,dUTKkZ5tHDuJgcMIazr5_JyZZVdLM
"Tesla, Keurig set for active after-hours session",MarketWatch,dUTKkZ5tHDuJgcMIazr5_JyZZVdLM
"Tesla, Keurig, Allergan are stocks to watch",MarketWatch,dUTKkZ5tHDuJgcMIazr5_JyZZVdLM
Tesla earnings: Balancing goals and costs,MarketWatch,dUTKkZ5tHDuJgcMIazr5_JyZZVdLM
UPDATE 4-Brent below $108 on signs of easing Ukraine tensions,Reuters,dFm1Wel8mCo4VPMz43wzCCzeudllM
WRAPUP 1-China commodity imports top expectations as stockpiling supports,Reuters,dFm1Wel8mCo4VPMz43wzCCzeudllM
UPDATE 2-Brent holds steady near $108; Chinese trade data supports,Reuters,dFm1Wel8mCo4VPMz43wzCCzeudllM
"COLUMN-China's robust commodity imports boosted by stockpiling, financing  ...",Reuters,dFm1Wel8mCo4VPMz43wzCCzeudllM
UPDATE 1-China April soybean imports climb around 60 pct on year,Reuters,dFm1Wel8mCo4VPMz43wzCCzeudllM
"China exports improve, analysts see stronger yuan",MarketWatch,dFm1Wel8mCo4VPMz43wzCCzeudllM
China's April crude-oil imports reach daily record,MarketWatch,dFm1Wel8mCo4VPMz43wzCCzeudllM
"UPDATE 1-At China's Alibaba, chairman Ma's dealings raise red flags",Reuters,dzEn7rv3Rk99ZaMqpygdDWYHN8jLM
"CORRECTED-REFILE-At China's Alibaba, chairman Ma's dealings raise red flags",Reuters,dzEn7rv3Rk99ZaMqpygdDWYHN8jLM
Alibaba files for U.S. IPO,MarketWatch,dzEn7rv3Rk99ZaMqpygdDWYHN8jLM
UPDATE 1-Toyota braces for stalling profit after last year's bonanza,Reuters,dK_8AM8fOxT0pvMjcLiE6-fiodKSM
"Toyota sees 2.4 pct drop in FY 2014/15 net profit, below estimates",Reuters,dK_8AM8fOxT0pvMjcLiE6-fiodKSM
Toyota hits record-high profit in last year,MarketWatch,dK_8AM8fOxT0pvMjcLiE6-fiodKSM
TABLE-Toyota Motor -2013/14 group results (SEC),Reuters,dK_8AM8fOxT0pvMjcLiE6-fiodKSM
RPT-TABLE-Konami -2013/14 group results (SEC),Reuters,dK_8AM8fOxT0pvMjcLiE6-fiodKSM
"China blames Vietnam for sea collisions, but calls for talks",Reuters,dNon3QbHmjev9RMZBV7iFz3EK5TRM
"WRAPUP 2-China blames Vietnam for sea collisions, but calls for talks",Reuters,dNon3QbHmjev9RMZBV7iFz3EK5TRM
"WRAPUP 1-China urges talks, says no ""clash"" in sea row with Vietnam",Reuters,dNon3QbHmjev9RMZBV7iFz3EK5TRM
China tensions with neighbors rise at sea,MarketWatch,dNon3QbHmjev9RMZBV7iFz3EK5TRM
Vietnam index plummets about 6 pct on South China sea dispute,Reuters,dNon3QbHmjev9RMZBV7iFz3EK5TRM
"U.S. stocks rise on jobless claims, Draghi easing talk",MarketWatch,dj2gaJQ71DfKWyMRvKbZUWIkrAKLM
Banks are managing lower liquidity on their own -Draghi,Reuters,dj2gaJQ71DfKWyMRvKbZUWIkrAKLM
UPDATE 2-Draghi says ECB poised to shore up economy as soon as June,Reuters,dj2gaJQ71DfKWyMRvKbZUWIkrAKLM
Draghi says ECB may act after sees June forecasts,Reuters,dj2gaJQ71DfKWyMRvKbZUWIkrAKLM
U.S. stocks rise on Draghi's dovish comments,MarketWatch,dj2gaJQ71DfKWyMRvKbZUWIkrAKLM
Draghi comments send European stocks rallying,MarketWatch,dj2gaJQ71DfKWyMRvKbZUWIkrAKLM
Euro drops; Draghi 'comfortable' easing in June,MarketWatch,dj2gaJQ71DfKWyMRvKbZUWIkrAKLM
Draghi: ECB 'comfortable with acting next time',MarketWatch,dj2gaJQ71DfKWyMRvKbZUWIkrAKLM
Euro zone bond yields fall after Draghi flags ECB action,Reuters,dj2gaJQ71DfKWyMRvKbZUWIkrAKLM
"FOREX-Euro at 2-month high, tests ECB's resolve on currency",Reuters,dj2gaJQ71DfKWyMRvKbZUWIkrAKLM
Euro zone shares rise as ECB's Draghi opens door to June move,Reuters,dj2gaJQ71DfKWyMRvKbZUWIkrAKLM
ECB's Draghi says euro zone recovery proceeding,Reuters,dj2gaJQ71DfKWyMRvKbZUWIkrAKLM
Draghi's introductory statement,MarketWatch,dj2gaJQ71DfKWyMRvKbZUWIkrAKLM
US stock futures fluctuate after jobless claims,MarketWatch,dj2gaJQ71DfKWyMRvKbZUWIkrAKLM
Euro buoyant as European Central Bank hold rates,Reuters,dj2gaJQ71DfKWyMRvKbZUWIkrAKLM
"RPT- FOREX-Euro at 2-month high, tests ECB's resolve on currency",Reuters,dj2gaJQ71DfKWyMRvKbZUWIkrAKLM
ECB leaves key rates unchanged,MarketWatch,dj2gaJQ71DfKWyMRvKbZUWIkrAKLM
European shares advance as Metro and ProSieben rally,Reuters,dj2gaJQ71DfKWyMRvKbZUWIkrAKLM
Outside chance of ECB easing keeps euro zone yields subdued,Reuters,dj2gaJQ71DfKWyMRvKbZUWIkrAKLM
Adecco rallies as European shares advance,Reuters,dj2gaJQ71DfKWyMRvKbZUWIkrAKLM
Euro zone yields hold near lows before ECB meeting,Reuters,dj2gaJQ71DfKWyMRvKbZUWIkrAKLM
"Europe Factors to Watch-Shares set to rise, all eyes on ECB",Reuters,dj2gaJQ71DfKWyMRvKbZUWIkrAKLM
FOREX-Euro off highs ahead of ECB; Aussie buoyed by upbeat data,Reuters,dj2gaJQ71DfKWyMRvKbZUWIkrAKLM
"FOREX-Euro off highs ahead of ECB, data set to drive currencies",Reuters,dj2gaJQ71DfKWyMRvKbZUWIkrAKLM
FOREX-Dollar falls on strong euro zone data despite positive US signs,Reuters,dj2gaJQ71DfKWyMRvKbZUWIkrAKLM
UPDATE 1-Nintendo to introduce console for emerging markets as early as 2015  ...,Reuters,dHu3yRbBCnm7CBMneCP8aS5SVH_eM
Nintendo vows to return to profit despite Wii woes,MarketWatch,dHu3yRbBCnm7CBMneCP8aS5SVH_eM
RPT-CORRECTED-UPDATE 1-Could take 5-8 years to shrink Fed portfolio -Yellen,Reuters,d06p_B068Tz-trM0VOb3T9IS-s-rM
CORRECTED-UPDATE 1-Could take 5-8 years to shrink Fed portfolio -Yellen,Reuters,d06p_B068Tz-trM0VOb3T9IS-s-rM
PRECIOUS-Gold edges up as investors digest Yellen comments,Reuters,d06p_B068Tz-trM0VOb3T9IS-s-rM
6 dubious Yellenisms from the Fed chair's testimony,MarketWatch,d06p_B068Tz-trM0VOb3T9IS-s-rM
"GLOBAL MARKETS-Asian shares up on Yellen, China trade data, Ukraine",Reuters,d06p_B068Tz-trM0VOb3T9IS-s-rM
Yellen comments boost US stocks; gold falls,Reuters,d06p_B068Tz-trM0VOb3T9IS-s-rM
"UPDATE 3-Yellen cites housing, geopolitical tensions as economic risks",Reuters,d06p_B068Tz-trM0VOb3T9IS-s-rM
"WATCH LIVE: Reuters Today - Publicis, Omnicom call off merger",Reuters,dG6Zfmor_3OYSpMJCobF_GCpMNq_M
"UPDATE 3-Omnicom, Publicis call off proposed $35 billion merger",Reuters,dG6Zfmor_3OYSpMJCobF_GCpMNq_M
"Omnicom, Publicis call off $35 billion merger",MarketWatch,dG6Zfmor_3OYSpMJCobF_GCpMNq_M
"Omnicom, Publicis call off proposed $35 billion merger- NY Times",Reuters,dG6Zfmor_3OYSpMJCobF_GCpMNq_M
"UPDATE 1-Omnicom, Publicis call off proposed $35 billion merger -source",Reuters,dG6Zfmor_3OYSpMJCobF_GCpMNq_M
"Omnicom, Publicis call off $35 billion merger: WSJ",MarketWatch,dG6Zfmor_3OYSpMJCobF_GCpMNq_M
Lower-rated euro zone debt yields at new lows on ECB,Reuters,dk4owFClCY8fpmMeJ3SHsDptJDeeM
GLOBAL MARKETS -Asia shares step cautiously around tame China inflation,Reuters,dk4owFClCY8fpmMeJ3SHsDptJDeeM
FOREX-Euro steadies after slumping on dovish Draghi comments,Reuters,dk4owFClCY8fpmMeJ3SHsDptJDeeM
FOREX-Battered euro nervous after slumping on dovish Draghi comments,Reuters,dk4owFClCY8fpmMeJ3SHsDptJDeeM
Draghi paints European Central Bank into corner,MarketWatch,dk4owFClCY8fpmMeJ3SHsDptJDeeM
FOREX-Dollar gains against euro as Draghi hints at action,Reuters,dk4owFClCY8fpmMeJ3SHsDptJDeeM
Euro zone candidate Lithuania gains ECB scrutiny of top lenders,Reuters,dk4owFClCY8fpmMeJ3SHsDptJDeeM
Euro zone yields fall to new lows on ECB's clearest signal yet,Reuters,dk4owFClCY8fpmMeJ3SHsDptJDeeM
Sterling climbs vs euro after ECB signals it is ready to act,Reuters,dk4owFClCY8fpmMeJ3SHsDptJDeeM
GLOBAL MARKETS-Euro buoyant as European Central Bank hold rates,Reuters,dk4owFClCY8fpmMeJ3SHsDptJDeeM
Adecco rallies as European shares advance,Reuters,dk4owFClCY8fpmMeJ3SHsDptJDeeM
UPDATE 2-CBS revenue misses estimates on lower advertising,Reuters,dE21f9Rai6-KxWM691W8191VCK2-M
"CBS profit up 5.6%, sees strong second half",MarketWatch,dE21f9Rai6-KxWM691W8191VCK2-M
Apple in talks to buy Dr. Dre's Beats for $3.2 billion,MarketWatch,dO9T5X7Lj8LWAXMq4eRhyoAYy9zrM
CORRECTED-UPDATE 2-Apple close to buying Beats for $3.2 bln -source,Reuters,dO9T5X7Lj8LWAXMq4eRhyoAYy9zrM
"Was Barclays the problem, or was it the business model?: James Saft",Reuters,dmfYAYOSCXeIgdMeNy_RGzRlSo-4M
"COLUMN-Was Barclays the problem, or was it the business model?: James Saft",Reuters,dmfYAYOSCXeIgdMeNy_RGzRlSo-4M
"Britain's FTSE boosted by Barclays, hopes for ECB action in June",Reuters,dmfYAYOSCXeIgdMeNy_RGzRlSo-4M
Barclays retreat from Lehman deal inevitable,MarketWatch,dmfYAYOSCXeIgdMeNy_RGzRlSo-4M
"FTSE gains on company updates, Barclays jumps",Reuters,dmfYAYOSCXeIgdMeNy_RGzRlSo-4M
"FTSE up on company updates, Barclays jumps",Reuters,dmfYAYOSCXeIgdMeNy_RGzRlSo-4M
"Australia shares falls on miners, eke out gain for week",Reuters,dBD1pQ5gjbMGZHMP-h534ccjeVMTM
"UPDATE 1-Australian police arrest statistics bureau, NAB employees over  ...",Reuters,dBD1pQ5gjbMGZHMP-h534ccjeVMTM
"Australia statistics bureau employee, bank worker charged with insider trading",Reuters,dBD1pQ5gjbMGZHMP-h534ccjeVMTM
"Australia shares rise 0.8 pct, local jobs, China trade data support",Reuters,dBD1pQ5gjbMGZHMP-h534ccjeVMTM
UPDATE 2-Mortgage battle drives Australian bank margins toward new lows,Reuters,dBD1pQ5gjbMGZHMP-h534ccjeVMTM
"REFILE-Australia shares gain on NAB, jobs data, investors cautious over Ukraine",Reuters,dBD1pQ5gjbMGZHMP-h534ccjeVMTM
NAB profit rises 16% as bad debts decline,MarketWatch,dBD1pQ5gjbMGZHMP-h534ccjeVMTM
"Australia shares seen rising from 3-week lows, eyes on NAB",Reuters,dBD1pQ5gjbMGZHMP-h534ccjeVMTM
National Australia Bank 1st-half profit up 8.5 pct,Reuters,dBD1pQ5gjbMGZHMP-h534ccjeVMTM
"WRAPUP 3-Fannie Mae, Freddie Mac post profits driven by legal settlements",Reuters,dcyLbiQc2fUnSVM2QTnFhuuscqU9M
Freddie Mac earnings down 12%,MarketWatch,dcyLbiQc2fUnSVM2QTnFhuuscqU9M
Freddie Mac to pay US Treasury $4.5 billion on quarterly profit,Reuters,dcyLbiQc2fUnSVM2QTnFhuuscqU9M
UPDATE 1-Fannie Mae to pay US Treasury $5.7 billion on quarterly profit,Reuters,dcyLbiQc2fUnSVM2QTnFhuuscqU9M
"Alibaba: Should eBay, Amazon worry? Not yet",MarketWatch,dKppHJH3n92PnuM8aNn1w2dPkylJM
Newscast: Alibaba IPO plans sink Yahoo stock,MarketWatch,dKppHJH3n92PnuM8aNn1w2dPkylJM
Yahoo slides on Alibaba valuation; Groupon tumbles,MarketWatch,dKppHJH3n92PnuM8aNn1w2dPkylJM
Techs tumble; investor warns of 'big pause',MarketWatch,dKppHJH3n92PnuM8aNn1w2dPkylJM
Beware: Alibaba IPO isn't really selling Alibaba,MarketWatch,dKppHJH3n92PnuM8aNn1w2dPkylJM
RPT-Alibaba's deal-making ripples across Silicon Valley,Reuters,dKppHJH3n92PnuM8aNn1w2dPkylJM
China's Alibaba embarks on US IPO journey,Reuters,dKppHJH3n92PnuM8aNn1w2dPkylJM
"UPDATE 1-Snapchat settles with FTC, faces 20 years privacy oversight",Reuters,duHeeI-PN01gWQMgXJ-AnJl_t1zSM
Snapchat misled users on disappearing messages,MarketWatch,duHeeI-PN01gWQMgXJ-AnJl_t1zSM
Apple in talks to buy Dr. Dre's Beats for $3.2 billion,MarketWatch,dDVWhXW03lIhVNMpnJWK91cj82iSM
Apple close to buying Beats for $3.2 billion: source,Reuters,dDVWhXW03lIhVNMpnJWK91cj82iSM
"US STOCKS SNAPSHOT-Dow closes at a record high, buoyed by IBM",Reuters,dBLe5HmogoMp3wMOx66xlZd6YQ-gM
"Stocks rise; Dow sets record, Nasdaq sees weekly fall",MarketWatch,dBLe5HmogoMp3wMOx66xlZd6YQ-gM
Fed could ditch flawed 'dots' rates forecasts: Fisher,Reuters,dnNFZFPPEKmIc4MQWzF0NV1IVNwGM
UPDATE 1-Fed could ditch flawed 'dots' rates forecasts -Fisher,Reuters,dnNFZFPPEKmIc4MQWzF0NV1IVNwGM
Fisher: Fed intensely discussing role of repo facility in policy,Reuters,dnNFZFPPEKmIc4MQWzF0NV1IVNwGM
Fed bond buying should end in October: Fisher,MarketWatch,dnNFZFPPEKmIc4MQWzF0NV1IVNwGM
Alcatel-Lucent first-quarter loss narrows,MarketWatch,de399DJBp_HRq7MH09t6a4iNOfo4M
"UPDATE 2-Alcatel-Lucent cuts Q1 loss, pursues turnaround",Reuters,de399DJBp_HRq7MH09t6a4iNOfo4M
Alcatel-Lucent swings to Q1 loss on restructuring costs,Reuters,de399DJBp_HRq7MH09t6a4iNOfo4M
"GLOBAL MARKETS-US stocks rise, push Dow to record; euro slips on ECB view",Reuters,dibPrncWSnfQ6yMpAIzIKB9Std9CM
"GLOBAL MARKETS-Dollar gains on ECB stimulus talk, stocks decline",Reuters,dibPrncWSnfQ6yMpAIzIKB9Std9CM
FOREX-Draghi's warnings deflate euro but dollar's rise seen limited,Reuters,dibPrncWSnfQ6yMpAIzIKB9Std9CM
"US STOCKS-Wall St near flat; Apple off, but momentum shares rebound",Reuters,dibPrncWSnfQ6yMpAIzIKB9Std9CM
"Prospects of ECB easing drive Spain, Italy yields to record lows",Reuters,dibPrncWSnfQ6yMpAIzIKB9Std9CM
FOREX-Draghi's warnings deflate euro but dollar's rise seen as limited,Reuters,dibPrncWSnfQ6yMpAIzIKB9Std9CM
Euro drops through $1.38 to one-month low,MarketWatch,dibPrncWSnfQ6yMpAIzIKB9Std9CM
FOREX-Euro slips further but little faith in dollar rally,Reuters,dibPrncWSnfQ6yMpAIzIKB9Std9CM
FOREX-Euro steadies after slumping on dovish Draghi comments,Reuters,dibPrncWSnfQ6yMpAIzIKB9Std9CM
FOREX-Dollar gains against euro as Draghi hints at action,Reuters,dibPrncWSnfQ6yMpAIzIKB9Std9CM
ECB's Draghi says critics should not threaten bank's independence,Reuters,dibPrncWSnfQ6yMpAIzIKB9Std9CM
Netflix hikes US subscription price by $1 a month,Reuters,dwQaLSc8LdInxTM9FZTssIgADllfM
Netflix confirms $1-a-month price hike,MarketWatch,dwQaLSc8LdInxTM9FZTssIgADllfM
Apple's bid for Beats: the day the download died?,MarketWatch,d6AQbJ0OqfqfOrMhK1IjZUXUmoL3M
Not even Dr. Dre can make Apple cool again,MarketWatch,d6AQbJ0OqfqfOrMhK1IjZUXUmoL3M
REFILE-UPDATE 2-Apple close to buying Beats for $3.2 bln -source,Reuters,d6AQbJ0OqfqfOrMhK1IjZUXUmoL3M
Pandora valuation may rise with Apple-Beats deal,MarketWatch,d6AQbJ0OqfqfOrMhK1IjZUXUmoL3M
The stock market is ripe to fall,MarketWatch,d6AQbJ0OqfqfOrMhK1IjZUXUmoL3M
Apple can't get its groove back by buying Beats,MarketWatch,d6AQbJ0OqfqfOrMhK1IjZUXUmoL3M
US STOCKS-Apple weighs on Wall St; Nasdaq set for worst week in four,Reuters,d_ugw604zjOUMVMYruPgi1e2i0ayM
CORRECTED-US STOCKS-Futures dip; Nasdaq set for worst weekly loss in four,Reuters,d_ugw604zjOUMVMYruPgi1e2i0ayM
"US stocks fall, on track to end week in the red",MarketWatch,d_ugw604zjOUMVMYruPgi1e2i0ayM
US stock futures trim loss; tech loses for week,MarketWatch,d_ugw604zjOUMVMYruPgi1e2i0ayM
UPDATE 1-Hillshire to buy Pinnacle Foods in $6.6 bln deal,Reuters,dBaoKOqq_VPXxWMRnKUudrInTKVsM
"Hillshire, Pinnacle rise on deal; Gogo up on earnings",MarketWatch,dBaoKOqq_VPXxWMRnKUudrInTKVsM
"US STOCKS-Wall St rises at open, S&P 500 near record",Reuters,dlA_DxI31FljM5MAKEFM7yOCaKwPM
"US STOCKS SNAPSHOT-Wall St edges up, pushing S&P 500 near record",Reuters,dlA_DxI31FljM5MAKEFM7yOCaKwPM
"Wall Street edges up, pushing S&P 500 near record",Reuters,dlA_DxI31FljM5MAKEFM7yOCaKwPM
US stocks rally; Dow sets intraday high,MarketWatch,dlA_DxI31FljM5MAKEFM7yOCaKwPM
"US STOCKS-Futures point to higher open, S&P 500 near record",Reuters,dlA_DxI31FljM5MAKEFM7yOCaKwPM
"US STOCKS-Futures rise, S&P 500 near record",Reuters,dlA_DxI31FljM5MAKEFM7yOCaKwPM
Dollar snaps three-day win streak against euro,MarketWatch,dD9KiKxKgLuWRPM28WVjw7zq_jrwM
Ukraine crisis complicates German-French spat over euro,MarketWatch,dD9KiKxKgLuWRPM28WVjw7zq_jrwM
"FOREX-Euro gains foothold, eyes on ECB speakers",Reuters,dD9KiKxKgLuWRPM28WVjw7zq_jrwM
FOREX-Euro stabilises but still in the doldrums on ECB threat,Reuters,dD9KiKxKgLuWRPM28WVjw7zq_jrwM
UPDATE 2-BSkyB in talks to unite Murdoch's pay-TV businesses in Europe,Reuters,dysDyHADszIP0MMy5xERBEYEq-M7M
European stocks gain as miners upgraded; BSkyB declines,MarketWatch,dysDyHADszIP0MMy5xERBEYEq-M7M
"Rio Tinto rises in U.K. trade, but BSkyB falls",MarketWatch,dysDyHADszIP0MMy5xERBEYEq-M7M
BSkyB looks to buy pay-TV units from 21st Century Fox,MarketWatch,dysDyHADszIP0MMy5xERBEYEq-M7M
"European stocks gain as Rio Tinto, miners are upgraded",MarketWatch,dysDyHADszIP0MMy5xERBEYEq-M7M
European stocks gain; Sky Deutschland soars on deal talk,MarketWatch,dysDyHADszIP0MMy5xERBEYEq-M7M
FOREX-Euro stabilises for now but seen shackled by ECB prospects,Reuters,dS054_tvwicthCMDgBeAn9VFPA7JM
"FOREX-Euro holds line on dollar, drops against sterling",Reuters,dS054_tvwicthCMDgBeAn9VFPA7JM
Dollar falls against pound; ECB comments in focus,MarketWatch,dS054_tvwicthCMDgBeAn9VFPA7JM
"GLOBAL MARKETS-Talk of ECB easing props up shares, holds back euro",Reuters,dS054_tvwicthCMDgBeAn9VFPA7JM
"UPDATE 1-Nowotny says would prefer ""package"" of ECB measures",Reuters,dS054_tvwicthCMDgBeAn9VFPA7JM
ECB's Constancio sees inflation below 1 pct for some time,Reuters,dS054_tvwicthCMDgBeAn9VFPA7JM
Medium-term inflation to sway next ECB decision,MarketWatch,dS054_tvwicthCMDgBeAn9VFPA7JM
Mid-term inflation projections key to ECB action-Constancio,Reuters,dS054_tvwicthCMDgBeAn9VFPA7JM
UPDATE 2-Elizabeth Arden to explore strategic options as sales plunge,Reuters,dkZP9QS5ffbw_sM0xqxl09LoOyNqM
Elizabeth Arden shares slump 16% as loss widens,MarketWatch,dkZP9QS5ffbw_sM0xqxl09LoOyNqM
Elizabeth Arden shares slump 30% as loss widens,MarketWatch,dkZP9QS5ffbw_sM0xqxl09LoOyNqM
UPDATE 2-China c.bank tells banks to quicken mortgage lending-sources,Reuters,d--wbowLE_mEcaMG2HSlJBQmHDBVM
China loans slow in April,MarketWatch,d--wbowLE_mEcaMG2HSlJBQmHDBVM
"China April bank lending disappoints, money growth picks up",Reuters,d--wbowLE_mEcaMG2HSlJBQmHDBVM
China April new bank lending 774.7 bln yuan,Reuters,d--wbowLE_mEcaMG2HSlJBQmHDBVM
China April fiscal revenues up 9.2 percent year-on-year,Reuters,d--wbowLE_mEcaMG2HSlJBQmHDBVM
China April fiscal revenues up 9.2 pct yr/yr,Reuters,d--wbowLE_mEcaMG2HSlJBQmHDBVM
"US STOCKS-Dow, S&P 500 end at record highs; DirecTV up late",Reuters,dN2LOb5utlNL28Mq0G0OTXMBqQskM
"US STOCKS-Dow, S&P 500 end at record highs; Internet names jump",Reuters,dN2LOb5utlNL28Mq0G0OTXMBqQskM
"US STOCKS SNAPSHOT-Dow, S&P 500 close at record highs",Reuters,dN2LOb5utlNL28Mq0G0OTXMBqQskM
US STOCKS-Dow hits record; Internet names advance,Reuters,dN2LOb5utlNL28Mq0G0OTXMBqQskM
US STOCKS-Wall St advances in broad rally; S&P 500 near record,Reuters,dN2LOb5utlNL28Mq0G0OTXMBqQskM
"Stock market live blog: Small stocks rally; Dow, S&P 500 hit records",MarketWatch,dN2LOb5utlNL28Mq0G0OTXMBqQskM
"Stock market live blog: Small stocks rally; Dow, S&P 500 hit records",MarketWatch,dN2LOb5utlNL28Mq0G0OTXMBqQskM
"US STOCKS-Futures point to higher open, S&P 500 near record",Reuters,dN2LOb5utlNL28Mq0G0OTXMBqQskM
Allergan formally rejects Valeant's $46 bln bid,MarketWatch,dzvg47oBo7aKbXMhmEXX3NvBP_mLM
UPDATE 1-Ackman asks for Allergan's stockholder list,Reuters,dzvg47oBo7aKbXMhmEXX3NvBP_mLM
Samsung Elec jumps over 4 pct on restructuring speculation,Reuters,drHTMFoUgnyp66Mcr8SPQgVX_Q34M
"S.Korean stocks rise for 3rd day on Samsung Elec rally, won flat",Reuters,drHTMFoUgnyp66Mcr8SPQgVX_Q34M
Samsung Chairman Lee Kun-hee hospitalized,MarketWatch,drHTMFoUgnyp66Mcr8SPQgVX_Q34M
UPDATE 2-SAC's Steinberg gets 3-1/2 years prison for insider trading,Reuters,dQSb95XREpqpurMW-SwAf3xOSMvtM
Fmr. SAC portfolio manager Steinberg gets 42 months in prison,MarketWatch,dQSb95XREpqpurMW-SwAf3xOSMvtM
"UPDATE 1-New York Times publisher denies sexism, calls Abramson bad  ...",Reuters,du8IiUdSFpfToYMZjDU1_k4B2pMNM
COLUMN-How to answer the Jill Abramson equal pay question: Brill,Reuters,du8IiUdSFpfToYMZjDU1_k4B2pMNM
Jill Abramson's ouster: The real media scandal,MarketWatch,du8IiUdSFpfToYMZjDU1_k4B2pMNM
Fitch: Proposed Net Neutrality Rule Puts Cable/Telecom on Hold,MarketWatch,duoyAwRXp-a3WiM9AJda6uF0yzRQM
UPDATE 4-Darden books $2.1 bln price for Red Lobster seafood chain,Reuters,duoyAwRXp-a3WiM9AJda6uF0yzRQM
Darden to sell Red Lobster seafood chain for $2.1 bln,Reuters,duoyAwRXp-a3WiM9AJda6uF0yzRQM
"Gold futures slip back, but score weekly gain",MarketWatch,dsrUAQkhGwiw4HMekSW2Athr-ZImM
PRECIOUS-Gold holds below $1300 on solid US data,Reuters,dsrUAQkhGwiw4HMekSW2Athr-ZImM
Gold settles lower after jump in consumer prices,MarketWatch,dsrUAQkhGwiw4HMekSW2Athr-ZImM
"PRECIOUS-Platinum, palladium rise on supply fears; gold eases",Reuters,dsrUAQkhGwiw4HMekSW2Athr-ZImM
Volatility knocks,MarketWatch,dmRpYEWXwL9-LpM-nDxSTdZU2RvhM
"UPDATE 3-Wal-Mart sales growth weakest in 5 years, outlook disappoints",Reuters,dmRpYEWXwL9-LpM-nDxSTdZU2RvhM
Wal-Mart profit falls 5 pct as severe winter deters shoppers,Reuters,dmRpYEWXwL9-LpM-nDxSTdZU2RvhM
US STOCKS-Futures little changed ahead of data; Wal-Mart earnings disappoint,Reuters,dmRpYEWXwL9-LpM-nDxSTdZU2RvhM
"Wal-Mart profit, sales fall short of estimates",MarketWatch,dmRpYEWXwL9-LpM-nDxSTdZU2RvhM
Wal-Mart's earnings say a lot about other companies,MarketWatch,dmRpYEWXwL9-LpM-nDxSTdZU2RvhM
AT&T nears DirecTV purchase in new jolt to TV landscape,Reuters,dTkSuW4xTWuo2JMC1z_V5DueMscrM
AT&T set to pay mid-$90s per share for DirecTV,MarketWatch,dTkSuW4xTWuo2JMC1z_V5DueMscrM
UPDATE 3-AT&T nears DirecTV purchase in new jolt to TV landscape,Reuters,dTkSuW4xTWuo2JMC1z_V5DueMscrM
"Penney's sales top expectations, shares jump",MarketWatch,ddjUIDjB840OthMTLYk20MpKZ8CWM
"JC Penney quarterly sales rise 6.3 pct, shares surge",Reuters,ddjUIDjB840OthMTLYk20MpKZ8CWM
"JC Penney earnings: margins, turnaround news key",MarketWatch,ddjUIDjB840OthMTLYk20MpKZ8CWM
"UPDATE 2-Apple, Google settle smartphone patent litigation",Reuters,d_TPCK7BiHMWTPM5FlTIWSFjnBdDM
Apple and Google agree to dismiss all lawsuits,MarketWatch,d_TPCK7BiHMWTPM5FlTIWSFjnBdDM
"UPDATE 1-Apple, Google settle smartphone patent litigation",Reuters,d_TPCK7BiHMWTPM5FlTIWSFjnBdDM
UPDATE 2-US court refuses to revive Samsung patent case against Apple,Reuters,d_TPCK7BiHMWTPM5FlTIWSFjnBdDM
US STOCKS-Wall St set for lower open as Wal-Mart weighs,Reuters,dmRpYEWXwL9-LpMXlAZ-WteJYcJ8M
"Macy's, Deere, Cisco are stocks to watch",MarketWatch,dmRpYEWXwL9-LpMXlAZ-WteJYcJ8M
Home builders most pessimistic in a year,MarketWatch,dyBVI6qdOVYRytM6YVu7qUSLvoMAM
Home builder sentiment slips to a year low in May,Reuters,dyBVI6qdOVYRytM6YVu7qUSLvoMAM
Uber in talks to secure new funding at $10 billion-plus valuation - Bloomberg,Reuters,djHD78zW1kgjQvMyBWh1wu-lhf06M
Uber in funding talks that may value it at $10 billion-plus: Bloomberg,MarketWatch,djHD78zW1kgjQvMyBWh1wu-lhf06M
"UPDATE 1-Buffett's Berkshire Hathaway buys stake in Verizon, adds to Wal-Mart",Reuters,dEaQW05UsmkMImMtwrGWYUIg393pM
"Buffett buys into Verizon, reduces GM stake",MarketWatch,dEaQW05UsmkMImMtwrGWYUIg393pM
AstraZeneca weighs on Stoxx 600 after rebuffing Pfizer,MarketWatch,de91fum9ou6PwLMGJpwr1Iv5tbcTM
US STOCKS-Wall Street set to dip at open on growth concerns,Reuters,de91fum9ou6PwLMGJpwr1Iv5tbcTM
"AstraZeneca, AT&T, Campbell Soup fall",MarketWatch,de91fum9ou6PwLMGJpwr1Iv5tbcTM
UPDATE 9-AstraZeneca rejects Pfizer's take-it-or-leave-it offer,Reuters,de91fum9ou6PwLMGJpwr1Iv5tbcTM
US STOCKS-Futures retreat as growth concerns weigh,Reuters,de91fum9ou6PwLMGJpwr1Iv5tbcTM
Deals of the day- Mergers and acquisitions,Reuters,de91fum9ou6PwLMGJpwr1Iv5tbcTM
"Jupiter ""disappointed"" at AstraZeneca's rejection of Pfizer bid",Reuters,de91fum9ou6PwLMGJpwr1Iv5tbcTM
Shareholders disappointed by AstraZeneca rejection of Pfizer,Reuters,de91fum9ou6PwLMGJpwr1Iv5tbcTM
"FTSE 100 yanked lower by AstraZeneca, miners",MarketWatch,de91fum9ou6PwLMGJpwr1Iv5tbcTM
RPT-Fitch: Capital Increase to Aid Deutsche Bank's Manoeuvrability,Reuters,d00cInYMRHLlE8MjJH5RWuRePdmMM
"Factbox: Threat of fines, litigation stalks Deutsche Bank",Reuters,d00cInYMRHLlE8MjJH5RWuRePdmMM
UPDATE 4-Deutsche Bank to raise $11 bln with help from Qatar,Reuters,d00cInYMRHLlE8MjJH5RWuRePdmMM
Qatar pledged to take up rights in issue - Deutsche Bank CFO,Reuters,d00cInYMRHLlE8MjJH5RWuRePdmMM
Deutsche Bank says cap hike not demanded by regulators,Reuters,d00cInYMRHLlE8MjJH5RWuRePdmMM
Deutsche Bank plans to raise $11 billion in share sale,MarketWatch,d00cInYMRHLlE8MjJH5RWuRePdmMM
AstraZeneca weighs on Europe shares as it rejects Pfizer bid,Reuters,d00cInYMRHLlE8MjJH5RWuRePdmMM
Deutsche Bank investment banking revenues may shrink in Q2 - CFO,Reuters,d00cInYMRHLlE8MjJH5RWuRePdmMM
Deutsche Bank sets June 4 to price equity issue - slides,Reuters,d00cInYMRHLlE8MjJH5RWuRePdmMM
UPDATE 4-Deutsche Bank enlists Qatar in $11 bln capital hike,Reuters,d00cInYMRHLlE8MjJH5RWuRePdmMM
Deutsche Bank to raise more than $10 billion,MarketWatch,d00cInYMRHLlE8MjJH5RWuRePdmMM
Asia stocks fall; Shanghai and Sydney lead retreat,MarketWatch,d77FOoidVTM_KCMtUPW86iPeYKyPM
Hong Kong H-shares down on weaker China financial sector,Reuters,d77FOoidVTM_KCMtUPW86iPeYKyPM
Shanghai shares end at 3-week low on new bank rules and weak data,Reuters,d77FOoidVTM_KCMtUPW86iPeYKyPM
China real-estate market cools further,MarketWatch,d77FOoidVTM_KCMtUPW86iPeYKyPM
China property market cools further,MarketWatch,d77FOoidVTM_KCMtUPW86iPeYKyPM
PRESS DIGEST - Hong Kong - May 19,Reuters,d77FOoidVTM_KCMtUPW86iPeYKyPM
Euro-zone construction weakens in March,MarketWatch,dVtcLxRzbdYY0zMtSzM9gaeB_14OM
Central banks in Europe to coordinate on gold: ECB,MarketWatch,dVtcLxRzbdYY0zMtSzM9gaeB_14OM
"FOREX-Euro off to subdued start, PMIs in focus this week",Reuters,dVtcLxRzbdYY0zMtSzM9gaeB_14OM
GLOBAL ECONOMY WEEKAHEAD-No sign of major central banks tightening  ...,Reuters,dVtcLxRzbdYY0zMtSzM9gaeB_14OM
"Credit Suisse CEO says ""very committed"" to Swiss bank",Reuters,ds-TCBNxLP7-SlMB9-lOWovTLSE_M
SNB: no change to relationship with C. Suisse after guilty plea,Reuters,ds-TCBNxLP7-SlMB9-lOWovTLSE_M
Credit Suisse sees no impact on business from US tax settlement,Reuters,ds-TCBNxLP7-SlMB9-lOWovTLSE_M
UPDATE 5-Credit Suisse escapes worst as it pleads guilty to US charges,Reuters,ds-TCBNxLP7-SlMB9-lOWovTLSE_M
Swiss regulator says Credit Suisse management didn't know of misconduct,Reuters,ds-TCBNxLP7-SlMB9-lOWovTLSE_M
Credit Suisse pleads guilty to aiding tax evasion,MarketWatch,ds-TCBNxLP7-SlMB9-lOWovTLSE_M
Credit Suisse: Deal to cut $1.8 bln from profit,MarketWatch,ds-TCBNxLP7-SlMB9-lOWovTLSE_M
Swiss regulator says CSuisse management didn't know of misconduct,Reuters,ds-TCBNxLP7-SlMB9-lOWovTLSE_M
Swiss stocks - Factors to watch on May 20,Reuters,ds-TCBNxLP7-SlMB9-lOWovTLSE_M
Credit Suisse guilty plea likely to be announced Monday,Reuters,ds-TCBNxLP7-SlMB9-lOWovTLSE_M
"European shares slip, Vodafone drops after results",Reuters,d5U_wamCIMERFaMINjAWXKgW9PJcM
UPDATE 2-Vodafone sees 2015 earnings hit by network investment,Reuters,d5U_wamCIMERFaMINjAWXKgW9PJcM
Vodafone sees 2015 earnings hit by network investment,Reuters,d5U_wamCIMERFaMINjAWXKgW9PJcM
Vodafone boosted by Verizon deal,MarketWatch,d5U_wamCIMERFaMINjAWXKgW9PJcM
UPDATE 1-Wearable camera maker GoPro files to go public,Reuters,dcBdM84HcjMMxeMvRj2J9-k-HJsaM
GoPro reveals IPO papers,MarketWatch,dcBdM84HcjMMxeMvRj2J9-k-HJsaM
UPDATE 3-Target replaces president of money-losing Canadian unit,Reuters,dkCrbRTgV1LynRMI5mMzN-48b-B0M
Target names new head of troubled Canadian operations,Reuters,dkCrbRTgV1LynRMI5mMzN-48b-B0M
Target replaces president of Canadian business,MarketWatch,dkCrbRTgV1LynRMI5mMzN-48b-B0M
PRECIOUS-Platinum gains on supply worries; gold treads water below $1300,Reuters,dF5bW8bFaCOF4XMOT6PobLBIeklNM
Demand data fail to give gold much of a boost,MarketWatch,dF5bW8bFaCOF4XMOT6PobLBIeklNM
Gold holds to tight range after demand data,MarketWatch,dF5bW8bFaCOF4XMOT6PobLBIeklNM
PRECIOUS-Platinum firm on South African strikes; gold eases below $1300,Reuters,dF5bW8bFaCOF4XMOT6PobLBIeklNM
PRECIOUS-Platinum extends gains on South African strikes; gold firm,Reuters,dF5bW8bFaCOF4XMOT6PobLBIeklNM
Gold settles with a gain after two session decline,MarketWatch,dF5bW8bFaCOF4XMOT6PobLBIeklNM
PRECIOUS-Gold slips on economic optimism; platinum adds to gains,Reuters,dF5bW8bFaCOF4XMOT6PobLBIeklNM
Home Depot says May sales 'robust' on post-winter demand,Reuters,d8HxQRr1Yqou3aMiE3mut7cla4lBM
"UPDATE 3-Home Depot says May sales ""robust"" on post-winter demand",Reuters,d8HxQRr1Yqou3aMiE3mut7cla4lBM
CORRECTED-UPDATE 2-Slow start to spring selling season hurts Home Depot  ...,Reuters,d8HxQRr1Yqou3aMiE3mut7cla4lBM
US stock futures waver; Home Depot results miss mark,MarketWatch,d8HxQRr1Yqou3aMiE3mut7cla4lBM
"Home Depot profit, sales fall short of estimates",MarketWatch,d8HxQRr1Yqou3aMiE3mut7cla4lBM
"Home Depot profit grows, but misses views",MarketWatch,d8HxQRr1Yqou3aMiE3mut7cla4lBM
Home Depot's first-quarter sales rise 2.9 pct,Reuters,d8HxQRr1Yqou3aMiE3mut7cla4lBM
"US stock futures slip ahead of Home Depot, Staples",MarketWatch,d8HxQRr1Yqou3aMiE3mut7cla4lBM
"Home Depot, Staples, Salesforce.com are stocks to watch",MarketWatch,d8HxQRr1Yqou3aMiE3mut7cla4lBM
"For Home Depot's earnings — well, it's complicated",MarketWatch,d8HxQRr1Yqou3aMiE3mut7cla4lBM
UPDATE 1-Salesforce.com raises forecast after revenue beats Street,Reuters,dhgkU8LXSWyd8jMS4dAvrp6mjMr8M
Salesforce.com loss widens but outlook lifts stock,MarketWatch,dhgkU8LXSWyd8jMS4dAvrp6mjMr8M
"Salesforce rallies, but Intuit tumbles",MarketWatch,dhgkU8LXSWyd8jMS4dAvrp6mjMr8M
"WRAPUP 1-Fed's Dudley sees ""relatively slow"" rate hike cycle",Reuters,dwMKM5kPWrIOj8Ml2CSOKwz46dKTM
"Dow ends at lowest level in 3 weeks as Plosser, retailers weigh: stock market  ...",MarketWatch,dwMKM5kPWrIOj8Ml2CSOKwz46dKTM
Fed's Dudley signals support for reverse repo tool,Reuters,dwMKM5kPWrIOj8Ml2CSOKwz46dKTM
Fed's Plosser: Massive bank reserves could trigger inflation,Reuters,dwMKM5kPWrIOj8Ml2CSOKwz46dKTM
Fed's Plosser says 'uncertainty' slowing US recovery,Reuters,dwMKM5kPWrIOj8Ml2CSOKwz46dKTM
"Treasurys rise on Dudley comments, positioning",MarketWatch,dwMKM5kPWrIOj8Ml2CSOKwz46dKTM
"UPDATE 1-NY Fed's Dudley says inflation drifting up, economic growth lagging",Reuters,dwMKM5kPWrIOj8Ml2CSOKwz46dKTM
Fed's Dudley says pace of rate hikes to be 'slow',MarketWatch,dwMKM5kPWrIOj8Ml2CSOKwz46dKTM
Fed's Dudley: Rate hike pace 'will be relatively slow',MarketWatch,dwMKM5kPWrIOj8Ml2CSOKwz46dKTM
Fed's Plosser: Rates may need to rise earlier if growth picks up,MarketWatch,dwMKM5kPWrIOj8Ml2CSOKwz46dKTM
Treasurys edge up ahead of Fed speakers,MarketWatch,dwMKM5kPWrIOj8Ml2CSOKwz46dKTM
Low interest rates have few fans,MarketWatch,dwMKM5kPWrIOj8Ml2CSOKwz46dKTM
Bank of England minutes show some members closer to voting for rate rise,Reuters,duVJvN92-QU5KFMWv3_ThxbESOoSM
UPDATE 1-Bank of England minutes show some members closer to voting for  ...,Reuters,duVJvN92-QU5KFMWv3_ThxbESOoSM
BOE minutes show first hint of votes for rate hike,MarketWatch,duVJvN92-QU5KFMWv3_ThxbESOoSM
Central banks can expect a bumpy ride: BOE's Bean,MarketWatch,duVJvN92-QU5KFMWv3_ThxbESOoSM
UPDATE 2-Tiffany raises forecast as new jewelry collections sparkle,Reuters,dwrKVe5CgTeKKCMrlSpYM4vMh37hM
UPDATE 1-Tiffany raises forecast as lower-priced jewelry woos US customers,Reuters,dwrKVe5CgTeKKCMrlSpYM4vMh37hM
Tiffany profit surges as sales grow in all regions,MarketWatch,dwrKVe5CgTeKKCMrlSpYM4vMh37hM
Staples sinks on earnings; GM slides on more recalls,MarketWatch,dgobBUztGHilmOM4ih0S-SJgdvzsM
UPDATE 2-Urban Outfitters' profit lags Street as costs rise,Reuters,dgobBUztGHilmOM4ih0S-SJgdvzsM
Urban Outfitters' profit falls 20 percent,Reuters,dgobBUztGHilmOM4ih0S-SJgdvzsM
Urban Outfitters shares fall on earnings miss,MarketWatch,dgobBUztGHilmOM4ih0S-SJgdvzsM
Urban Outfitters profit down 20% as costs rise,MarketWatch,dgobBUztGHilmOM4ih0S-SJgdvzsM
JPMorgan Chase pledges $100 mln to aid Detroit recovery,Reuters,dWOIBeWm__enNTMBBMybO_yJq__oM
Some J.P. Morgan shareholders aren't fools,MarketWatch,dWOIBeWm__enNTMBBMybO_yJq__oM
UPDATE 1-Target shows signs of turnaround as sales fall less than expected,Reuters,dtkDCRCL4dqsg1MJ87BpNPiNa4ApM
Target earnings drop 16% as data breach takes toll,MarketWatch,dtkDCRCL4dqsg1MJ87BpNPiNa4ApM
Target earnings fall 16% as fewer shoppers visit,MarketWatch,dtkDCRCL4dqsg1MJ87BpNPiNa4ApM
Target names new head of troubled Canadian operations,Reuters,dtkDCRCL4dqsg1MJ87BpNPiNa4ApM
Target Announces U.S. and Canada Leadership Changes to Drive Company's  ...,MarketWatch,dtkDCRCL4dqsg1MJ87BpNPiNa4ApM
"FOREX-Yen at 3-1/2 mth high on BOJ Kuroda's optimism, sterling shines",Reuters,dw51LrENjurxxbMmPZWWFfB10FOrM
"WRAPUP 3-BOJ offers brighter view on economy, dashes near-term policy  ...",Reuters,dw51LrENjurxxbMmPZWWFfB10FOrM
"BOJ offers brighter view on economy, dashes near-term policy easing hopes",Reuters,dw51LrENjurxxbMmPZWWFfB10FOrM
REUTERS INSIDER LIVE-Watch BOJ governor's press conference (Japanese  ...,Reuters,dw51LrENjurxxbMmPZWWFfB10FOrM
HIGHLIGHTS-BOJ Governor Kuroda comments at news conference,Reuters,dw51LrENjurxxbMmPZWWFfB10FOrM
"GLOBAL MARKETS-Wall Street gloom stifles Asian shares, dollar dips",Reuters,dw51LrENjurxxbMmPZWWFfB10FOrM
"Bank of Japan stands pat on policy, ups capex view",MarketWatch,dw51LrENjurxxbMmPZWWFfB10FOrM
"RPT-BOJ offers brighter view on capex, policy steady",Reuters,dw51LrENjurxxbMmPZWWFfB10FOrM
"FOREX-Wounded dollar eyes BOJ, Aussie slides to 2-week low",Reuters,dw51LrENjurxxbMmPZWWFfB10FOrM
Nikkei falls as BOJ awaited; construction equipment makers hit by Caterpillar,Reuters,dw51LrENjurxxbMmPZWWFfB10FOrM
"BOJ may offer brighter view on capex, policy on hold",Reuters,dw51LrENjurxxbMmPZWWFfB10FOrM
"FOREX-Aussie slides against dollar, eyes on ECB speakers",Reuters,dw51LrENjurxxbMmPZWWFfB10FOrM
"GLOBAL MARKETS-Asian shares edge down, dollar struggles",Reuters,dw51LrENjurxxbMmPZWWFfB10FOrM
"FOREX-BOJ's stance, falling global debt yields support yen",Reuters,dw51LrENjurxxbMmPZWWFfB10FOrM
"FOREX-Yen buoyed by BOJ's stance, falling global yields",Reuters,dw51LrENjurxxbMmPZWWFfB10FOrM
CORRECTED-UPDATE 3-EBay says client information stolen in hacking attack,Reuters,dOgKaE8Yc13Gx_MIqdQO0yShye5qM
EBay asks users to change passwords after hack attack,MarketWatch,dOgKaE8Yc13Gx_MIqdQO0yShye5qM
Euro-zone business activity slows in May,MarketWatch,dtPhHPddwVSZxEMKNp9zEp0kqCNQM
German business activity holds steady in May: Markit,MarketWatch,dtPhHPddwVSZxEMKNp9zEp0kqCNQM
PRECIOUS-Gold inches down as fund outflows gather pace,Reuters,dtPhHPddwVSZxEMKNp9zEp0kqCNQM
China manufacturing data blows past forecasts,MarketWatch,dhZ_KtMiHhG0DQMISnJ-wO1Ebz6WM
HSBC China manufacturing PMI rises,MarketWatch,dhZ_KtMiHhG0DQMISnJ-wO1Ebz6WM
"GLOBAL ECONOMY-China, Japan factory output improves, but still contracting",Reuters,dhZ_KtMiHhG0DQMISnJ-wO1Ebz6WM
"UPDATE 1-China HSBC flash PMI at five-month high of 49.7, orders rebound but  ...",Reuters,dhZ_KtMiHhG0DQMISnJ-wO1Ebz6WM
GLOBAL MARKETS- Steady growth signs lift European stocks and bonds,Reuters,diFn0RQkzXJMpPM0YhGyH5-bv2HQM
European stocks wobble with EU elections in sight,MarketWatch,diFn0RQkzXJMpPM0YhGyH5-bv2HQM
UPDATE 1-Putin ally expects flurry of China deals in new role,Reuters,dsRPIzRD3noD3KMiA_ckpFaeGC9JM
RPT-Fitch: China Deal Can Aid Gazprom Without Hurting Europe Export,Reuters,dsRPIzRD3noD3KMiA_ckpFaeGC9JM
FACTBOX-Details of Russia-China gas deal,Reuters,dsRPIzRD3noD3KMiA_ckpFaeGC9JM
RPT-CNPC-Gazprom Deal a Medium-Term Positive for China's Gas Sector,Reuters,dsRPIzRD3noD3KMiA_ckpFaeGC9JM
UPDATE 1-Kerry says Russia-China gas deal not linked to Ukraine,Reuters,dsRPIzRD3noD3KMiA_ckpFaeGC9JM
"Russia, China fail to reach gas deal",MarketWatch,dsRPIzRD3noD3KMiA_ckpFaeGC9JM
UPDATE 4-HP may cut up to 16000 more jobs as results disappoint,Reuters,dDNMBBtcy9cUvoMBnYTq2NHbe0b9M
"HP reports higher profit, will slash more jobs",MarketWatch,dDNMBBtcy9cUvoMBnYTq2NHbe0b9M
UPDATE 3-HP may cut up to 16000 more jobs as results disappoint,Reuters,dDNMBBtcy9cUvoMBnYTq2NHbe0b9M
McDonald's CEO defends marketing to kids,MarketWatch,d-8KcZQg2n73wrMvmqQ1unt8d42DM
UPDATE 1-McDonald's shareholders approve chain's executive compensation,Reuters,d-8KcZQg2n73wrMvmqQ1unt8d42DM
UPDATE 3-Shares of China's JD.com climb in US market debut,Reuters,dAvzDqLvyzLK2lMRSHAQjMk17lhfM
JD.com bonus for CEO Liu raises governance concerns,Reuters,dAvzDqLvyzLK2lMRSHAQjMk17lhfM
UPDATE 2-JD.com bonus for CEO Liu raises governance concerns,Reuters,dAvzDqLvyzLK2lMRSHAQjMk17lhfM
"CORRECTED-UPDATE 3-China's JD.com IPO raises $1.78 bln, augurs well for  ...",Reuters,dAvzDqLvyzLK2lMRSHAQjMk17lhfM
"China's JD.com IPO raises $1.78 billion, augurs well for Alibaba",Reuters,dAvzDqLvyzLK2lMRSHAQjMk17lhfM
"JD.com IPO a hit, seen as proxy for Alibaba",MarketWatch,dAvzDqLvyzLK2lMRSHAQjMk17lhfM
Shares of China's JD.com soar 17 pct in market debut,Reuters,dAvzDqLvyzLK2lMRSHAQjMk17lhfM
"UPDATE 2-China's JD.com prices IPO above expectations, bodes well for Alibaba",Reuters,dAvzDqLvyzLK2lMRSHAQjMk17lhfM
"China's JD.com prices IPO above expectations, bodes well for Alibaba",Reuters,dAvzDqLvyzLK2lMRSHAQjMk17lhfM
JD.com IPO priced above range at $19 - underwriters,Reuters,dAvzDqLvyzLK2lMRSHAQjMk17lhfM
"UPDATE 2-GameStop revenue rises as demand for new consoles, mobile grows",Reuters,d9wr3dCvr3Vb2QMfRACR7GNfEuyEM
GameStop revenue rises 7 pct due to new console demand,Reuters,d9wr3dCvr3Vb2QMfRACR7GNfEuyEM
GameStop first-quarter profit rises 25%,MarketWatch,d9wr3dCvr3Vb2QMfRACR7GNfEuyEM
"With Hess deal, Marathon fuel traders gain big East Coast foothold",Reuters,dr9-nhl7NdG4ieM1-XXB0W177eqYM
"With Hess deal, Marathon fuel traders gain big E.Coast foothold",Reuters,dr9-nhl7NdG4ieM1-XXB0W177eqYM
UPDATE 3-Marathon Petroleum to buy Hess's retail business for $2.87 bln,Reuters,dr9-nhl7NdG4ieM1-XXB0W177eqYM
Marathon to buy Hess retail arm for $2.6 billion,MarketWatch,dr9-nhl7NdG4ieM1-XXB0W177eqYM
REFILE-Facebook narrows audience that sees new users' first posts,Reuters,dH6WrL6-XKOkzdMM-Ww3fLTvNzNtM
Facebook wants you to think hard before you share,MarketWatch,dH6WrL6-XKOkzdMM-Ww3fLTvNzNtM
UPDATE 3-Barclays slapped with $44 mln fine over gold price fix,Reuters,dFQQ1tx-05l7Z2Mi4lmD2qRdUDy1M
"Barclays shares rise, bucking losses on FTSE 100",MarketWatch,dFQQ1tx-05l7Z2Mi4lmD2qRdUDy1M
UPDATE 1-Samsung may unveil 'watch-phone' as early as June -WSJ,Reuters,dP6Pdj4P7vRHcRMDTrRLgqrSKWemM
Samsung to introduce stand-alone Smartwatch,MarketWatch,dP6Pdj4P7vRHcRMDTrRLgqrSKWemM
Investing in a hedge fund isn't really worth the bother,MarketWatch,dVHbwbzWB8INhmMeX8ZxODpk9oTCM
UPDATE 1-Ex-SAC Capital exec's hedge fund boosts Asian start-up pipeline,Reuters,dVHbwbzWB8INhmMeX8ZxODpk9oTCM
Former SAC Capital fund manager Xu to launch hedge fund -sources,Reuters,dVHbwbzWB8INhmMeX8ZxODpk9oTCM
3 bullish moves by hedge fund Millennium Management,MarketWatch,dVHbwbzWB8INhmMeX8ZxODpk9oTCM
"FOREX-Euro falls to 3-month low on German data, EU election uncertainty",Reuters,dbkKKGvmco5W-0MBu5Xnw9dtIrqJM
European stocks wobble; German Ifo data disappoint,MarketWatch,dbkKKGvmco5W-0MBu5Xnw9dtIrqJM
UPDATE 2-German economy to slow after strongest quarter in 3 yrs in Q1,Reuters,dbkKKGvmco5W-0MBu5Xnw9dtIrqJM
German Ifo index disappoints with fall in May,MarketWatch,dbkKKGvmco5W-0MBu5Xnw9dtIrqJM
European stocks wobble; German Ifo data disappoints,MarketWatch,dbkKKGvmco5W-0MBu5Xnw9dtIrqJM
Investment and consumers drive German Q1 growth to 3-yr high,Reuters,dbkKKGvmco5W-0MBu5Xnw9dtIrqJM
German GDP growth confirmed for first quarter,MarketWatch,dbkKKGvmco5W-0MBu5Xnw9dtIrqJM
Italy and Spain underperform as European equities edge up,Reuters,dbkKKGvmco5W-0MBu5Xnw9dtIrqJM
"S&P 500 ends at record on housing, HP; transports fly",Reuters,deZNJZ6HJbHr9xMJclJdFBMFF8oLM
"US STOCKS-S&P 500 ends at record on housing, HP; transports fly",Reuters,deZNJZ6HJbHr9xMJclJdFBMFF8oLM
"US STOCKS SNAPSHOT-S&P 500 ends at record high; housing, HP help",Reuters,deZNJZ6HJbHr9xMJclJdFBMFF8oLM
US stocks rise; S&P 500 hits 1900,MarketWatch,deZNJZ6HJbHr9xMJclJdFBMFF8oLM
US STOCKS-S&P 500 on path to new closing high; homebuilders lead,Reuters,deZNJZ6HJbHr9xMJclJdFBMFF8oLM
US stocks edge higher; S&P nears record level,MarketWatch,deZNJZ6HJbHr9xMJclJdFBMFF8oLM
US STOCKS-Wall St to open flat ahead of new home sales data,Reuters,deZNJZ6HJbHr9xMJclJdFBMFF8oLM
US STOCKS-Futures edge higher; new home sales data on tap,Reuters,deZNJZ6HJbHr9xMJclJdFBMFF8oLM
RPT-Wall St Week Ahead-Fear strikes out on Wall Street,Reuters,dTBOUwDhRd1uXWMhUt1fthQh22viM
Should you sell short a dull stock market this summer?,MarketWatch,dTBOUwDhRd1uXWMhUt1fthQh22viM
UPDATE 1-BOJ's Iwata signals chance of tapering if economy overheats,Reuters,dTkQjl4yJ88sSEM39RITqLZ2QnsyM
Bank of Japan chief signals impatience with Abe government,MarketWatch,dTkQjl4yJ88sSEM39RITqLZ2QnsyM
FOREX-Euro roughly flat after Eurosceptic surge,Reuters,djOPh04WnN4_fmMi97wZVdgMjseYM
ECB's Draghi: Low inflation could delay spending,MarketWatch,djOPh04WnN4_fmMi97wZVdgMjseYM
"FOREX-Euro wallows near lows, ECB Draghi speech awaited",Reuters,djOPh04WnN4_fmMi97wZVdgMjseYM
Sony signs video-game deal with Oriental Pearl,MarketWatch,dEftysQ9yeuUWXMsEDcrJ5jHz_tMM
"UPDATE 1-Sony, Shanghai Oriental Pearl to set up China PlayStation JVs",Reuters,dEftysQ9yeuUWXMsEDcrJ5jHz_tMM
France shaken by National Front 'earthquake',MarketWatch,diX7JW3Zl5pjQWMtToVRtPBi_b4yM
UPDATE 4-France's Hollande wants to change EU focus after far-right win,Reuters,diX7JW3Zl5pjQWMtToVRtPBi_b4yM
Determined Juncker sets out case to head European Commission,Reuters,diX7JW3Zl5pjQWMtToVRtPBi_b4yM
"WRAPUP 3-US factory, confidence data boost growth prospects",Reuters,daWumDJV9phP8iMz1GMnv8BUxnvVM
April durable-goods orders get military boost,MarketWatch,daWumDJV9phP8iMz1GMnv8BUxnvVM
TABLE-US April durable goods orders rise 0.8 pct,Reuters,daWumDJV9phP8iMz1GMnv8BUxnvVM
April durable-goods orders up 0.8% on military bookings,MarketWatch,daWumDJV9phP8iMz1GMnv8BUxnvVM
Draghi says ECB aware of risks from low inflation,MarketWatch,dD6fl5O0v4jfl2MySumxMHz7thARM
ECB goes on 300 million euro spending spree for bank watchdog,Reuters,dD6fl5O0v4jfl2MySumxMHz7thARM
"US STOCKS-S&P 500 at fresh record, small caps continue to bounce",Reuters,dD6fl5O0v4jfl2MySumxMHz7thARM
GLOBAL MARKETS-World shares hover near record high,Reuters,dD6fl5O0v4jfl2MySumxMHz7thARM
Economics and politics align for ECB: James Saft,Reuters,dD6fl5O0v4jfl2MySumxMHz7thARM
"Euro zone inflation seen well below 2 pct in 2014, 15 -Nowotny",Reuters,dD6fl5O0v4jfl2MySumxMHz7thARM
FOREX-Euro drifts off low but US holiday saps momentum,Reuters,dD6fl5O0v4jfl2MySumxMHz7thARM
Europe stocks rise; Italian banks soar after elections,MarketWatch,dD6fl5O0v4jfl2MySumxMHz7thARM
UPDATE 4-Pilgrim's bid for Hillshire puts Pinnacle deal in peril,Reuters,dtV5TTt-kMfAIxMPRonHOPCh1Z-EM
"US STOCKS-S&P 500 hits record on mergers, small-cap rebound",Reuters,dtV5TTt-kMfAIxMPRonHOPCh1Z-EM
UPDATE 3-Pilgrim's bid for Hillshire puts Pinnacle deal in peril,Reuters,dtV5TTt-kMfAIxMPRonHOPCh1Z-EM
Brazilian family behind bid for Hillshire Brands,MarketWatch,dtV5TTt-kMfAIxMPRonHOPCh1Z-EM
SHAREHOLDER ALERT:Maryland-Based Law Firm Brower Piven Announces  ...,MarketWatch,dtV5TTt-kMfAIxMPRonHOPCh1Z-EM
CORRECTED-UPDATE 1-Pilgrim's Pride offers to buy Hillshire in $6.4 bln deal,Reuters,dtV5TTt-kMfAIxMPRonHOPCh1Z-EM
Hillshire surges on Pilgrim's Pride merger offer,MarketWatch,dtV5TTt-kMfAIxMPRonHOPCh1Z-EM
Valeant boosts cash part of Allergan bid by $10 a share,MarketWatch,dfvPW3eIoWDEStM5cgQTfp12dTWpM
"UPDATE 1-Valeant raises bid for Allergan, values Botox-maker at $49.44 bln",Reuters,dfvPW3eIoWDEStM5cgQTfp12dTWpM
Valeant increases bid for Botox-maker Allergan,Reuters,dfvPW3eIoWDEStM5cgQTfp12dTWpM
UPDATE 1-Allergan makes case against Valeant takeover ahead of higher bid,Reuters,dfvPW3eIoWDEStM5cgQTfp12dTWpM
Allergan says Valeant's offer overstated tax and R&D savings,Reuters,dfvPW3eIoWDEStM5cgQTfp12dTWpM
UPDATE 2-GE strengthens hand in Alstom battle with pledge for 1000 French jobs,Reuters,ddK0sP1k-jdmM9M07CKiSLckeTqgM
GE pledges 1000 new French jobs as part of Alstom deal-source,Reuters,ddK0sP1k-jdmM9M07CKiSLckeTqgM
"UPDATE 1-GE, Siemens defend rival plans for France's Alstom",Reuters,ddK0sP1k-jdmM9M07CKiSLckeTqgM
GE aims to soothe French concerns over bid for Alstom unit,MarketWatch,ddK0sP1k-jdmM9M07CKiSLckeTqgM
Siemens hopes to submit Alstom bid by June 16,Reuters,ddK0sP1k-jdmM9M07CKiSLckeTqgM
Treasurys mostly rise after lackluster auction,MarketWatch,dqt8zAdiCLalsdM0iWJ3h4tcyo2fM
TREASURIES-Long-end prices rise for a 2nd day on month-end support,Reuters,dqt8zAdiCLalsdM0iWJ3h4tcyo2fM
"Apple hopes Beats co-founder's ""ear"" can help amid ""dying"" music industry",Reuters,dh3DflonpK6P6LMOoaLIxjnrbUEdM
Apple needs Beats deal to revive iTunes,MarketWatch,dh3DflonpK6P6LMOoaLIxjnrbUEdM
TREASURIES OUTLOOK-Yields slump; 10-year slides to near 11-month low,Reuters,dzSgRJFA9-MB0cMsRR4PVHNM5er8M
TREASURIES-Yields slump; 10-year slides to near 11-month low,Reuters,dzSgRJFA9-MB0cMsRR4PVHNM5er8M
10-year Treasury yield hits nearly one-year low,MarketWatch,dzSgRJFA9-MB0cMsRR4PVHNM5er8M
TREASURIES-Yields tumble broadly; 10-year slides to near 11-month low,Reuters,dzSgRJFA9-MB0cMsRR4PVHNM5er8M
TREASURIES-10-year yields tumble to 10-month low in line with Germany,Reuters,dzSgRJFA9-MB0cMsRR4PVHNM5er8M
10-year Treasury yield sinks to lowest in 11 months,MarketWatch,dzSgRJFA9-MB0cMsRR4PVHNM5er8M
Book publisher Hachette says working to resolve Amazon dispute,Reuters,dzFB2GwXZE9qsyMC5qQNQ1CmcMPrM
Hachette rejects Amazon proposal for joint author fund,MarketWatch,dzFB2GwXZE9qsyMC5qQNQ1CmcMPrM
European shares hold steady near multi-year highs,Reuters,dstMYX5TPmpOkUM8aMg0Q-mfPeioM
"GLOBAL MARKETS-Asian shares at 1-year high, bonds fly high on ECB hopes",Reuters,dstMYX5TPmpOkUM8aMg0Q-mfPeioM
FOREX-Dollar takes breather after rally; euro near 3-month low,Reuters,dstMYX5TPmpOkUM8aMg0Q-mfPeioM
"FOREX-Dollar at 2-month highs as sterling turns tail, euro sinks",Reuters,dstMYX5TPmpOkUM8aMg0Q-mfPeioM
UPDATE 1-ECB warns investors' gamble for profit could backfire,Reuters,dstMYX5TPmpOkUM8aMg0Q-mfPeioM
UPDATE 1-Spanish yields hit record lows on ECB's easing signals,Reuters,dstMYX5TPmpOkUM8aMg0Q-mfPeioM
"GLOBAL MARKETS-US, euro zone bonds rally on expected ECB easing",Reuters,dstMYX5TPmpOkUM8aMg0Q-mfPeioM
"Deposit rate cut, targeted LTRO in June could boost euro zone lending-Reuters  ...",Reuters,dstMYX5TPmpOkUM8aMg0Q-mfPeioM
Euro falls below $1.36 as ECB action seems likely,MarketWatch,dstMYX5TPmpOkUM8aMg0Q-mfPeioM
Euro falls near $1.36; dollar falls vs. yen,MarketWatch,dstMYX5TPmpOkUM8aMg0Q-mfPeioM
"FOREX-Euro hits new 3-month low, sterling falls",Reuters,dstMYX5TPmpOkUM8aMg0Q-mfPeioM
ECB comfortable with range of measures: Mersch,MarketWatch,dstMYX5TPmpOkUM8aMg0Q-mfPeioM
Bank lending to euro-zone businesses drops again,MarketWatch,dstMYX5TPmpOkUM8aMg0Q-mfPeioM
"Dollar inches down vs. euro, hovers near ¥102",MarketWatch,dstMYX5TPmpOkUM8aMg0Q-mfPeioM
Hillshire jumps on new offer; Krispy Kreme sinks,MarketWatch,dVV5z8UmGUFI_-MUFIeC1yyFyYFTM
"Stocks to watch: Krispy Kreme, Quiksilver, GM",MarketWatch,dVV5z8UmGUFI_-MUFIeC1yyFyYFTM
Krispy Kreme cuts adjusted earnings outlook as costs rise,Reuters,dVV5z8UmGUFI_-MUFIeC1yyFyYFTM
UPDATE 1-Krispy Kreme cuts adjusted earnings outlook as costs rise,Reuters,dVV5z8UmGUFI_-MUFIeC1yyFyYFTM
Krispy Kreme cuts outlook as weather hurts sales,MarketWatch,dVV5z8UmGUFI_-MUFIeC1yyFyYFTM
Krispy Kreme shares drop in after-hours session,MarketWatch,dVV5z8UmGUFI_-MUFIeC1yyFyYFTM
Earnings preview: Krispy Kreme,MarketWatch,dVV5z8UmGUFI_-MUFIeC1yyFyYFTM
"Allergan, Conn's, Krispy Kreme are stocks to watch",MarketWatch,dVV5z8UmGUFI_-MUFIeC1yyFyYFTM
"UPDATE 2-China PMIs fuel hope economy is stabilising, property still a wild card",Reuters,dR0-DLfMF52PQhMu-ciaK9JI-sVrM
China service sector improves in May,MarketWatch,dR0-DLfMF52PQhMu-ciaK9JI-sVrM
Taiwan manufacturing picks up pace in May,MarketWatch,dR0-DLfMF52PQhMu-ciaK9JI-sVrM
China official services PMI hits six-month high,Reuters,dR0-DLfMF52PQhMu-ciaK9JI-sVrM
"GLOBAL ECONOMY-China, US factory growth accelerates; euro zone stumbles",Reuters,dR0-DLfMF52PQhMu-ciaK9JI-sVrM
CORRECTED-UPDATE 1-Indian factory sector expands at slightly faster pace in  ...,Reuters,dR0-DLfMF52PQhMu-ciaK9JI-sVrM
Contraction in Russia's manufacturing sector slows,MarketWatch,dR0-DLfMF52PQhMu-ciaK9JI-sVrM
GLOBAL ECONOMY-China accelerates as euro zone stumbles,Reuters,dR0-DLfMF52PQhMu-ciaK9JI-sVrM
"RPT-UPDATE 2-China official PMI hits 5-month high in May, boding well for Q2",Reuters,dR0-DLfMF52PQhMu-ciaK9JI-sVrM
China manufacturing PMI rises to 50.8 in May,MarketWatch,dR0-DLfMF52PQhMu-ciaK9JI-sVrM
China's official PMI to rise slightly in May,Reuters,dR0-DLfMF52PQhMu-ciaK9JI-sVrM
"TREASURIES-Yields rise with German debt, re-set of bearish bond bets",Reuters,dcsMG9k5ZBTI_3MnrLtLtLyQXPgnM
Treasurys fall for fourth straight day,MarketWatch,dcsMG9k5ZBTI_3MnrLtLtLyQXPgnM
Treasurys see biggest three-day drop since March,MarketWatch,dcsMG9k5ZBTI_3MnrLtLtLyQXPgnM
"TREASURIES-Yields rise before ECB meeting, US payrolls report",Reuters,dcsMG9k5ZBTI_3MnrLtLtLyQXPgnM
TREASURIES-Yields rise from one-year lows,Reuters,dcsMG9k5ZBTI_3MnrLtLtLyQXPgnM
Ford Canada takes top spot for May vehicle sales,Reuters,d_UiqcnbiU1tyAM5xsMoW5hMHy1JM
UPDATE 3-Automakers report strong uptick in May US sales,Reuters,d_UiqcnbiU1tyAM5xsMoW5hMHy1JM
Automakers report strong uptick in May US sales,Reuters,d_UiqcnbiU1tyAM5xsMoW5hMHy1JM
General Motors U.S. sales jump 13% in May,MarketWatch,d_UiqcnbiU1tyAM5xsMoW5hMHy1JM
You have just two weeks to protect your computer,MarketWatch,dEYP72zFhFdHOaMoiXQLyd4uNXtJM
"UPDATE 3-US disrupts major hacking, extortion ring; Russian charged",Reuters,dEYP72zFhFdHOaMoiXQLyd4uNXtJM
"REFILE-UPDATE 2-US disrupts major hacking, extortion ring; Russian charged",Reuters,dEYP72zFhFdHOaMoiXQLyd4uNXtJM
Is your computer secretly a bot?,MarketWatch,dEYP72zFhFdHOaMoiXQLyd4uNXtJM
Hijacked Computer Network Broken Up by Law Enforcement,MarketWatch,dEYP72zFhFdHOaMoiXQLyd4uNXtJM
US unveils multinational action against cybercrime ring,MarketWatch,dEYP72zFhFdHOaMoiXQLyd4uNXtJM
What Alice from 'The Brady Bunch' would earn today,MarketWatch,dyt4OXF6RnOYGdMOv1i6JdRplJplM
Ann B. Davis of 'Brady Bunch' fame dead at 88,MarketWatch,dyt4OXF6RnOYGdMOv1i6JdRplJplM
"UPDATE 1-Actress Ann B. Davis, devoted 'Brady Bunch' housekeeper, dies",Reuters,dyt4OXF6RnOYGdMOv1i6JdRplJplM
"European shares slip as euro zone recovery slows, ECB looms",Reuters,dLLmuV7pAbIxUoM_GdCJpbx_o3WvM
German bonds firm up as investors prepare for ECB to act,Reuters,dLLmuV7pAbIxUoM_GdCJpbx_o3WvM
Euro-zone business activity slows sharply in May,MarketWatch,dLLmuV7pAbIxUoM_GdCJpbx_o3WvM
5 unintended consequences of Draghi's Big Bazooka,MarketWatch,dLLmuV7pAbIxUoM_GdCJpbx_o3WvM
Europe Factors to Watch-Shares set to dip; all eyes on ECB,Reuters,dLLmuV7pAbIxUoM_GdCJpbx_o3WvM
"Euro seen hamstrung ahead of ECB meeting, Aussie eyes GDP",Reuters,dLLmuV7pAbIxUoM_GdCJpbx_o3WvM
"Negative rates may not make euro zone banks lend more, BIS chief says",Reuters,dLLmuV7pAbIxUoM_GdCJpbx_o3WvM
Sterling caught in euro's relief-fueled slipstream,Reuters,dLLmuV7pAbIxUoM_GdCJpbx_o3WvM
FOREX-Euro gets a respite after euro zone inflation data,Reuters,dLLmuV7pAbIxUoM_GdCJpbx_o3WvM
Dollar falls vs. rivals; euro rebounds above $1.36,MarketWatch,dLLmuV7pAbIxUoM_GdCJpbx_o3WvM
ECB officials worry about EU banks facing US fines,MarketWatch,dLLmuV7pAbIxUoM_GdCJpbx_o3WvM
Euro-zone inflation rate falls in May,MarketWatch,dLLmuV7pAbIxUoM_GdCJpbx_o3WvM
"FOREX-Dollar near 4-mth high as data lifts sentiment, euro wary of ECB",Reuters,dLLmuV7pAbIxUoM_GdCJpbx_o3WvM
"GLOBAL MARKETS-Stocks flat near record, euro dips on ECB bets",Reuters,dLLmuV7pAbIxUoM_GdCJpbx_o3WvM
Fed's Fisher sees no rate hikes until next year,MarketWatch,dvP9XaPWc6az3JMecT6LKeqEy837M
Fed's George urges halt to bond reinvestment before rate hike,Reuters,dvP9XaPWc6az3JMecT6LKeqEy837M
Fed's George sees rate hikes coming sooner,MarketWatch,dvP9XaPWc6az3JMecT6LKeqEy837M
Lithuania gets preliminary ECB nod to adopt euro,MarketWatch,diOFvBYS9CEZrnM3iuwUWz4b_ht-M
"UPDATE 1-Lithuania ready to adopt euro from 2015, Commission says",Reuters,diOFvBYS9CEZrnM3iuwUWz4b_ht-M
Dai-ichi to buy Protective Life for $5.7 billion,MarketWatch,dCUjk7iNj5qQo4MvVktiMHmgm_T2M
Update-Moody's affirms Dai-ichi Life's A1 rating; outlook stable,Reuters,dCUjk7iNj5qQo4MvVktiMHmgm_T2M
UPDATE 1-Japan's Dai-ichi Life agrees to buy Protective Life for $5.7 bln,Reuters,dCUjk7iNj5qQo4MvVktiMHmgm_T2M
Dai-Ichi Life to buy Protective Life for $5.7 bln - filing,Reuters,dCUjk7iNj5qQo4MvVktiMHmgm_T2M
Trina Solar Responds to U.S. Department of Commerce's Announcement of  ...,MarketWatch,dPyPas5BU3j2reMZ7jNEg3Pb87IKM
US-China solar dispute heats up,MarketWatch,dPyPas5BU3j2reMZ7jNEg3Pb87IKM
UPDATE 3-US sets new import duties on Chinese solar products,Reuters,dPyPas5BU3j2reMZ7jNEg3Pb87IKM
China expresses 'strong dissatisfaction' with US solar tariff,Reuters,dPyPas5BU3j2reMZ7jNEg3Pb87IKM
UPDATE 2-US sets new import duties on Chinese solar products,Reuters,dPyPas5BU3j2reMZ7jNEg3Pb87IKM
Sprint agrees to pay about $40/shr to buy T-Mobile: source,Reuters,drjQKzd9vsVvKTMqXEitYnU8__xbM
UPDATE 3-Sprint agrees to pay about $40/shr to buy T-Mobile -source,Reuters,drjQKzd9vsVvKTMqXEitYnU8__xbM
UPDATE 2-Sprint close to agreement on terms to buy T-Mobile -report,Reuters,drjQKzd9vsVvKTMqXEitYnU8__xbM
"Sprint, T-Mobile move closer to $50 billion merger",MarketWatch,drjQKzd9vsVvKTMqXEitYnU8__xbM
Euro flat against dollar ahead of ECB meeting,MarketWatch,d84jnxHjQNm9acMpm2areNmDtrR_M
PRECIOUS-Gold holds near 4-month low as ECB move on rates awaited,Reuters,d84jnxHjQNm9acMpm2areNmDtrR_M
PRECIOUS-Gold holds near 4-month low as ECB decision awaited,Reuters,d84jnxHjQNm9acMpm2areNmDtrR_M
Euro pinned near four-month lows as ECB looms,Reuters,d84jnxHjQNm9acMpm2areNmDtrR_M
FOREX- Euro pinned near four-month lows as ECB looms,Reuters,d84jnxHjQNm9acMpm2areNmDtrR_M
"ECB cuts won't fix economy, but they will anger Germany",MarketWatch,d84jnxHjQNm9acMpm2areNmDtrR_M
Dollar up vs. euro as investors anticipate ECB easing,MarketWatch,d84jnxHjQNm9acMpm2areNmDtrR_M
"FOREX-Dollar rises on rates, euro anxieties",Reuters,d84jnxHjQNm9acMpm2areNmDtrR_M
RPT-FOREX-Dollar's gains trimmed after US private-sector jobs data,Reuters,d84jnxHjQNm9acMpm2areNmDtrR_M
"Gold barely budges ahead of US jobs, ECB cues",MarketWatch,d84jnxHjQNm9acMpm2areNmDtrR_M
US yields set to spoil ECB easing party for emerging markets,Reuters,d84jnxHjQNm9acMpm2areNmDtrR_M
"GLOBAL MARKETS-Stocks edge lower, euro down ahead of ECB meeting",Reuters,d84jnxHjQNm9acMpm2areNmDtrR_M
Euro needs to fall to $1.30 to satisfy ECB: strategists,Reuters,d84jnxHjQNm9acMpm2areNmDtrR_M
German bonds firm up as investors prepare for ECB to act,Reuters,d84jnxHjQNm9acMpm2areNmDtrR_M
EUROPE ECONOMY-Euro zone economy stutters as ECB gears up for action,Reuters,d84jnxHjQNm9acMpm2areNmDtrR_M
European shares steady; all eyes on ECB,Reuters,d84jnxHjQNm9acMpm2areNmDtrR_M
"Negative rates may not make euro zone banks lend more, BIS chief says",Reuters,d84jnxHjQNm9acMpm2areNmDtrR_M
"WRAPUP 3-US retail sales miss expectations, jobless claims rise",Reuters,dWIHIFwOG6j15rMz4BlNn2Qff6qWM
May retail sales show economy still growing,MarketWatch,dWIHIFwOG6j15rMz4BlNn2Qff6qWM
No immediate risk to Iraq's oil supplies: IEA,MarketWatch,d213zY9vVA7_w1MQt0rokz_zl7rXM
COLUMN-Are Asia's crude oil buyers too relaxed over Iraq?: Clyde Russell,Reuters,d213zY9vVA7_w1MQt0rokz_zl7rXM
"Oil futures surge on Iraq concerns, tops $107/Bbl",MarketWatch,d213zY9vVA7_w1MQt0rokz_zl7rXM
NYMEX-US crude hits 9-month high amid Iraq unrest,Reuters,d213zY9vVA7_w1MQt0rokz_zl7rXM
COMMODITIES-Oil surges on Iraq; multi-month lows in many markets,Reuters,d213zY9vVA7_w1MQt0rokz_zl7rXM
"UPDATE 2-Intel raises outlook on stronger PC demand, shares jump",Reuters,djSqhHoZ9ofILOMvigJ0zi3pLgrdM
CORRECTED-Intel raises outlook on stronger PC demand,Reuters,djSqhHoZ9ofILOMvigJ0zi3pLgrdM
Intel lifts sales outlook on business PC demand,MarketWatch,djSqhHoZ9ofILOMvigJ0zi3pLgrdM
RPT-Fitch Affirms China's Bright Food at 'BBB-'; Outlook Stable,Reuters,dAZC0aRMk1ONyvMUjTyEB_iZmrZLM
Fitch Affirms UK at 'AA+'; Outlook Stable,Reuters,dAZC0aRMk1ONyvMUjTyEB_iZmrZLM
Fitch Affirms Lebanon at 'B'; Outlook Negative,Reuters,dAZC0aRMk1ONyvMUjTyEB_iZmrZLM
Fitch Affirms Turks and Caicos Islands' UK Government Guaranteed USD Bond  ...,Reuters,dAZC0aRMk1ONyvMUjTyEB_iZmrZLM
Fitch Revises South Africa's Outlook to Negative; Affirms at 'BBB',Reuters,dAZC0aRMk1ONyvMUjTyEB_iZmrZLM
Fitch Affirms Principal Financial Group's IDR at 'A'; Outlook Revised to Stable,Reuters,dAZC0aRMk1ONyvMUjTyEB_iZmrZLM
Fitch Affirms BayernLB at 'A+'; Outlook Negative,Reuters,dAZC0aRMk1ONyvMUjTyEB_iZmrZLM
Fitch Affirms Caffil's OF at 'AA+' on Revised Breakeven Overcollateralisation,Reuters,dAZC0aRMk1ONyvMUjTyEB_iZmrZLM
Fitch Affirms LBBW at 'A+'/Negative; Upgrades VR to 'bbb',Reuters,dAZC0aRMk1ONyvMUjTyEB_iZmrZLM
Fitch Affirms Landesbank Saar at 'A'; Outlook Negative,Reuters,dAZC0aRMk1ONyvMUjTyEB_iZmrZLM
Fitch: Banks' Cover Pool Encumbrance Remains Broadly Stable,Reuters,dAZC0aRMk1ONyvMUjTyEB_iZmrZLM
"Fitch Affirms Societe de Financement Local at 'AA', Outlook Stable",Reuters,dAZC0aRMk1ONyvMUjTyEB_iZmrZLM
Fitch Affirms Accor SA at 'BBB-'; Stable Outlook,Reuters,dAZC0aRMk1ONyvMUjTyEB_iZmrZLM
RPT-Fitch Affirms and Withdraws Insurance Australia Group's Ratings at 'AA  ...,Reuters,dAZC0aRMk1ONyvMUjTyEB_iZmrZLM
"RPT-Fitch Affirms India's Power Grid Corporation at 'BBB-', Outlook Stable",Reuters,dAZC0aRMk1ONyvMUjTyEB_iZmrZLM
Fitch Affirms Accor SA at 'BBB-'; Stable Outlook,Reuters,dAZC0aRMk1ONyvMUjTyEB_iZmrZLM
"RPT-Fitch Affirms India's Power Grid Corporation at 'BBB-', Outlook Stable",Reuters,dAZC0aRMk1ONyvMUjTyEB_iZmrZLM
Fitch Affirms and Withdraws FE's Subsidiary Ratings; Outlook Stable,MarketWatch,dAZC0aRMk1ONyvMUjTyEB_iZmrZLM
Fitch: Sovereign Stresses Mar Corporate Rating Trends in Early 2014,Reuters,dAZC0aRMk1ONyvMUjTyEB_iZmrZLM
"RPT-Fitch Affirms Danske Bank Category C Covered Bonds at 'AAA', Outlook  ...",Reuters,dAZC0aRMk1ONyvMUjTyEB_iZmrZLM
RPT-Fitch affirms Aneka Gas Industri at 'A-(idn)'; outlook stable,Reuters,dAZC0aRMk1ONyvMUjTyEB_iZmrZLM
"RPT-Fitch Revises Outlooks on 8 Japanese Insurers, Aflac to Negative",Reuters,dAZC0aRMk1ONyvMUjTyEB_iZmrZLM
Fitch Affirms Unibail-Rodamco at 'A'; Outlook Stable,Reuters,dAZC0aRMk1ONyvMUjTyEB_iZmrZLM
Fitch Downgrades Remy Cointreau SA to 'BB+'; Outlook Stable,Reuters,dAZC0aRMk1ONyvMUjTyEB_iZmrZLM
RPT-Fitch Downgrades Solocal to 'RD'; Re-Assigns IDR 'B-' ; Outlook Stable,Reuters,dAZC0aRMk1ONyvMUjTyEB_iZmrZLM
RPT-Fitch Downgrades Krayinvestbank to 'B'; Affirms Viability Rating at 'b-',Reuters,dAZC0aRMk1ONyvMUjTyEB_iZmrZLM
RPT-Fitch Affirms Rural Electrification Corporation at 'BBB-'/Stable,Reuters,dAZC0aRMk1ONyvMUjTyEB_iZmrZLM
"UPDATE 2-Carney signals earlier British rate rise, sterling soars",Reuters,dfR3NMALxHL-u4MQhrnGFhwjutzGM
"UK housing stocks fall on rate-hike, mortgage talk",MarketWatch,dfR3NMALxHL-u4MQhrnGFhwjutzGM
"Sterling rallies, rate futures point to BoE hike before year end",Reuters,dfR3NMALxHL-u4MQhrnGFhwjutzGM
UPDATE 1-Bank of England's Carney says rates could rise sooner than expected,Reuters,dfR3NMALxHL-u4MQhrnGFhwjutzGM
Senate confirms Obama's Fed nominees,MarketWatch,db9NsrhxrGCYHsM6S0fVrLXuvb-2M
Fischer confirmed to be No. 2 at US Fed,Reuters,db9NsrhxrGCYHsM6S0fVrLXuvb-2M
UPDATE 3-Taxis sow traffic chaos in Europe protesting against Uber car app,Reuters,dSZQxXz451BKSYMrSSGlT7ubad4eM
"Uber seeks manager in Brussels, where it's banned",MarketWatch,dSZQxXz451BKSYMrSSGlT7ubad4eM
European taxi drivers plan big protests against Uber,MarketWatch,dSZQxXz451BKSYMrSSGlT7ubad4eM
"China's money rates slip, offer no signs of monetary policy change",Reuters,dgcVzPkl5t4gMiM55H_b-0mPd3IhM
South Korea yuan bank deposits set new record in May,Reuters,dgcVzPkl5t4gMiM55H_b-0mPd3IhM
CHINA MONEY -Chinese stocks lure domestic funds chasing policy dividend,Reuters,dgcVzPkl5t4gMiM55H_b-0mPd3IhM
UPDATE 2-China's faster lending in May seen helping steady economy,Reuters,dgcVzPkl5t4gMiM55H_b-0mPd3IhM
Chinese new yuan loans rise in May,MarketWatch,dgcVzPkl5t4gMiM55H_b-0mPd3IhM
China May new bank loans at 870.8 bln yuan,Reuters,dgcVzPkl5t4gMiM55H_b-0mPd3IhM
RPT-China Construction Bank to get yuan clearing role in London -FT,Reuters,dgcVzPkl5t4gMiM55H_b-0mPd3IhM
Dispute with CEO led to exit of Twitter's No. 2,MarketWatch,dXWUGSRb5SMoFnMpjYghEQGucB79M
UPDATE 4-Two senior Twitter executives resign as growth lags,Reuters,dXWUGSRb5SMoFnMpjYghEQGucB79M
UPDATE 3-Twitter chief operating officer resigns as growth lags,Reuters,dXWUGSRb5SMoFnMpjYghEQGucB79M
Twitter operating chief Ali Rowghani resigns,MarketWatch,dXWUGSRb5SMoFnMpjYghEQGucB79M
UPDATE 1-US Senate panel to examine AT&T plan to buy DirectTV,Reuters,dd2PpeLMCRaFoOM4S_2JyXBEvsgsM
US Senate panel to examine AT&T plan to buy DirectTV,Reuters,dd2PpeLMCRaFoOM4S_2JyXBEvsgsM
AT&T's DirecTV Acquisition Places Major Bet on Proposed FCC Net Neutrality  ...,MarketWatch,dd2PpeLMCRaFoOM4S_2JyXBEvsgsM
"WRAPUP 2-US producer prices fall, but inflation still seen firming",Reuters,d9uzkCFBCFF5WeM-JmWU-TCWP_SdM
Producer prices retreat in May after two strong gains,MarketWatch,d9uzkCFBCFF5WeM-JmWU-TCWP_SdM
Producer price index falls unexpectedly in May,MarketWatch,d9uzkCFBCFF5WeM-JmWU-TCWP_SdM
UPDATE 1-S&P cuts Bulgaria's sovereign rating to BBB-,Reuters,d0Ec0yzweWkyCXMIVNVz8ytPEeE9M
"S&P raises U.K.'s outlook, affirms triple-A rating",MarketWatch,d0Ec0yzweWkyCXMIVNVz8ytPEeE9M
"UPDATE 1-S&P lifts outlook on UK's top credit rating, but warns on EU exit",Reuters,d0Ec0yzweWkyCXMIVNVz8ytPEeE9M
RPT-S&P cuts Bulgaria's sovereign rating to BBB-,Reuters,d0Ec0yzweWkyCXMIVNVz8ytPEeE9M
TREASURIES-Prices inch lower in thin trading; Fed meeting looms,Reuters,dBmheMbLG1JM-jMlnxbKinpkJh0pM
Treasury yields climb on Carney's rate-hike signal,MarketWatch,dBmheMbLG1JM-jMlnxbKinpkJh0pM
"TREASURIES-Prices fall, weighed by Bank of England, Fed rate outlook",Reuters,dBmheMbLG1JM-jMlnxbKinpkJh0pM
TREASURIES-Prices leap on strong US 30-year bond sale,Reuters,dBmheMbLG1JM-jMlnxbKinpkJh0pM
"Treasurys surge, snap 4-day losing streak",MarketWatch,dBmheMbLG1JM-jMlnxbKinpkJh0pM
TREASURIES-Prices inch up on soft US data; 30-year bond sale looms,Reuters,dBmheMbLG1JM-jMlnxbKinpkJh0pM
Treasurys fall a fourth day after subpar auction,MarketWatch,dBmheMbLG1JM-jMlnxbKinpkJh0pM
TREASURIES-Prices little changed after soft US 10-year auction,Reuters,dBmheMbLG1JM-jMlnxbKinpkJh0pM
Pound nears $1.70 on prospects of rate hike,MarketWatch,dl_HTP5cUks5BlMRrRBfZUMPCOuZM
"UPDATE 5-Carney signals earlier British rate rise, sterling soars",Reuters,dl_HTP5cUks5BlMRrRBfZUMPCOuZM
British rate rise in 2014 less certain than market thinks,Reuters,dl_HTP5cUks5BlMRrRBfZUMPCOuZM
"INVESTMENT FOCUS-Press here, Mr Carney, for lower volatility?",Reuters,dl_HTP5cUks5BlMRrRBfZUMPCOuZM
Pound spikes on rate-hike talk,MarketWatch,dl_HTP5cUks5BlMRrRBfZUMPCOuZM
UPDATE 9-Oil prices climb again amid escalating violence in Iraq,Reuters,dyEtRaCpLesvJIMctpf1FJ3FDhrwM
CANADA FX DEBT-Canada dollar flat despite higher oil prices,Reuters,dyEtRaCpLesvJIMctpf1FJ3FDhrwM
Oil futures tally biggest weekly gain of the year,MarketWatch,dyEtRaCpLesvJIMctpf1FJ3FDhrwM
CANADA FX DEBT-Canada dollar steady despite oil-price jump,Reuters,dyEtRaCpLesvJIMctpf1FJ3FDhrwM
Are Asia's crude oil buyers too relaxed over Iraq?: Clyde Russell,Reuters,dyEtRaCpLesvJIMctpf1FJ3FDhrwM
"Brent climbs toward $114, hits nine-month top on Iraq crisis",Reuters,dyEtRaCpLesvJIMctpf1FJ3FDhrwM
REFILE-UPDATE 3-Priceline adds OpenTable to its menu for $2.6 bln,Reuters,d106zVBYOtb_HKMHANjagpZw5e2JM
"Intel, OpenTable lead tech sector higher",MarketWatch,d106zVBYOtb_HKMHANjagpZw5e2JM
Priceline pays highly to reserve OpenTable,MarketWatch,d106zVBYOtb_HKMHANjagpZw5e2JM
Beware of these 5 claims carmakers make,MarketWatch,djgB2w3ZYkZ8fhMekdq6P5Eh2RpDM
UPDATE 1-Ford lowers fuel economy rating for six vehicles,Reuters,djgB2w3ZYkZ8fhMekdq6P5Eh2RpDM
EPA says Ford to correct fuel economy standard for six cars,Reuters,djgB2w3ZYkZ8fhMekdq6P5Eh2RpDM
UPDATE 4-Medtronic nears $45 billion-plus deal for Covidien -sources,Reuters,dPdLoYxgWSGCFRM3tUxQAM7avKG3M
"Medtronic, Covidien in $40 billion merger talks: WSJ",MarketWatch,dPdLoYxgWSGCFRM3tUxQAM7avKG3M
Williams inks $6 billion deal for shale oil expansion,MarketWatch,dpuJWeRzTm_B3OM1gAojx4NGrz6vM
UPDATE 1-Williams Cos to buy stake in Access Midstream Partners for $3 bln  ...,Reuters,dpuJWeRzTm_B3OM1gAojx4NGrz6vM
Williams Cos to buy stake in Access Midstream Partners for $3 bln -Bloomberg,Reuters,dpuJWeRzTm_B3OM1gAojx4NGrz6vM
EU urges Russia to weigh improved offer for Ukraine gas,Reuters,dTp8zKwI__t-B1MiiAkQxSALe6XjM
Russia's Medvedev says open to gas talks if Ukraine pays off debt,Reuters,dTp8zKwI__t-B1MiiAkQxSALe6XjM
UPDATE 1-EU urges Russia to weigh improved offer for Ukraine gas,Reuters,dTp8zKwI__t-B1MiiAkQxSALe6XjM
Ukraine says enough gas in storage to meet needs until December,Reuters,dTp8zKwI__t-B1MiiAkQxSALe6XjM
"Gazprom CEO accuses Ukraine of being ""unconstructive"" in gas talks",Reuters,dTp8zKwI__t-B1MiiAkQxSALe6XjM
Gazprom files lawsuit in Stockholm court to recover Ukraine debt,Reuters,dTp8zKwI__t-B1MiiAkQxSALe6XjM
Ukraine faces gas cut threat as talks with Russia fail,Reuters,dTp8zKwI__t-B1MiiAkQxSALe6XjM
CORRECTED-EU's energy chief aims for further Ukraine-Russia gas talks,Reuters,dTp8zKwI__t-B1MiiAkQxSALe6XjM
UPDATE 2-Russia's Gazprom reduces gas to Ukraine after deadline passes,Reuters,dTp8zKwI__t-B1MiiAkQxSALe6XjM
EU's energy chief says confident gas supply commitments will be met,Reuters,dTp8zKwI__t-B1MiiAkQxSALe6XjM
Gazprom demands gas prepayments from Ukraine,MarketWatch,dTp8zKwI__t-B1MiiAkQxSALe6XjM
"UPDATE 2-Vodafone targets ""connected cars"" with Italian deal",Reuters,d8OFqAT7Gz4ZrIMyHpXz9M36Oqk6M
Vodafone to buy Cobra Automotive for €145 million,MarketWatch,d8OFqAT7Gz4ZrIMyHpXz9M36Oqk6M
"UPDATE 3-Medtronic to buy Covidien for $42.9 bln, rebase in Ireland",Reuters,d9ClIP-_xU9wAuMNd9UW-vKjakHZM
Medtronic to Acquire Covidien for $42.9 billion in Cash and Stock,MarketWatch,d9ClIP-_xU9wAuMNd9UW-vKjakHZM
US STOCKS-Futures drop as Iraq turmoil continues,Reuters,dusKr1wwmrLixCMllnrVDO4buog3M
Stock futures drop as Iraq violence ramps up,MarketWatch,dusKr1wwmrLixCMllnrVDO4buog3M
Oil prices extends gains on ongoing Iraq fighting,MarketWatch,dALTxIdj6g9GqPMGWQhW5c3iqMlKM
Brent up near $113 on supply worries as Iraq violence rises,Reuters,dALTxIdj6g9GqPMGWQhW5c3iqMlKM
UPDATE 4-Brent up near $113 on supply worries as Iraq violence rises,Reuters,dALTxIdj6g9GqPMGWQhW5c3iqMlKM
"GLOBAL MARKETS-Iraq, Ukraine tensions keep markets on edge",Reuters,dALTxIdj6g9GqPMGWQhW5c3iqMlKM
"Iraq unrest, seasonal demand supports oil prices",MarketWatch,dALTxIdj6g9GqPMGWQhW5c3iqMlKM
UPDATE 2-Level 3 to buy tw telecom to expand US fiber network,Reuters,dw6ip5EC0xFzuJMH7nRZIAGw3yNJM
Level 3 to buy TW Telecom for $5.7 billion,MarketWatch,dw6ip5EC0xFzuJMH7nRZIAGw3yNJM
WRAPUP 1-Sturdy US manufacturing data bolster growth outlook,Reuters,d6TndguMc0psFvMXTyJyjuWdaSaRM
Industrial production climbs 0.6% in May,MarketWatch,d6TndguMc0psFvMXTyJyjuWdaSaRM
CORRECTED-Alibaba names partnership members in new IPO prospectus,Reuters,dj4dpYAtza6eGsMohW6j9Rs6_EnhM
Alibaba provides new details of board setup,MarketWatch,dj4dpYAtza6eGsMohW6j9Rs6_EnhM
UPDATE 1-Alibaba names partnership members in new IPO prospectus,Reuters,dj4dpYAtza6eGsMohW6j9Rs6_EnhM
Alibaba reveals more details about Internet business,MarketWatch,dj4dpYAtza6eGsMohW6j9Rs6_EnhM
CORRECTED-US STOCKS-Wall St inches up on M&A deals; Iraq worries cap  ...,Reuters,ddjOEfX35-xp0LMaGMh1-7QU4P0ZM
US STOCKS-Wall St advances as M&A offsets Iraq worry,Reuters,ddjOEfX35-xp0LMaGMh1-7QU4P0ZM
US STOCKS-Futures drop as Iraq turmoil continues,Reuters,ddjOEfX35-xp0LMaGMh1-7QU4P0ZM
"Investors monitor Iraq turmoil, await the Fed",MarketWatch,ddjOEfX35-xp0LMaGMh1-7QU4P0ZM
UPDATE 2-Shell to sell most of stake in Australia's Woodside for $5.7 bln,Reuters,dsQ52Lmn79pZYzM6WHiH4nTwxlBNM
"Australia shares edge down to near 4-wk lows; banks, energy down",Reuters,dsQ52Lmn79pZYzM6WHiH4nTwxlBNM
Shell cuts stake in Australia's Woodside Petroleum,MarketWatch,dsQ52Lmn79pZYzM6WHiH4nTwxlBNM
UPDATE 1-BG sells UK CATS gas pipeline stake to infrastructure fund,Reuters,dYrWSMXxl9gR6ZMJsKtpnZ-YTqcoM
BG to sell its stake in CATS pipeline in North Sea,MarketWatch,dYrWSMXxl9gR6ZMJsKtpnZ-YTqcoM
UPDATE 2-Whitbread sees signs of economic recovery in UK regions,Reuters,d6pq12dpcMke32MmSENzn-9_FgXiM
"Whitbread sales up 6.9% on Premier Inn, Costa",MarketWatch,d6pq12dpcMke32MmSENzn-9_FgXiM
Iraq concerns lift top-rated euro zone bonds but Fed limits gains,Reuters,dguKAOyclcB5VYMiuiR5DIO4vLLcM
Fed faces economy with conflicting vital signs,MarketWatch,dguKAOyclcB5VYMiuiR5DIO4vLLcM
"Stock futures higher ahead of CPI, Fed meeting",MarketWatch,dU5nhzZaxL9YLsMGyVP3ZNcwtgF_M
UPDATE 1-Medtronic deal draws Washington scrutiny of tax relocations,Reuters,dU5nhzZaxL9YLsMGyVP3ZNcwtgF_M
Medtronic deal draws Washington scrutiny of corporate tax relocations,Reuters,dU5nhzZaxL9YLsMGyVP3ZNcwtgF_M
UPDATE 1-Medtronic's Covidien deal raises bar for rivals to merge,Reuters,dU5nhzZaxL9YLsMGyVP3ZNcwtgF_M
US STOCKS-Wall St ends up slightly on M&A; Iraq closely watched,Reuters,dU5nhzZaxL9YLsMGyVP3ZNcwtgF_M
US stocks inch up; Iraq concerns weigh,MarketWatch,dU5nhzZaxL9YLsMGyVP3ZNcwtgF_M
WRAPUP 3-Argentina vows to service debt despite new legal blow,Reuters,dnF7abUJ25_3jOMp56fVb6PNsewAM
"COLUMN-If Argentina restructures bonds to evade hedge funds, sanctions loom  ...",Reuters,dnF7abUJ25_3jOMp56fVb6PNsewAM
Q&A-What's next for Argentina's debt battle after latest court defeat?,Reuters,dnF7abUJ25_3jOMp56fVb6PNsewAM
Argentine stocks sink on Supreme Court decision,MarketWatch,dnF7abUJ25_3jOMp56fVb6PNsewAM
UPDATE 1-US top court rules against Argentina in bonds discovery case,Reuters,dnF7abUJ25_3jOMp56fVb6PNsewAM
Argentina's Fernandez to make televised address midnight GMT - Telam,Reuters,dnF7abUJ25_3jOMp56fVb6PNsewAM
"Adobe, La-Z-Boy, Kindred are stocks to watch",MarketWatch,dp505G1LAKDLk9MMaKbZiAvRVDPOM
UPDATE 2-Kindred Healthcare raises offer for Gentiva,Reuters,dp505G1LAKDLk9MMaKbZiAvRVDPOM
Kindred Healthcare raises offer for Gentiva,Reuters,dp505G1LAKDLk9MMaKbZiAvRVDPOM
UPDATE 1-Kindred Healthcare raises offer for Gentiva,Reuters,dp505G1LAKDLk9MMaKbZiAvRVDPOM
Kindred Healthcare to buy Gentiva for about $573 mln,Reuters,dp505G1LAKDLk9MMaKbZiAvRVDPOM
Gentiva rallies in after hours as Kindred sweetens deal,MarketWatch,dp505G1LAKDLk9MMaKbZiAvRVDPOM
UPDATE 1-SolarCity buys solar panel maker to lower costs,Reuters,dZmv_NETbjeVQ4MocN2FOaVtOyFLM
SolarCity buys solar panel maker to lower costs,Reuters,dZmv_NETbjeVQ4MocN2FOaVtOyFLM
SolarCity shares soar on PV maker acquisition,MarketWatch,dZmv_NETbjeVQ4MocN2FOaVtOyFLM
What's your question for Janet Yellen?,MarketWatch,d9Lmg8dfOPr-9uM0aWP-tSyD8uFpM
10-year yield highest in a month on Fed jitters,MarketWatch,d9Lmg8dfOPr-9uM0aWP-tSyD8uFpM
Iraq concerns lift top-rated euro zone bonds but Fed limits gains,Reuters,d9Lmg8dfOPr-9uM0aWP-tSyD8uFpM
China shows its heft by sinking shipping deal,MarketWatch,dajLdqSn1C6WVSMsTIl48rhYaA_EM
UPDATE 2-Maersk shares drop after China blocks shipping alliance,Reuters,dajLdqSn1C6WVSMsTIl48rhYaA_EM
Planned P3 shipping alliance is abandoned,MarketWatch,dajLdqSn1C6WVSMsTIl48rhYaA_EM
Yield hunt eases market return for bailed-out Cyprus,Reuters,dtpChAxcQSIRIhMSLdaZRbYbgdqjM
Cyprus returns to bond market after bailout,MarketWatch,dtpChAxcQSIRIhMSLdaZRbYbgdqjM
UPDATE 1-Cyprus begins marketing June 2019 euro benchmark at 5% area,Reuters,dtpChAxcQSIRIhMSLdaZRbYbgdqjM
9 ways to guarantee your retirement,MarketWatch,diOqE1eqqeRKfBMGnbiJ29FWKDPNM
When to take Social Security? Your 401(k) plan may know best,Reuters,diOqE1eqqeRKfBMGnbiJ29FWKDPNM
"Amazon, Adobe get attention from tech investors",MarketWatch,dx5rs7ln2b_Ad8MMGjFrLWi0Q-R6M
UPDATE 1-Adobe results beat estimates on strong subscription growth,Reuters,dx5rs7ln2b_Ad8MMGjFrLWi0Q-R6M
Yellen: Lenders need 'greater certainty' to make more mortgages,MarketWatch,d-c3-0ZECRZrTBMvPm23ip9QUxhlM
"Fed sees growth picking up, faster tightening",MarketWatch,d-c3-0ZECRZrTBMvPm23ip9QUxhlM
WRAPUP 3-Fed suggests lower end-point for rate-hike cycle,Reuters,d-c3-0ZECRZrTBMvPm23ip9QUxhlM
US stocks edge higher after statement,MarketWatch,d-c3-0ZECRZrTBMvPm23ip9QUxhlM
"Fed stays confident, sees slightly faster pace of tightening",MarketWatch,d-c3-0ZECRZrTBMvPm23ip9QUxhlM
REFILE--New BoE chief economist says odds favour hawks on rate hike,Reuters,dDNSJ9VxymrVDZMIPloMon5kCxRnM
BOE minutes show officials warming to a rate hike,MarketWatch,dDNSJ9VxymrVDZMIPloMon5kCxRnM
Dollar gains; pound notches first loss in five sessions,MarketWatch,dDNSJ9VxymrVDZMIPloMon5kCxRnM
"UPDATE 1-UK inflation falls to 4 1/2-year low in May, but house prices soar",Reuters,dDNSJ9VxymrVDZMIPloMon5kCxRnM
UPDATE 1-Bank of England's Miles sees strong chance rates will rise before  ...,Reuters,dDNSJ9VxymrVDZMIPloMon5kCxRnM
RPT-BOE policy maker expects to vote for interest rate hike by May -Times,Reuters,dDNSJ9VxymrVDZMIPloMon5kCxRnM
BOE's Miles fuels rate-rise expectations: report,MarketWatch,dDNSJ9VxymrVDZMIPloMon5kCxRnM
Pound trades at nearly 5-year high,MarketWatch,dDNSJ9VxymrVDZMIPloMon5kCxRnM
UPDATE 2-Private brands business hurts ConAgra's profit,Reuters,dbhLHCX8WzwgZhMsEh_v8U1LmIkIM
ConAgra shares slump on lowered outlook,MarketWatch,dbhLHCX8WzwgZhMsEh_v8U1LmIkIM
"FedEx, BlackBerry gain; ConAgra falls on warning",MarketWatch,dbhLHCX8WzwgZhMsEh_v8U1LmIkIM
Air Products appoints new CEO; shares at life-high,Reuters,dWcGmcOVDmzeBRMoKKBGn-FF2xJ0M
UPDATE 2-Air Products appoints new CEO; shares at life-high,Reuters,dWcGmcOVDmzeBRMoKKBGn-FF2xJ0M
Air Products names Rockwood exec CEO,MarketWatch,dWcGmcOVDmzeBRMoKKBGn-FF2xJ0M
Air Products appoints Rockwood's Seifi Ghasemi CEO,Reuters,dWcGmcOVDmzeBRMoKKBGn-FF2xJ0M
FedEx earnings rise as it sets ambitious targets,MarketWatch,dtMWxtlwf_dSkOMjtdSMM4QsSijXM
"UPDATE 3-Online shopping boosts FedEx's profit, shares hit life high",Reuters,dtMWxtlwf_dSkOMjtdSMM4QsSijXM
"FedEx profit rises as revenue, volumes increase",MarketWatch,dtMWxtlwf_dSkOMjtdSMM4QsSijXM
"FedEx shares up 3% as profit, revenue beat estimates",MarketWatch,dtMWxtlwf_dSkOMjtdSMM4QsSijXM
UPDATE 2-US ignition-switch investigation extended to Chrysler,Reuters,d0jW8zwTqeuUQdMgIuVjIGzIcK19M
CORRECTED-US regulator says investigates Chrysler over ignition switches,Reuters,d0jW8zwTqeuUQdMgIuVjIGzIcK19M
Fiat Chrysler vehicles probed for ignition problems,MarketWatch,d0jW8zwTqeuUQdMgIuVjIGzIcK19M
"UPDATE 1-In deal with Amazon, BlackBerry to offer 240000 Android apps",Reuters,dyqLZK_KX89ISTMh4521s5XG6ckKM
BlackBerry confirms Appstore deal with Amazon,MarketWatch,dyqLZK_KX89ISTMh4521s5XG6ckKM
Amazon Fire Phone: Is it different enough?,MarketWatch,dzWBBEwTNjHQESMxSZBBk6ts0B5TM
"UPDATE 2-Amazon aims to break from pack with 3D-ready ""Fire"" phone",Reuters,dzWBBEwTNjHQESMxSZBBk6ts0B5TM
Amazon unveils its Fire Phone,MarketWatch,dzWBBEwTNjHQESMxSZBBk6ts0B5TM
WRAPUP 1-US jobless claims point to firming labor market,Reuters,d818iDFZuqawuEMefZRuQcJOdwWGM
"Jobless claims fall, near postrecession low",MarketWatch,d818iDFZuqawuEMefZRuQcJOdwWGM
"Jobless claims fall, return near postrecession low",MarketWatch,d818iDFZuqawuEMefZRuQcJOdwWGM
"BlackBerry, American Apparel jump; Pier 1 falls",MarketWatch,d4gbSxwzSxzD7oMBL4fDfOl4EAI1M
UPDATE 1-American Apparel boots out founder CEO Dov Charney,Reuters,d4gbSxwzSxzD7oMBL4fDfOl4EAI1M
UPDATE 3-BlackBerry reports better-than-expected results; shares surge,Reuters,d4u8QWydBNJvh7MnqeUC3nuVpglWM
BlackBerry surprises with small profit,MarketWatch,d4u8QWydBNJvh7MnqeUC3nuVpglWM
BlackBerry posts surprise small profit,MarketWatch,d4u8QWydBNJvh7MnqeUC3nuVpglWM
UPDATE 2-BlackBerry seals deal with Amazon to offer Android apps,Reuters,d4u8QWydBNJvh7MnqeUC3nuVpglWM
UPDATE 2-SNB says ready to act as needed in wake of ECB easing,Reuters,dweCGAGMEP5sb_MJ58Wqp08O1SX3M
Swiss central bank holds on to its currency floor,MarketWatch,dweCGAGMEP5sb_MJ58Wqp08O1SX3M
"TW TELECOM INC. SHAREHOLDER ALERT: Rigrodsky & Long, P.A.  ...",MarketWatch,d7D4Tc9wsSFdrtMXV_jWo6IqTOZPM
UPDATE 2-TE Connectivity to buy US sensor maker for $1.7 bln,Reuters,d7D4Tc9wsSFdrtMXV_jWo6IqTOZPM
TE Connectivity to buy sensor maker for $1.7 billion,Reuters,d7D4Tc9wsSFdrtMXV_jWo6IqTOZPM
UPDATE 1-TE Connectivity to buy sensor maker for $1.7 bln,Reuters,d7D4Tc9wsSFdrtMXV_jWo6IqTOZPM
TE Connectivity to buy Measurement Specialties for $1.7 bln,Reuters,d7D4Tc9wsSFdrtMXV_jWo6IqTOZPM
PRECIOUS-Gold rises to 4-week high as dollar drops after Fed; platinum rises,Reuters,dfpKoiYAZf0opyMJJFgooEjgKxFPM
"US STOCKS-Wall Street flat after 4-day rally, data",Reuters,dfpKoiYAZf0opyMJJFgooEjgKxFPM
US STOCKS-Wall Street to open slightly higher after claims data,Reuters,dfpKoiYAZf0opyMJJFgooEjgKxFPM
"US STOCKS-Futures flat in Fed wake, data on tap",Reuters,dfpKoiYAZf0opyMJJFgooEjgKxFPM
"Weaker dollar, Iraq combine to boost gold",MarketWatch,dfpKoiYAZf0opyMJJFgooEjgKxFPM
"FOREX-Dollar slips post-Fed, kiwi at all-time high",Reuters,dfpKoiYAZf0opyMJJFgooEjgKxFPM
"GLOBAL MARKETS-Asia equities surge on Fed optimism, dollar wobbles",Reuters,dfpKoiYAZf0opyMJJFgooEjgKxFPM
FTSE 100 scores best day in almost two weeks,MarketWatch,dShvKWlyRq_Z3pM1C1lhuwYEY5MvM
UPDATE 3-Rolls-Royce returns 1 billion pounds to shareholders,Reuters,dShvKWlyRq_Z3pM1C1lhuwYEY5MvM
Rolls-Royce and Fed's stance lift UK's FTSE,Reuters,dShvKWlyRq_Z3pM1C1lhuwYEY5MvM
UK's FTSE rallies as Rolls-Royce races higher,Reuters,dShvKWlyRq_Z3pM1C1lhuwYEY5MvM
FTSE 100 eyes its best day since April,MarketWatch,dShvKWlyRq_Z3pM1C1lhuwYEY5MvM
Red Hat raises revenue forecast on strong subscription growth,Reuters,dmqtZapyMbMUzCMFgIYAqRAv8IVAM
UPDATE 2-Red Hat raises revenue forecast on strong subscription growth,Reuters,dmqtZapyMbMUzCMFgIYAqRAv8IVAM
Red Hat 1st-qtr results beat estimates on subscription growth,Reuters,dmqtZapyMbMUzCMFgIYAqRAv8IVAM
Red Hat to Buy eNovance,MarketWatch,dmqtZapyMbMUzCMFgIYAqRAv8IVAM
France secures Alstom stake option ahead of GE tie-up,Reuters,d1a1IIfiPMpFXEM0ReWPpcyvnBu6M
"Alstom should be a good investment for France, says CEO Kron",Reuters,d1a1IIfiPMpFXEM0ReWPpcyvnBu6M
"RPT-Alstom should be a good investment for France, says CEO Kron",Reuters,d1a1IIfiPMpFXEM0ReWPpcyvnBu6M
French and Benelux stocks-Factors to watch on June 23,Reuters,d1a1IIfiPMpFXEM0ReWPpcyvnBu6M
France lifts barrier to GE's Alstom acquisition,MarketWatch,d1a1IIfiPMpFXEM0ReWPpcyvnBu6M
REFILE-UPDATE 1-France secures Alstom stake option ahead of GE tie-up,Reuters,d1a1IIfiPMpFXEM0ReWPpcyvnBu6M
France secures option to buy Alstom stake from Bouygues,Reuters,d1a1IIfiPMpFXEM0ReWPpcyvnBu6M
France in push to buy Bouygues' Alstom stake ahead of GE deadline,Reuters,d1a1IIfiPMpFXEM0ReWPpcyvnBu6M
"BUZZ-US Stocks on the Move-Coach, Corinthian, Curis, Integrys",Reuters,dsB_xuUgPdqB_iMUzUcwmXZ92fdyM
Lululemon's founder fights back; Integrys rallies,MarketWatch,dsB_xuUgPdqB_iMUzUcwmXZ92fdyM
Wisconsin Energy to buy Integrys for $5.71 billion,MarketWatch,dsB_xuUgPdqB_iMUzUcwmXZ92fdyM
Wisconsin Energy to buy Integrys to expand in US Midwest,Reuters,dsB_xuUgPdqB_iMUzUcwmXZ92fdyM
"Integrys Energy, Central Garden & Pet surge",MarketWatch,dsB_xuUgPdqB_iMUzUcwmXZ92fdyM
"GLOBAL ECONOMY-China, Japan manufacturing grows again, euro zone falters",Reuters,d7ciPlHSS0FPGHM1D-xxX_18nfo-M
US STOCKS-Wall St flat after six-day run amid mixed global data,Reuters,d7ciPlHSS0FPGHM1D-xxX_18nfo-M
"CORRECTED-US STOCKS-Wall St to open flat after six-day run, mixed overseas  ...",Reuters,d7ciPlHSS0FPGHM1D-xxX_18nfo-M
CORRECTED-US STOCKS-Futures flat after mixed data overseas,Reuters,d7ciPlHSS0FPGHM1D-xxX_18nfo-M
U.S. Markit flash PMI accelerates in June,MarketWatch,d7ciPlHSS0FPGHM1D-xxX_18nfo-M
"German private sector expands in June, points to robust second quarter growth  ...",Reuters,d7ciPlHSS0FPGHM1D-xxX_18nfo-M
"GLOBAL MARKETS-Gloomy French data hits European shares, Iraq keeps oil high",Reuters,d7ciPlHSS0FPGHM1D-xxX_18nfo-M
"GLOBAL MARKETS-Gloomy French data hits European stocks, Iraq keeps oil high",Reuters,d7ciPlHSS0FPGHM1D-xxX_18nfo-M
Euro-zone PMI falls in June as France stays weak,MarketWatch,d7ciPlHSS0FPGHM1D-xxX_18nfo-M
French private-sector activity falls again in June,MarketWatch,d7ciPlHSS0FPGHM1D-xxX_18nfo-M
SE Asia Stocks - Mostly up; China PMI boosts region,Reuters,d7ciPlHSS0FPGHM1D-xxX_18nfo-M
"GLOBAL ECONOMY-China, Japan manufacturing returns to growth, but exports  ...",Reuters,d7ciPlHSS0FPGHM1D-xxX_18nfo-M
China shares tepid despite flash PMI showing factory expansion,Reuters,d7ciPlHSS0FPGHM1D-xxX_18nfo-M
"GLOBAL MARKETS-Upbeat China PMI boosts Asia equities, Aussie; oil up on Iraq",Reuters,d7ciPlHSS0FPGHM1D-xxX_18nfo-M
Japan June flash manufacturing PMI shows first expansion in three months,Reuters,d7ciPlHSS0FPGHM1D-xxX_18nfo-M
UPDATE 2-China June HSBC flash PMI shows first expansion in 6 months as  ...,Reuters,d7ciPlHSS0FPGHM1D-xxX_18nfo-M
RPT-UPDATE 1-China June HSBC flash PMI shows first expansion in 6 months  ...,Reuters,d7ciPlHSS0FPGHM1D-xxX_18nfo-M
Japan June flash manufacturing PMI shows first expansion in 3 months,Reuters,d7ciPlHSS0FPGHM1D-xxX_18nfo-M
UPDATE 1-China June HSBC flash PMI shows first expansion in 6 months as  ...,Reuters,d7ciPlHSS0FPGHM1D-xxX_18nfo-M
UPDATE 1-Allergan advises shareholders against Valeant tender offer,Reuters,dRj7JgvkRkIDmrMdw6F0KduuZfspM
Allergan rejects Valeant's bid again,MarketWatch,dRj7JgvkRkIDmrMdw6F0KduuZfspM
UPDATE 2-BNP nears up to $9 bln settlement with US authorities - source,Reuters,dONUzFKBMKkeBSMpNbUZsRcp4gT5M
BNP Paribas nears up to $9 bln settlement with US authorities: source,Reuters,dONUzFKBMKkeBSMpNbUZsRcp4gT5M
RPT-UPDATE 1-BNP Paribas nears up to $9 bln settlement with US authorities  ...,Reuters,dONUzFKBMKkeBSMpNbUZsRcp4gT5M
Europe Factors to Watch-Shares set to rise; eyes on euro zone data,Reuters,dONUzFKBMKkeBSMpNbUZsRcp4gT5M
BNP nears settlement with US for up to $9 billion,MarketWatch,dONUzFKBMKkeBSMpNbUZsRcp4gT5M
Oracle shares rise after $5.3 bln deal to buy Micros,MarketWatch,d7ndFVhb-1rhr5MkLod7X6VXqOt4M
UPDATE 2-Oracle looks to boost growth with biggest deal in 5 years,Reuters,d7ndFVhb-1rhr5MkLod7X6VXqOt4M
Oracle agrees to buy Micros Systems for $5.3 billion,MarketWatch,d7ndFVhb-1rhr5MkLod7X6VXqOt4M
WRAPUP 1-US housing regaining footing as supply improves,Reuters,dGKdmBbD8XnuQpMtoxml0uI_eVm9M
Existing-home sales highest in seven months,MarketWatch,dGKdmBbD8XnuQpMtoxml0uI_eVm9M
UPDATE 2-Shire flags new drugs in AstraZeneca-style defence to AbbVie,Reuters,dmxi4R_ePtxhjSMhtfwtHoZxcnJMM
"Shire, AbbVie each set out new financial targets",MarketWatch,dmxi4R_ePtxhjSMhtfwtHoZxcnJMM
Shire flags existing and new drugs in defence to AbbVie,Reuters,dmxi4R_ePtxhjSMhtfwtHoZxcnJMM
Shire to set out AstraZeneca-style defence against AbbVie,Reuters,dmxi4R_ePtxhjSMhtfwtHoZxcnJMM
"FTSEurofirst ends near 6 1/2-yr high, Shire surges on takeover offer",Reuters,dmxi4R_ePtxhjSMhtfwtHoZxcnJMM
Shire Update Call for Investors,MarketWatch,dmxi4R_ePtxhjSMhtfwtHoZxcnJMM
FTSEurofirst hits 6 1/2-yr high as Shire surges on takeover offer,Reuters,dmxi4R_ePtxhjSMhtfwtHoZxcnJMM
UK's FTSE 100 strengthens as Shire surges,Reuters,dmxi4R_ePtxhjSMhtfwtHoZxcnJMM
"FTSEurofirst hits 6 1/2-yr high, takeover offer boosts Shire",Reuters,dmxi4R_ePtxhjSMhtfwtHoZxcnJMM
Shire boosts FTSE 100 to fourth day in black,MarketWatch,dmxi4R_ePtxhjSMhtfwtHoZxcnJMM
Shire says AbbVie offer undervalues group,Reuters,dmxi4R_ePtxhjSMhtfwtHoZxcnJMM
BRIEF-Shire says AbbVie Inc proposal undervalues company,Reuters,dmxi4R_ePtxhjSMhtfwtHoZxcnJMM
U.S. stocks retreat from record levels,MarketWatch,dsD4qnRQTWLnWiMiub3R9WIqYkBIM
US STOCKS SNAPSHOT-Wall St opens flat after six-day rally,Reuters,dsD4qnRQTWLnWiMiub3R9WIqYkBIM
U.S. stock futures edge lower,MarketWatch,dsD4qnRQTWLnWiMiub3R9WIqYkBIM
"Stock futures swing ahead of housing, PMI data",MarketWatch,dsD4qnRQTWLnWiMiub3R9WIqYkBIM
COLUMN-Energy scare good for oil stocks in the short term,Reuters,dKuM59GnA7MWWkMuXHOSLXQTbmP0M
UPDATE 6-Brent crude falls toward $114 as Iraq supply fears ease,Reuters,dKuM59GnA7MWWkMuXHOSLXQTbmP0M
Energy scare good for oil stocks in the short term,Reuters,dKuM59GnA7MWWkMuXHOSLXQTbmP0M
Crude oil pulls back as Kerry meets Iraqis,MarketWatch,dKuM59GnA7MWWkMuXHOSLXQTbmP0M
"Iraq crisis, China boost oil futures",MarketWatch,dKuM59GnA7MWWkMuXHOSLXQTbmP0M
MARKET EYE-Indian bond yields hit 1-month high as oil prices rise,Reuters,dKuM59GnA7MWWkMuXHOSLXQTbmP0M
Brent near 9-month top above $115 on Iraq tensions,Reuters,dKuM59GnA7MWWkMuXHOSLXQTbmP0M
"MARKET EYE-Indian bond yields to edge higher, tracking crude, US peers",Reuters,dKuM59GnA7MWWkMuXHOSLXQTbmP0M
"MARKET EYE-Indian bond yields inch higher tracking US peers, oil",Reuters,dKuM59GnA7MWWkMuXHOSLXQTbmP0M
NYMEX-US crude above $107 a barrel on Iraq violence,Reuters,dKuM59GnA7MWWkMuXHOSLXQTbmP0M
Harbinger offers to buy Central Garden & Pet Co,Reuters,dCgYHFBLOdplpxMGo1eas9DeIPzpM
UPDATE 1-Harbinger offers $10/shr for Central Garden & Pet Co,Reuters,dCgYHFBLOdplpxMGo1eas9DeIPzpM
Harbinger makes $10-a-share bid for Central Garden,MarketWatch,dCgYHFBLOdplpxMGo1eas9DeIPzpM
Harbinger to bid $1.1 billion for Central Garden & Pet,MarketWatch,dCgYHFBLOdplpxMGo1eas9DeIPzpM
UPDATE 3-Oracle looks to boost growth with biggest deal in 5 years,Reuters,dlX_MIZD5JpnvvM4ahpsn_L6zUcZM
"MICROS Shareholder Alert - Acquisition of MICROS Systems, Inc. (NASDAQ  ...",MarketWatch,dlX_MIZD5JpnvvM4ahpsn_L6zUcZM
PLX TECHNOLOGY (PLXT) SHAREHOLDER ALERT - Andrews & Springer LLC  ...,MarketWatch,dlX_MIZD5JpnvvM4ahpsn_L6zUcZM
"UPDATE 6-Oil above $114, Iraq and supply concerns support",Reuters,dmZoHgYionf6LzMpXF25JBM-6e4_M
Oil holds above $106 on demand prospects,MarketWatch,dmZoHgYionf6LzMpXF25JBM-6e4_M
UPDATE 1-OPEC secretary general says no shortage of oil,Reuters,dmZoHgYionf6LzMpXF25JBM-6e4_M
Oil consolidates as Iraq maintains exports,MarketWatch,dmZoHgYionf6LzMpXF25JBM-6e4_M
Oil futures slide as Iraqi crisis continues,MarketWatch,dmZoHgYionf6LzMpXF25JBM-6e4_M
"UPDATE 2-Brent drops below $114, Iraq oil data eases supply worries",Reuters,dmZoHgYionf6LzMpXF25JBM-6e4_M
NYMEX-US crude under $106 as data shows near record Iraq exports,Reuters,dmZoHgYionf6LzMpXF25JBM-6e4_M
CORRECTED-UPDATE 7-Brent crude falls again as Iraq supply fears ease,Reuters,dmZoHgYionf6LzMpXF25JBM-6e4_M
UPDATE 7-Brent crude falls again as Iraq supply fears ease,Reuters,dmZoHgYionf6LzMpXF25JBM-6e4_M
Indian bond yields hit 1-month high on rising crude oil prices,Reuters,dmZoHgYionf6LzMpXF25JBM-6e4_M
"US STOCKS-Wall St flat, but tech and biotech lift Nasdaq",Reuters,dp0yuhgXZ5yfrtMHZM6dmFpDtRI2M
"US STOCKS-Futures point to flat open, consumer data awaited",Reuters,dp0yuhgXZ5yfrtMHZM6dmFpDtRI2M
"US STOCKS-Futures edge lower, consumer data awaited",Reuters,dp0yuhgXZ5yfrtMHZM6dmFpDtRI2M
US STOCKS SNAPSHOT-Wall St ends nearly flat after six-day rally,Reuters,dp0yuhgXZ5yfrtMHZM6dmFpDtRI2M
"US STOCKS-Wall St ends flat after six-day rally, energy rises",Reuters,dp0yuhgXZ5yfrtMHZM6dmFpDtRI2M
"US STOCKS-Wall St flat after six-day gain, homebuilders rally",Reuters,dp0yuhgXZ5yfrtMHZM6dmFpDtRI2M
U.S. stocks retreat from record levels,MarketWatch,dp0yuhgXZ5yfrtMHZM6dmFpDtRI2M
UPDATE 3-American Apparel says company not for sale,Reuters,d_6RL3BNKVdDyYMBKmZ7ixjp2gWzM
American Apparel's ousted CEO signals a fight to retain control,MarketWatch,d_6RL3BNKVdDyYMBKmZ7ixjp2gWzM
"WRAPUP 2-Consumer confidence, housing data bolster US growth outlook",Reuters,ddmyjQnp9HhqxyMLFPuBfaXKpEe0M
New home sales hit highest level in 6 years,MarketWatch,ddmyjQnp9HhqxyMLFPuBfaXKpEe0M
Sales of new homes rise in May at fastest rate in 6 years,MarketWatch,ddmyjQnp9HhqxyMLFPuBfaXKpEe0M
UPDATE 2-Walgreen pulls 2016 forecast pending Alliance Boots decision,Reuters,d8Xsif8G3ql64bMbZZaGSbJoXWwsM
"Walgreen warns of margin pressure, pulls 2016 goal",MarketWatch,d8Xsif8G3ql64bMbZZaGSbJoXWwsM
Gold futures score 5th straight session gain,MarketWatch,dKMzVtmWpbGX0NM8rNQFIZXSCJsUM
"PRECIOUS-Gold, silver hit multi-month highs as stocks retreat",Reuters,dKMzVtmWpbGX0NM8rNQFIZXSCJsUM
PRECIOUS-Gold slips; platinum gains as South African strike ends,Reuters,dKMzVtmWpbGX0NM8rNQFIZXSCJsUM
PRECIOUS-Gold slips; platinum extends losses as Sth African strike ends,Reuters,dKMzVtmWpbGX0NM8rNQFIZXSCJsUM
"PRECIOUS-Gold rises on Iraq, S&P drop; platinum down as strike ends",Reuters,dKMzVtmWpbGX0NM8rNQFIZXSCJsUM
Gold inches up after 3.3% weekly pop,MarketWatch,dKMzVtmWpbGX0NM8rNQFIZXSCJsUM
"Gold slips, but gold bulls seen with 'momentum on their side'",MarketWatch,dKMzVtmWpbGX0NM8rNQFIZXSCJsUM
PRECIOUS-Gold steady near 2-month high as safe-haven bids support,Reuters,dKMzVtmWpbGX0NM8rNQFIZXSCJsUM
More vehicles recalled for airbags,MarketWatch,daeGMRUKKN46QIMbkyCQlgX-DVMrM
UPDATE 4-Honda and others recall nearly 3 mln vehicles over air bag flaw,Reuters,daeGMRUKKN46QIMbkyCQlgX-DVMrM
"Honda, Nissan, Mazda recall almost 3 million vehicles",MarketWatch,daeGMRUKKN46QIMbkyCQlgX-DVMrM
Schumacher's stolen medical records put up for sale,MarketWatch,dPjna4Dzna2Cz3Mf1KJYBOSqK9NjM
Motor racing-Probe into theft of Schumacher medical records,Reuters,dPjna4Dzna2Cz3Mf1KJYBOSqK9NjM
GLOBAL MARKETS-Asian shares wither as Iraq crisis dims mood,Reuters,dpDU1HXRoTIipSM0HRUKkJxeaG_DM
Asian shares lower after Wall Street losses,MarketWatch,dpDU1HXRoTIipSM0HRUKkJxeaG_DM
GLOBAL MARKETS-Asian shares wither as Wall Street pulls back,Reuters,dpDU1HXRoTIipSM0HRUKkJxeaG_DM
"GLOBAL MARKETS-Iraq jitters hit European shares, German bond yields slip",Reuters,d02UFXK26SEszSM8Q1X2nUHj2pcOM
"GLOBAL MARKETS-German Ifo hits stocks, Carney knocks sterling",Reuters,d02UFXK26SEszSM8Q1X2nUHj2pcOM
"UPDATE 1-German Ifo business morale in June hit by Ukraine, Iraq",Reuters,d02UFXK26SEszSM8Q1X2nUHj2pcOM
GLOBAL MARKETS-Subdued Ifo takes M&A shine off European stocks,Reuters,d02UFXK26SEszSM8Q1X2nUHj2pcOM
Ukraine and Iraq undermine German business morale -Ifo economist,Reuters,d02UFXK26SEszSM8Q1X2nUHj2pcOM
"German Ifo index falls amid Iraq, Ukraine crises",MarketWatch,d02UFXK26SEszSM8Q1X2nUHj2pcOM
"FOREX-Euro, pound tread water before German Ifo, Carney testimony",Reuters,d02UFXK26SEszSM8Q1X2nUHj2pcOM
"UPDATE 5-US allows condensate oil exports, after light refining",Reuters,duabBB0ED2hnjOM3GWAvSawiojwYM
NYMEX-US crude climbs towards $107 on oil export report,Reuters,duabBB0ED2hnjOM3GWAvSawiojwYM
UPDATE 2-US will allow some exports of a light crude oil -WSJ,Reuters,duabBB0ED2hnjOM3GWAvSawiojwYM
US senator urges Obama admin to fully lift crude oil export ban,Reuters,duabBB0ED2hnjOM3GWAvSawiojwYM
US will allow exports of condensate -WSJ,Reuters,duabBB0ED2hnjOM3GWAvSawiojwYM
US set to allow first shipments of unrefined oil overseas,MarketWatch,duabBB0ED2hnjOM3GWAvSawiojwYM
"China shares fall on weaker banks, Hong Kong lackluster",Reuters,dWlg0_y9yHzZeYM4_opTck2fmR9ZM
UPDATE 1-Developer China Vanke in talks to attract strategic investors,Reuters,dWlg0_y9yHzZeYM4_opTck2fmR9ZM
Developer China Vanke says in talks to attract strategic investors,Reuters,dWlg0_y9yHzZeYM4_opTck2fmR9ZM
PRESS DIGEST - Hong Kong - June 25,Reuters,dWlg0_y9yHzZeYM4_opTck2fmR9ZM
China Vanke's Hong Kong shares up early on debut,MarketWatch,dWlg0_y9yHzZeYM4_opTck2fmR9ZM
PRESS DIGEST - Hong Kong - June 24,Reuters,dWlg0_y9yHzZeYM4_opTck2fmR9ZM
UPDATE 2-Etihad says agreed principal terms to buy 49 pct of Alitalia,Reuters,day6I3-7mhZqIDMPsKxAcZAOktzSM
Etihad says agreed principal terms to buy 49 pct of Alitalia,Reuters,day6I3-7mhZqIDMPsKxAcZAOktzSM
Just add items to create a watchlist now:,MarketWatch,day6I3-7mhZqIDMPsKxAcZAOktzSM
"Stocks edge up; CBS, Monsanto lead S&P",MarketWatch,d2wvfvUtI5EyrMMQcm_6ZLc7pqC5M
"Stocks fluctuate after soft data; Monsanto leaps, Valero dives",MarketWatch,d2wvfvUtI5EyrMMQcm_6ZLc7pqC5M
US STOCKS-Futures point to lower open after weak GDP report,Reuters,d2wvfvUtI5EyrMMQcm_6ZLc7pqC5M
"Nasdaq breaks out, S&P 500 grinds higher",MarketWatch,d2wvfvUtI5EyrMMQcm_6ZLc7pqC5M
GLOBAL MARKETS-Wall Street ends down after record high; sterling tumbles,Reuters,d2wvfvUtI5EyrMMQcm_6ZLc7pqC5M
US STOCKS-Wall St retreats on Iraq worries as data boost fades,Reuters,d2wvfvUtI5EyrMMQcm_6ZLc7pqC5M
US STOCKS SNAPSHOT-Wall St ends down as Iraq concerns rise,Reuters,d2wvfvUtI5EyrMMQcm_6ZLc7pqC5M
US stocks fall; Dow in triple-digit loss,MarketWatch,d2wvfvUtI5EyrMMQcm_6ZLc7pqC5M
GLOBAL MARKETS-Wall Street slips after record high; sterling tumbles,Reuters,d2wvfvUtI5EyrMMQcm_6ZLc7pqC5M
"US STOCKS-Data lift Wall St, S&P hits another record",Reuters,d2wvfvUtI5EyrMMQcm_6ZLc7pqC5M
US STOCKS SNAPSHOT-Wall St ends nearly flat after six-day rally,Reuters,d2wvfvUtI5EyrMMQcm_6ZLc7pqC5M
US STOCKS SNAPSHOT-Wall St opens flat after six-day rally,Reuters,d2wvfvUtI5EyrMMQcm_6ZLc7pqC5M
Economy's stumble in first quarter historic,MarketWatch,dDkTxCFNrRmzqyMPP9l7fynC7yuiM
"WRAPUP 1-US economy contracts sharply, consumer spending revised down",Reuters,dDkTxCFNrRmzqyMPP9l7fynC7yuiM
London Stock Exchange to buy Frank Russell for $2.7 billion,MarketWatch,dFdZuuStdz4KfMMEQDwqASRJkDD-M
"UPDATE 1-LSE set to buy US firm Frank Russell, plans rights issue",Reuters,dFdZuuStdz4KfMMEQDwqASRJkDD-M
Carphone Warehouse FY profit rises; view positive,MarketWatch,d7achHeamAOUqeMqbrl_k5y1_vVTM
Dixons Retail profits soar ahead of Carphone merger,Reuters,d7achHeamAOUqeMqbrl_k5y1_vVTM
"UPDATE 1-Carphone, Dixons profits rise ahead of planned merger",Reuters,d7achHeamAOUqeMqbrl_k5y1_vVTM
Dixons FY profit up 53%; sales get World Cup boost,MarketWatch,d7achHeamAOUqeMqbrl_k5y1_vVTM
Carphone Warehouse earnings jump ahead of Dixons merger,Reuters,d7achHeamAOUqeMqbrl_k5y1_vVTM
"EU Commission approves UK's Carphone, Dixons merger",Reuters,d7achHeamAOUqeMqbrl_k5y1_vVTM
"UPDATE 2-Barnes & Noble to spin off Nook business, focus on stores",Reuters,dc4ziFbTuRjJjxM9hLUIlE27kedwM
"Barnes & Noble reports smaller loss, says to separate Nook Media",Reuters,dc4ziFbTuRjJjxM9hLUIlE27kedwM
"Updates, advisories and surprises",MarketWatch,dc4ziFbTuRjJjxM9hLUIlE27kedwM
"Barnes & Noble to split Nook, retail businesses",MarketWatch,dc4ziFbTuRjJjxM9hLUIlE27kedwM
UPDATE 2-Anchor Diane Sawyer to step down from 'ABC World News' show,Reuters,daLHLW1UYIOrWmMA1ePw8z_vIT8bM
Diane Sawyer stepping down as ABC anchor,MarketWatch,daLHLW1UYIOrWmMA1ePw8z_vIT8bM
REFILE-UPDATE 2-State high court rules NYC ban on large sodas is illegal,Reuters,d-nVzASoiV_n0LMjKVesd43pQeppM
New York court blocks proposed ban on large sugary drinks,MarketWatch,d-nVzASoiV_n0LMjKVesd43pQeppM
GLOBAL MARKETS-Stocks slip on Fed official's rate hike call; sterling up,Reuters,dJela8uxiRnjVgMbiSKiq4Jvlb0cM
US STOCKS-Wall St dips after Fed's Bullard talks about rates,Reuters,dJela8uxiRnjVgMbiSKiq4Jvlb0cM
Bullard: Markets think Fed is more dovish than it is,MarketWatch,dJela8uxiRnjVgMbiSKiq4Jvlb0cM
"Fed could fall behind the curve, Bullard warns",Reuters,dJela8uxiRnjVgMbiSKiq4Jvlb0cM
Fed's Bullard says prefers bond-buying to end in October,Reuters,dJela8uxiRnjVgMbiSKiq4Jvlb0cM
US STOCKS-Wall St edges down after Fed's Bullard rate comments,Reuters,dJela8uxiRnjVgMbiSKiq4Jvlb0cM
GLOBAL MARKETS-Stocks down on Fed official's rate hike call; sterling up,Reuters,dJela8uxiRnjVgMbiSKiq4Jvlb0cM
Fed's Bullard says it's getting harder to justify low rates,MarketWatch,dJela8uxiRnjVgMbiSKiq4Jvlb0cM
US STOCKS-Wall St dips on Fed's Bullard comments on interest rates,Reuters,dJela8uxiRnjVgMbiSKiq4Jvlb0cM
GLOBAL MARKETS-Stocks down on Fed official's rate hike call; sterling rises,Reuters,dJela8uxiRnjVgMbiSKiq4Jvlb0cM
US STOCKS-Wall St down on Fed's Bullard comments on interest rates,Reuters,dJela8uxiRnjVgMbiSKiq4Jvlb0cM
"Europe shares extend losses, traders cite US Fed official",Reuters,dJela8uxiRnjVgMbiSKiq4Jvlb0cM
Fed's Bullard says jobs growth is 'ahead of schedule',Reuters,dJela8uxiRnjVgMbiSKiq4Jvlb0cM
US STOCKS-Wall St little changed ahead of data; Barclays lawsuit in focus,Reuters,dJela8uxiRnjVgMbiSKiq4Jvlb0cM
US second-quarter growth forecasts cut on tepid consumer spending,Reuters,dcnLpLtxYqnLt9MRM43DAw7DaNy2M
WRAPUP 2-US 2nd-quarter growth forecasts cut on tepid consumer spending,Reuters,dcnLpLtxYqnLt9MRM43DAw7DaNy2M
US 2nd-quarter growth forecasts cut on tepid consumer spending,Reuters,dcnLpLtxYqnLt9MRM43DAw7DaNy2M
"Consumers splurge on cars in May, that's it",MarketWatch,dcnLpLtxYqnLt9MRM43DAw7DaNy2M
"Consumers splurge on cars in May, but that's it",MarketWatch,dcnLpLtxYqnLt9MRM43DAw7DaNy2M
"Consumers splurge on cars in May, but not much else",MarketWatch,dcnLpLtxYqnLt9MRM43DAw7DaNy2M
"Oil futures ease, with Brent around $113 a barrel",MarketWatch,dRxJKW1H7VtoK6MxsFQKu67V4IvUM
"Brent holds above $113, but heads for biggest weekly drop since March",Reuters,dRxJKW1H7VtoK6MxsFQKu67V4IvUM
"NYMEX-US crude falls on profit taking, weak economic data",Reuters,dRxJKW1H7VtoK6MxsFQKu67V4IvUM
4 ETFs That May Include GoPro,MarketWatch,dtzEtCIuptnGnYM-d1hm66m1CLiQM
4 things GoPro needs to do to succeed,MarketWatch,dtzEtCIuptnGnYM-d1hm66m1CLiQM
UPDATE 1-Action camera-maker GoPro makes picture-perfect debut,Reuters,dtzEtCIuptnGnYM-d1hm66m1CLiQM
Action camera-maker GoPro's shares jump 26 pct in debut,Reuters,dtzEtCIuptnGnYM-d1hm66m1CLiQM
"Zulily rises, GoPro awaits public debut",MarketWatch,dtzEtCIuptnGnYM-d1hm66m1CLiQM
GoPro's IPO priced at $24 per share: underwriter,Reuters,dtzEtCIuptnGnYM-d1hm66m1CLiQM
GoPro's IPO prices at high end of expectations,MarketWatch,dtzEtCIuptnGnYM-d1hm66m1CLiQM
GoPro brings rare gadget deal to hot IPO market,MarketWatch,dtzEtCIuptnGnYM-d1hm66m1CLiQM
UPDATE 2-Alcoa to buy aerospace company Firth Rixson,Reuters,dadrHJfTXlOPOSMyDaKtVXWU45EWM
Alcoa to buy jet-engine parts maker Firth Rixson for $2.35 billion,MarketWatch,dadrHJfTXlOPOSMyDaKtVXWU45EWM
"UPDATE 3-Japan jobless rate hits 16-yr low, signals spending rebound ahead",Reuters,d35BPelnsg6dKIMJry58-WtimDwAM
"Japan's job market improves, inflation in line",MarketWatch,d35BPelnsg6dKIMJry58-WtimDwAM
RPT-Anchor Diane Sawyer to step down from ABC World News show,Reuters,dZ0v6dEgla22-9Mejai6ijWjYx9BM
Diane Sawyer stepping down as ABC anchor,MarketWatch,dZ0v6dEgla22-9Mejai6ijWjYx9BM
UPDATE 1-Crafts retailer Michaels makes lackluster market debut,Reuters,ddpA2qwf6lrjR-MBR3wnAdho19RPM
Michaels shares to begin trading Friday after pricing at $17 each,MarketWatch,ddpA2qwf6lrjR-MBR3wnAdho19RPM
Crafts retailer Michaels raises $473 million in IPO,Reuters,ddpA2qwf6lrjR-MBR3wnAdho19RPM
US STOCKS SNAPSHOT-Tech leads Wall St higher but DuPont drags,Reuters,d7ofUkOYJlt5KQMvytblez7AtoKHM
U.S. stocks rally into close; end week lower,MarketWatch,d7ofUkOYJlt5KQMvytblez7AtoKHM
"US STOCKS-S&P 500, Dow dip as DuPont warns; Nasdaq edges up",Reuters,d7ofUkOYJlt5KQMvytblez7AtoKHM
"US STOCKS-S&P 500 flat, on track to close slightly lower on week",Reuters,d7ofUkOYJlt5KQMvytblez7AtoKHM
"US STOCKS-Wall St edges lower, on track for weekly loss",Reuters,d7ofUkOYJlt5KQMvytblez7AtoKHM
"US STOCKS SNAPSHOT-Wall St ticks down at open, DuPont weighs",Reuters,d7ofUkOYJlt5KQMvytblez7AtoKHM
US stocks edge lower; Nike up on earnings,MarketWatch,d7ofUkOYJlt5KQMvytblez7AtoKHM
"US STOCKS-Futures point to lower Wall St open, Nike gains early",Reuters,d7ofUkOYJlt5KQMvytblez7AtoKHM
"REFILE-US STOCKS-Futures dip, but Nike rises in premarket",Reuters,d7ofUkOYJlt5KQMvytblez7AtoKHM
US STOCKS-Wall St set for flat open; Barclays lawsuit in focus,Reuters,d7ofUkOYJlt5KQMvytblez7AtoKHM
UPDATE 2-BNP plans dividend cut and bond issue as US settlement nears-WSJ,Reuters,dBVvYSleDLImmmM_qjHEHH0DIhERM
BNP plans to slash dividend over U.S. settlement,MarketWatch,dBVvYSleDLImmmM_qjHEHH0DIhERM
Exclusive: BNP may face one-year ban on processing some dollar payments  ...,Reuters,dBVvYSleDLImmmM_qjHEHH0DIhERM
"UPDATE 1-Banks may give up govt debt dealerships, says BNP Paribas",Reuters,dBVvYSleDLImmmM_qjHEHH0DIhERM
Some banks may walk away from government debt primary market -BNP,Reuters,dBVvYSleDLImmmM_qjHEHH0DIhERM
UPDATE 10-Oil steadies after big drop on easing supply fears,Reuters,dJjcPpolNfLLc7M4bBl4zQKZ5DXSM
Oil down a second week as Iraq fear premium fades,MarketWatch,dJjcPpolNfLLc7M4bBl4zQKZ5DXSM
Oil edges lower for second straight weekly decline,MarketWatch,dJjcPpolNfLLc7M4bBl4zQKZ5DXSM
Barclays shifts senior executive to dark pool investigation,Reuters,dVDGMleP6SWtytMRmkV0KdWKubeiM
"UPDATE 1-Barclays hires WilmerHale, ex-SEC litigator in dark pools probe",Reuters,dVDGMleP6SWtytMRmkV0KdWKubeiM
Bill White removed from daily job at Barclays during probe,MarketWatch,dVDGMleP6SWtytMRmkV0KdWKubeiM
UPDATE 3-Puerto Rico agency debt slumps as law fuels default fears,Reuters,dfFVR1TIs6Pn31M-CdRLtI16FOT7M
Puerto Rico aqueduct & sewer authority sees no debt restructure,Reuters,dfFVR1TIs6Pn31M-CdRLtI16FOT7M
"Puerto Rico agency debt slumps on downgrades, restructuring law",Reuters,dfFVR1TIs6Pn31M-CdRLtI16FOT7M
Moody's cuts ratings on two Puerto Rico public corporations,Reuters,dfFVR1TIs6Pn31M-CdRLtI16FOT7M
S&P cuts Puerto Rico Electric debt rating again,Reuters,dfFVR1TIs6Pn31M-CdRLtI16FOT7M
UPDATE 1-Moody's cuts Puerto Rico power authority,Reuters,dfFVR1TIs6Pn31M-CdRLtI16FOT7M
Puerto Rico moves to refinance its debt,MarketWatch,dfFVR1TIs6Pn31M-CdRLtI16FOT7M
UPDATE 1-Puerto Rico governor offers debt restructuring for public corporations,Reuters,dfFVR1TIs6Pn31M-CdRLtI16FOT7M
Fed's Bullard: much closer to normal economy than most realize,Reuters,dUh5Lgr8BjTkrJMYPKwIF8icGj_GM
Fed's Bullard sees inflation above 2% in 2015,MarketWatch,dUh5Lgr8BjTkrJMYPKwIF8icGj_GM
UPDATE 2-BNP Paribas CEO tells employees bank facing heavy US penalties,Reuters,dYjC5wxxLaz-sBMuzIuHjj-scAckM
BNP plans to slash dividend over U.S. settlement,MarketWatch,dYjC5wxxLaz-sBMuzIuHjj-scAckM
UPDATE 1-US pending home sales hit eight-month high in May,Reuters,d_gSOVyb6AktUYMCiBrZgMdhpbkTM
Pending home sales highest in eight months,MarketWatch,d_gSOVyb6AktUYMCiBrZgMdhpbkTM
US STOCKS SNAPSHOT-Wall St opens flat with data on tap,Reuters,dSUPr0XpohuZenMyF4Kcecf3lr76M
Stock market aims for fifth monthly gain,MarketWatch,dSUPr0XpohuZenMyF4Kcecf3lr76M
"US STOCKS-Futures dip modestly, but quarter set to end positive",Reuters,dSUPr0XpohuZenMyF4Kcecf3lr76M
"US STOCKS-Wall St to open flat, quarter set to end positive",Reuters,dSUPr0XpohuZenMyF4Kcecf3lr76M
"U.S. stock market: Futures flat, but first-half gain in view",MarketWatch,dSUPr0XpohuZenMyF4Kcecf3lr76M
"US STOCKS-S&P 500, Dow dip as DuPont warns; Nasdaq edges up",Reuters,dSUPr0XpohuZenMyF4Kcecf3lr76M
India Morning Call-Global Markets,Reuters,dSUPr0XpohuZenMyF4Kcecf3lr76M
Gold futures pull back after last week's gain,MarketWatch,dwFCuyqPBOvD3KMQfSN16TF_qWWwM
"PRECIOUS-Gold poised for second quarterly gain, US data in focus",Reuters,dwFCuyqPBOvD3KMQfSN16TF_qWWwM
UPDATE 3-Philips spins off lighting components businesses,Reuters,dI3EP3IzprskODMxEwzY-q51E3JWM
Philips to spin off lighting components business,MarketWatch,dI3EP3IzprskODMxEwzY-q51E3JWM
Europe stocks edge back; EasyJet drops on downgrade,MarketWatch,dOMwO37KzobwlnMzh-naKdrirlEJM
"Stocks set for quarterly gains, yen at five-week high",Reuters,dOMwO37KzobwlnMzh-naKdrirlEJM
UPDATE 1-ECB to wait for June measures to bite as inflation stays low,Reuters,dOMwO37KzobwlnMzh-naKdrirlEJM
"UPDATE 1-Euro zone loans slump, ECB waits for new measures to kick in",Reuters,dOMwO37KzobwlnMzh-naKdrirlEJM
Euro-zone inflation stays at 0.5% as lending falls,MarketWatch,dOMwO37KzobwlnMzh-naKdrirlEJM
European stocks higher ahead of inflation report,MarketWatch,dOMwO37KzobwlnMzh-naKdrirlEJM
ECB's Mersch: No euro zone deflationary pressure,MarketWatch,dOMwO37KzobwlnMzh-naKdrirlEJM
UPDATE 3-Bulgaria's bank crisis eases after Europe approves credit line,Reuters,dJLBdQIaAqzVUxMzFcv71jd5V1euM
Should investors worry about Bulgaria after bank runs?,MarketWatch,dJLBdQIaAqzVUxMzFcv71jd5V1euM
EU sets up credit line for Bulgaria after bank runs,MarketWatch,dJLBdQIaAqzVUxMzFcv71jd5V1euM
"CORRECTED-UPDATE 1-President tells Bulgarians after bank runs: ""Your  ...",Reuters,dJLBdQIaAqzVUxMzFcv71jd5V1euM
Bulgaria's third biggest lender says no restrictions on operations,Reuters,dJLBdQIaAqzVUxMzFcv71jd5V1euM
UPDATE 2-Bulgarian bank shares tumble after ruling party MP comments,Reuters,dJLBdQIaAqzVUxMzFcv71jd5V1euM
Bulgaria's First Investment Bank shares fall 14.1 pct,Reuters,dJLBdQIaAqzVUxMzFcv71jd5V1euM
"PRECIOUS-Gold holds near 3-month high, underpinned by soft dollar",Reuters,dl8-U1PnvTTu3TMNs3X8jCjaYO4nM
"PRECIOUS-Gold near 2-1/2 month top; softer dollar, fund inflows boost appeal",Reuters,dl8-U1PnvTTu3TMNs3X8jCjaYO4nM
"PRECIOUS-Gold rises on dollar drop, fund buying; posts Q2 gain",Reuters,dl8-U1PnvTTu3TMNs3X8jCjaYO4nM
Gold scores biggest monthly gain since February,MarketWatch,dl8-U1PnvTTu3TMNs3X8jCjaYO4nM
"GLOBAL ECONOMY-Asian stimulus boosts factories, euro zone still lags",Reuters,dZdgzuFO1Td5IiMTZwgLfLV2KNHRM
"WRAPUP 1-Central European factory activity slows, Poland nears stagnation",Reuters,dZdgzuFO1Td5IiMTZwgLfLV2KNHRM
U.K. manufacturing PMI rises unexpectedly to 57.5,MarketWatch,dZdgzuFO1Td5IiMTZwgLfLV2KNHRM
"REFILE-Euro zone manufacturing growth eases in June, France slowdown  ...",Reuters,dZdgzuFO1Td5IiMTZwgLfLV2KNHRM
Euro-zone manufacturing slows in June,MarketWatch,dZdgzuFO1Td5IiMTZwgLfLV2KNHRM
Turkey's PMI slumps to near three-year low,MarketWatch,dZdgzuFO1Td5IiMTZwgLfLV2KNHRM
"UPDATE 2-China factory activity hits multi-month highs, economy steadying",Reuters,dZdgzuFO1Td5IiMTZwgLfLV2KNHRM
Vietnam's manufacturing PMI holds to strength,MarketWatch,dZdgzuFO1Td5IiMTZwgLfLV2KNHRM
China factories show first improvement in six months,MarketWatch,dZdgzuFO1Td5IiMTZwgLfLV2KNHRM
China June official PMI rises to 51 from 50.8 in May,Reuters,dZdgzuFO1Td5IiMTZwgLfLV2KNHRM
WRAPUP 2-US imposes record fine on BNP in sanctions warning to banks,Reuters,dfIEH7jh6gu3BeMpJs-5IJQZuR-SM
RPT-Fitch: No Immediate Effect on BNP Paribas's Ratings from Settlement,Reuters,dfIEH7jh6gu3BeMpJs-5IJQZuR-SM
UPDATE 1-Swiss regulator says investigating staff at BNP's Geneva unit,Reuters,dfIEH7jh6gu3BeMpJs-5IJQZuR-SM
BNP Paribas may raise cash after record US fine,MarketWatch,dfIEH7jh6gu3BeMpJs-5IJQZuR-SM
"Swiss regulator probing management, staff at BNP Geneva unit",Reuters,dfIEH7jh6gu3BeMpJs-5IJQZuR-SM
European shares edge higher as BNP Paribas rebounds,Reuters,dfIEH7jh6gu3BeMpJs-5IJQZuR-SM
"European Factors to Watch-Shares seen steady at open, BNP in focus",Reuters,dfIEH7jh6gu3BeMpJs-5IJQZuR-SM
"European Factors to Watch-Shares set for steady open, BNP seen up",Reuters,dfIEH7jh6gu3BeMpJs-5IJQZuR-SM
"European Factors to Watch-Shares seen edging up, BNP in focus",Reuters,dfIEH7jh6gu3BeMpJs-5IJQZuR-SM
French and Benelux stocks-Factors to watch on July 1,Reuters,dfIEH7jh6gu3BeMpJs-5IJQZuR-SM
"CORRECTED-UPDATE 2-France's BNP to pay $9 bln in US sanctions case, face  ...",Reuters,dfIEH7jh6gu3BeMpJs-5IJQZuR-SM
"UPDATE 2-France's BNP to pay $9 bln in US sanctions case, face dollar  ...",Reuters,dfIEH7jh6gu3BeMpJs-5IJQZuR-SM
BNP to suspend some US dollar-clearing for one year: NY regulator,Reuters,dfIEH7jh6gu3BeMpJs-5IJQZuR-SM
"New month, new quarter; car sales on tap",MarketWatch,dwQK602Fo8vfozMWul1jG90dAE0kM
Hormel Foods to buy Muscle Milk products maker CytoSport Holdings,Reuters,dwQK602Fo8vfozMWul1jG90dAE0kM
"Japan's tankan survey offers both hope, despair",MarketWatch,d8ulQ3UwYkJR-OMalf8LbtRzCPhiM
Nikkei gains after shrugging off BOJ tankan; China PMI lifts mood,Reuters,d8ulQ3UwYkJR-OMalf8LbtRzCPhiM
"Japan's tankan survey slips, missing forecasts",MarketWatch,d8ulQ3UwYkJR-OMalf8LbtRzCPhiM
"Tax hike hits Japan business mood, but outlook upbeat: BOJ tankan",Reuters,d8ulQ3UwYkJR-OMalf8LbtRzCPhiM
Japan business confidence worsens in Q2 - BOJ tankan,Reuters,d8ulQ3UwYkJR-OMalf8LbtRzCPhiM
Activist Peltz builds up $1 billion stake in BNY Mellon,Reuters,d1ctbwQIzlNsYYMVgGIJQwY3MgOdM
Trian takes stake in Bank of New York Mellon,MarketWatch,d1ctbwQIzlNsYYMVgGIJQwY3MgOdM
UPDATE 2-Twitter names former Goldman executive Noto as CFO,Reuters,dT5gkd1dJfJtAvMrTQdK3fL7BkrTM
UPDATE 1-Twitter names former Goldman executive Noto as CFO,Reuters,dT5gkd1dJfJtAvMrTQdK3fL7BkrTM
Twitter names Goldman banker Noto as CFO,MarketWatch,dT5gkd1dJfJtAvMrTQdK3fL7BkrTM
"GLOBAL ECONOMY-Manufacturing expands in US, Asia; euro zone still lags",Reuters,d4fRBlBN98xtAhMxrgwJDdX3NQdnM
Final Markit US manufacturing PMI slips to 57.3,MarketWatch,d4fRBlBN98xtAhMxrgwJDdX3NQdnM
UPDATE 1-Roaring UK manufacturing points to broadening recovery,Reuters,d4fRBlBN98xtAhMxrgwJDdX3NQdnM
Pound punches higher on U.K. manufacturing growth,MarketWatch,d4fRBlBN98xtAhMxrgwJDdX3NQdnM
Pound extends reach above $1.70 after U.K. manufacturing report,MarketWatch,d4fRBlBN98xtAhMxrgwJDdX3NQdnM
Taiwan manufacturing PMI hits four-month high,MarketWatch,d4fRBlBN98xtAhMxrgwJDdX3NQdnM
UPDATE 2-Cyber-spying concerns won't overshadow US-China talks-Lew,Reuters,dcgG7lY2DZXch4MD37MIacrFKFwVM
US says more progress needed to raise yuan's value,Reuters,dcgG7lY2DZXch4MD37MIacrFKFwVM
Lew says China's currency is undervalued,MarketWatch,dcgG7lY2DZXch4MD37MIacrFKFwVM
"European shares start month with aplomb, BNP Paribas buoyant",Reuters,dC1SZXZyPcsh8zMMOjBBXHsrl0u3M
BNP pops higher in Europe; pound rises to 2008 levels,MarketWatch,dC1SZXZyPcsh8zMMOjBBXHsrl0u3M
WRAPUP 3-US imposes record fine on BNP in sanctions warning to banks,Reuters,dC1SZXZyPcsh8zMMOjBBXHsrl0u3M
Huge BNP Paribas fine is putting currency markets on edge,Reuters,dC1SZXZyPcsh8zMMOjBBXHsrl0u3M
"BNP's capital ratio slips to 10 pct ""borderline"" after record fine",Reuters,dC1SZXZyPcsh8zMMOjBBXHsrl0u3M
BNP Paribas leads European shares higher after sanctions settlement,Reuters,dC1SZXZyPcsh8zMMOjBBXHsrl0u3M
Investors begin prep for BNP Paribas Additional Tier 1 bond,Reuters,dC1SZXZyPcsh8zMMOjBBXHsrl0u3M
BNP rises in European trade after settlement,MarketWatch,dC1SZXZyPcsh8zMMOjBBXHsrl0u3M
"UPDATE 2-France's BNP to pay $9 bln in US sanctions case, face dollar  ...",Reuters,dC1SZXZyPcsh8zMMOjBBXHsrl0u3M
"FOREX-Dollar steadies before Yellen and ADP data, sterling shines",Reuters,da-MPumLstKqynMi_s28KazGJcDrM
"FOREX-Dollar steadies after hitting lows, awaits Yellen and ADP data",Reuters,da-MPumLstKqynMi_s28KazGJcDrM
"Startling news for investors, Yellen and Congress",MarketWatch,da-MPumLstKqynMi_s28KazGJcDrM
"Hong Kong hits seven-month high on U.S., China data",MarketWatch,dCnLcsgG641g0oM-3xzXcMAkNLbcM
"Hong Kong main index hits highest since December on optimism, property gains",Reuters,dCnLcsgG641g0oM-3xzXcMAkNLbcM
"China share-indexes end higher, lifted by banks",Reuters,dCnLcsgG641g0oM-3xzXcMAkNLbcM
Hong Kong benchmark hits highest since December on property gains; China slips,Reuters,dCnLcsgG641g0oM-3xzXcMAkNLbcM
PRESS DIGEST - China - July 2,Reuters,dCnLcsgG641g0oM-3xzXcMAkNLbcM
JP Morgan's Jamie Dimon diagnosed with throat cancer,MarketWatch,dMeza6XTeTLHT6M3nshcXYCPWq04M
"UPDATE 4-JPMorgan's Dimon has throat cancer, to begin treatment shortly",Reuters,dMeza6XTeTLHT6M3nshcXYCPWq04M
WRAPUP 4-US imposes record fine on BNP in sanctions warning to banks,Reuters,d6YO7NeDh0i1g-MGX-kN19ufmScwM
"UPDATE 2-BNP can absorb US fine without cash call, CEO tells paper",Reuters,d6YO7NeDh0i1g-MGX-kN19ufmScwM
White House declines to comment on BNP share rise,MarketWatch,d6YO7NeDh0i1g-MGX-kN19ufmScwM
BNP CEO says can absorb US fine without cash call - paper,Reuters,d6YO7NeDh0i1g-MGX-kN19ufmScwM
BNP Paribas says has ample cash to cover U.S. penalties,MarketWatch,d6YO7NeDh0i1g-MGX-kN19ufmScwM
"European Factors to Watch-Shares set for steady open, BNP seen up",Reuters,d6YO7NeDh0i1g-MGX-kN19ufmScwM
BNP's CEO tells retail clients their assets are safe,Reuters,d6YO7NeDh0i1g-MGX-kN19ufmScwM
UPDATE 5-US June auto sales hit level not seen since July 2006,Reuters,d6sJi3kYX5eUrbMcrHWL_6zRrkcFM
"GM, Chrysler, Toyota June car sales climb",MarketWatch,d6sJi3kYX5eUrbMcrHWL_6zRrkcFM
Private sector adds 281000 jobs in June: ADP,Reuters,deu40OMDcMQK_iM3u46our_nd-T7M
WRAPUP 1-US private job gains in June largest in 1-1/2 years,Reuters,deu40OMDcMQK_iM3u46our_nd-T7M
"This changes every... OK, nothing, but ADP still good sign",MarketWatch,deu40OMDcMQK_iM3u46our_nd-T7M
UPDATE 1-US private sector adds 281000 jobs in June -ADP,Reuters,deu40OMDcMQK_iM3u46our_nd-T7M
"281000 private-sector jobs added in June, ADP says",MarketWatch,deu40OMDcMQK_iM3u46our_nd-T7M
Private sector adds 281K jobs in June: ADP,MarketWatch,deu40OMDcMQK_iM3u46our_nd-T7M
"UPDATE 2-US sues T-Mobile USA, alleges bogus charges on phone bills",Reuters,dU6ewAz_2XbKBYMwAUf2mG_YOjeCM
FTC accuses T-Mobile of billing customers for bogus charges,MarketWatch,dU6ewAz_2XbKBYMwAUf2mG_YOjeCM
"Hong Kong benchmark slips, China stocks gain after upbeat survey",Reuters,dhFoIQ7b1n6alyM_m9nC-lv_dSNXM
"Hong Kong hits seven-month high on U.S., China data",MarketWatch,dhFoIQ7b1n6alyM_m9nC-lv_dSNXM
Asia stocks: Markets close higher,MarketWatch,dhFoIQ7b1n6alyM_m9nC-lv_dSNXM
UPDATE 3-Venture capitalist Draper wins US bitcoin auction,Reuters,dbKBgU3kGnXHoBMuetIxzPyHmLcPM
REFILE-UPDATE 2-Venture capitalist Draper wins US bitcoin auction,Reuters,dbKBgU3kGnXHoBMuetIxzPyHmLcPM
Venture capitalist Tim Draper wins bitcoin auction,MarketWatch,dbKBgU3kGnXHoBMuetIxzPyHmLcPM
"UPDATE 2-One winner in US Marshals bitcoin sale, identity not known",Reuters,dbKBgU3kGnXHoBMuetIxzPyHmLcPM
UPDATE 1-Announcement in bitcoin sale seen later today-US Marshals Service,Reuters,dbKBgU3kGnXHoBMuetIxzPyHmLcPM
"UPDATE 1-SecondMarket, Pantera outbid in bitcoin auction",Reuters,dbKBgU3kGnXHoBMuetIxzPyHmLcPM
"UPDATE 2-Brent dips to 3-wk low below $111, Libya says oil crisis over",Reuters,dWTqY98ucGWYTtMos4hipHZv52tgM
UPDATE 2-Libya declares oil crisis over after state reclaims ports,Reuters,dWTqY98ucGWYTtMos4hipHZv52tgM
NYMEX-US oil slips towards $104 as Libyan PM declares oil crisis over,Reuters,dWTqY98ucGWYTtMos4hipHZv52tgM
"UPDATE 9-Oil falls on Libya port deal, despite US inventory drop",Reuters,dWTqY98ucGWYTtMos4hipHZv52tgM
Libyan rebels to reopen two remaining oil terminals: spokesman,Reuters,dWTqY98ucGWYTtMos4hipHZv52tgM
"Oil slips as Iraq worries fade, supply grows",MarketWatch,dWTqY98ucGWYTtMos4hipHZv52tgM
Ford's CEO Fields gets 9 pct raise in annual salary,Reuters,d-Cs8GmvKJ7SIzMkjFWksebkfCSSM
Ford CEO Fields receives $1.75 million base salary,MarketWatch,d-Cs8GmvKJ7SIzMkjFWksebkfCSSM
"UPDATE 2-Yellen drives wedge between monetary policy, financial bubbles",Reuters,dirT8LyXGDFNfjMvllfqyEVKtXqsM
How the jobs report could disrupt the market's snooze,MarketWatch,dirT8LyXGDFNfjMvllfqyEVKtXqsM
Fed's Yellen says future could hold more zero lower bound episodes,Reuters,dirT8LyXGDFNfjMvllfqyEVKtXqsM
Live blog and video of Yellen and Lagarde discussing financial stability,MarketWatch,dirT8LyXGDFNfjMvllfqyEVKtXqsM
"Yellen: Rate policy needs to focus on jobs, not stability",MarketWatch,dirT8LyXGDFNfjMvllfqyEVKtXqsM
"Yellen: Rate policy needs to focus on employment, not financial stability",MarketWatch,dirT8LyXGDFNfjMvllfqyEVKtXqsM
Five surprises that could derail higher interest rates,MarketWatch,dirT8LyXGDFNfjMvllfqyEVKtXqsM
UPDATE 2-Pimco suffers 14th month of outflows at Total Return Fund,Reuters,dRC2tvh59doyB4M5SWpd6zUimFqZM
Pimco Total Return Fund has 14th month of outflows,MarketWatch,dRC2tvh59doyB4M5SWpd6zUimFqZM
Pimco Total Return Fund had net outflows of $4.5 bln in June -Morningstar,Reuters,dRC2tvh59doyB4M5SWpd6zUimFqZM
UPDATE 2-JPMorgan's Dimon plans to use vacation for cancer treatment,Reuters,dtS1p_CVZU12qVMXG1MSUKIIXBzXM
Dimon's cancer only part of J.P. Morgan's ills,MarketWatch,dtS1p_CVZU12qVMXG1MSUKIIXBzXM
"UPDATE 4-JPMorgan's Dimon has throat cancer, to begin treatment shortly",Reuters,dtS1p_CVZU12qVMXG1MSUKIIXBzXM
UPDATE 1-JPMorgan CEO Dimon says has curable throat cancer,Reuters,dtS1p_CVZU12qVMXG1MSUKIIXBzXM
Hong Kong should cherish its standing as offshore yuan hub - China c.bank,Reuters,dkpRSIMBCMKcw0MGAdthwBjOXNMEM
CNH Tracker-Offshore yuan deposits to pick up despite hiccups in Hong Kong,Reuters,dkpRSIMBCMKcw0MGAdthwBjOXNMEM
Hong Kong stocks seesaw lower after hitting seven-month high,MarketWatch,dkpRSIMBCMKcw0MGAdthwBjOXNMEM
"UPDATE 1-HKMA intervenes as deals, China optimism spur Hong Kong dollar  ...",Reuters,dkpRSIMBCMKcw0MGAdthwBjOXNMEM
Hong Kong makes rare forex-market intervention: report,MarketWatch,dkpRSIMBCMKcw0MGAdthwBjOXNMEM
GLOBAL MARKETS-Asian stocks tread water ahead of US jobs data,Reuters,d1gpqsIu2qkadyM320qZrV7FIFUcM
"Dollar takes heart from ADP report, jobs data next test",Reuters,d1gpqsIu2qkadyM320qZrV7FIFUcM
"FOREX-Dollar takes heart from ADP report, jobs data next test",Reuters,d1gpqsIu2qkadyM320qZrV7FIFUcM
FOREX-Dollar gains on upbeat US private sector jobs data,Reuters,d1gpqsIu2qkadyM320qZrV7FIFUcM
US bond yields near lows even if jobs numbers stay rosy,Reuters,d1gpqsIu2qkadyM320qZrV7FIFUcM
FOREX-Dollar shines on strong US private sector jobs report,Reuters,d1gpqsIu2qkadyM320qZrV7FIFUcM
"U.S. Added 33330 Franchise Jobs in June, According to ADP National Franchise  ...",MarketWatch,d1gpqsIu2qkadyM320qZrV7FIFUcM
Teva files petition with US FDA against MS drug competitors,Reuters,d8OOE_w29Ze8czMKge_bvVF58-HYM
ADDING MULTIMEDIATeva Files Citizen Petition with the U.S. Food and Drug  ...,MarketWatch,d8OOE_w29Ze8czMKge_bvVF58-HYM
PRESS DIGEST - Hong Kong - July 4,Reuters,d0Y-Rp3tFWkthpM23_YWelwwKMqdM
UPDATE 1-New online service disruptions in China; activists see HK protest link,Reuters,d0Y-Rp3tFWkthpM23_YWelwwKMqdM
New swathe of online services disrupted in China; activists see HK protest link,Reuters,d0Y-Rp3tFWkthpM23_YWelwwKMqdM
Hong Kong May retail sales fall 4.1 pct yr/yr,Reuters,d0Y-Rp3tFWkthpM23_YWelwwKMqdM
PRESS DIGEST - Hong Kong - July 3,Reuters,d0Y-Rp3tFWkthpM23_YWelwwKMqdM
"Hong Kong hits seven-month high on U.S., China data",MarketWatch,d0Y-Rp3tFWkthpM23_YWelwwKMqdM
Hong Kong makes rare forex-market intervention: report,MarketWatch,d0Y-Rp3tFWkthpM23_YWelwwKMqdM
UPDATE 2-Export renewal cuts Canada's May trade gap to near zero,Reuters,dwT0WVOtzIMgcUMREnOfC3cIg2FZM
Trade gap drops 5.6% in May as exports rise,MarketWatch,dwT0WVOtzIMgcUMREnOfC3cIg2FZM
US trade deficit shrinks 5.6% in May to $44.4 billion,MarketWatch,dwT0WVOtzIMgcUMREnOfC3cIg2FZM
"WRAPUP 7-US job growth surges, unemployment rate near six-year low",Reuters,dqRVATJoCxom1UMsgJlJOxjniWl4M
"WRAPUP 6-US job growth surges, unemployment rate near six-year low",Reuters,dqRVATJoCxom1UMsgJlJOxjniWl4M
We're in the midst of the longest job-growth streak,MarketWatch,dqRVATJoCxom1UMsgJlJOxjniWl4M
Hiring booms in June as economy speeds up,MarketWatch,dqRVATJoCxom1UMsgJlJOxjniWl4M
Lenovo sees IBM server deal closing by year-end,MarketWatch,dESf_HjI1FNbIWMMieaVJOfgfm6lM
"UPDATE 1-Lenovo expects IBM, Mobility deals to be completed by year end",Reuters,dESf_HjI1FNbIWMMieaVJOfgfm6lM
SHAREHOLDER ALERT: Pomerantz Law Firm Announces the Filing of a Class  ...,MarketWatch,dv6P1GlqPymra3MZ0KZj-047qn93M
Kroger to buy online retailer Vitacost.com for $280 million,Reuters,dv6P1GlqPymra3MZ0KZj-047qn93M
Slump in Erste Bank halts European stocks rally,Reuters,d11BlC6PCQ4FSmMdAOPuKXIopj8aM
UPDATE 5-Investors punish Erste for new emerging Europe hit,Reuters,d11BlC6PCQ4FSmMdAOPuKXIopj8aM
Vienna stocks lose appeal as emerging Europe worries investors,Reuters,d11BlC6PCQ4FSmMdAOPuKXIopj8aM
Raiffeisen Bank Int'l expects profit in Romania in 2014,Reuters,d11BlC6PCQ4FSmMdAOPuKXIopj8aM
Erste Bank shares plunge on profit warning,MarketWatch,d11BlC6PCQ4FSmMdAOPuKXIopj8aM
Plunge in Erste Bank halts European stocks rally,Reuters,d11BlC6PCQ4FSmMdAOPuKXIopj8aM
Treichl wants to stay Erste CEO despite record loss,Reuters,d11BlC6PCQ4FSmMdAOPuKXIopj8aM
Erste Bank shares slump after profit warning,Reuters,d11BlC6PCQ4FSmMdAOPuKXIopj8aM
Erste tumbles in Europe after bank warns of loss,MarketWatch,d11BlC6PCQ4FSmMdAOPuKXIopj8aM
"Erste warns of 2014 loss on Hungary, Romania hits",MarketWatch,d11BlC6PCQ4FSmMdAOPuKXIopj8aM
"UPDATE 3-Hedge fund Jana Partners to seek PetSmart sale, shares up",Reuters,dQMn-_89NPTlMwMF7VL9YMqx7wYVM
PetSmart gains on Jana stake; Lorillard rallies,MarketWatch,dQMn-_89NPTlMwMF7VL9YMqx7wYVM
PetSmart soars after revealing Jana stake,MarketWatch,dQMn-_89NPTlMwMF7VL9YMqx7wYVM
UPDATE 5-Oil drops on signs of rising supply; Brent below $111,Reuters,dmVGLh9qgVvSeAMQAv4tjFts0w6HM
Oil moves in narrow range after overnight fall,MarketWatch,dmVGLh9qgVvSeAMQAv4tjFts0w6HM
"Brent holds near $111, US oil in longest losing streak since Dec '09",Reuters,dmVGLh9qgVvSeAMQAv4tjFts0w6HM
Libya declares oil crisis over after state reclaims ports,Reuters,dmVGLh9qgVvSeAMQAv4tjFts0w6HM
Oil deepens losses as Libya agrees to open ports,MarketWatch,dmVGLh9qgVvSeAMQAv4tjFts0w6HM
"UPDATE 9-Oil falls on Libya port deal, despite US inventory drop",Reuters,dmVGLh9qgVvSeAMQAv4tjFts0w6HM
"PRECIOUS-Gold steady, seen vulnerable after strong US jobs data",Reuters,d_mZVJVxnpbhSHMQwLHGiy8pzEPFM
"PRECIOUS-Gold steady, but strong US jobs data could drag",Reuters,d_mZVJVxnpbhSHMQwLHGiy8pzEPFM
PRECIOUS-Gold slips after upbeat US nonfarm payrolls,Reuters,d_mZVJVxnpbhSHMQwLHGiy8pzEPFM
Gold futures stretch advance to fourth session,MarketWatch,d_mZVJVxnpbhSHMQwLHGiy8pzEPFM
Gold turns lower after ADP jobs data,MarketWatch,d_mZVJVxnpbhSHMQwLHGiy8pzEPFM
"Dow, S&P set new records in strong week for U.S. stocks",MarketWatch,dgsw0fJMpNJURjMEGrc2rGhl_fqZM
Laggardly Dow crosses 17000 milestone,Reuters,dgsw0fJMpNJURjMEGrc2rGhl_fqZM
Mercedes-Benz June sales up 8 pct on year to 142136 vehicles,Reuters,df4PvDrGEJsoHQMFmrUP9TEtPSi5M
Mercedes-Benz sales surge 13% on Asian demand,MarketWatch,df4PvDrGEJsoHQMFmrUP9TEtPSi5M
Newscast: ADM strikes a flavorful deal for $3B,MarketWatch,dZEoQtgqqTc0zGMzU5yDMgvoX_WkM
UPDATE 4-US agribusiness ADM to acquire Wild Flavors for $3 bln,Reuters,dZEoQtgqqTc0zGMzU5yDMgvoX_WkM
CORRECTED-UPDATE 1-ADM buys ingredients company Wild Flavors for  ...,Reuters,dZEoQtgqqTc0zGMzU5yDMgvoX_WkM
Archer Daniels Midland agrees to buy Wild Flavors,MarketWatch,dZEoQtgqqTc0zGMzU5yDMgvoX_WkM
UPDATE 1-UK sees surprise slump in May factory output,Reuters,dcRuTLI3r4iyNcMn1d0EaJp_u-3QM
UK factory output falls unexpectedly in May,MarketWatch,dcRuTLI3r4iyNcMn1d0EaJp_u-3QM
UPDATE 3-Smartphones weigh on Samsung Elec as guidance disappoints,Reuters,dl2OYqnKtdzYK0MZNgYUO0F03ZCeM
"S.Korean stocks finish flat after Samsung Elec's grim Q2 guidance, won eases",Reuters,dl2OYqnKtdzYK0MZNgYUO0F03ZCeM
S.Korea stocks edge down after Samsung Elec's weak Q2 earnings guidance,Reuters,dl2OYqnKtdzYK0MZNgYUO0F03ZCeM
Samsung blames weaker demand for outlook cut,MarketWatch,dl2OYqnKtdzYK0MZNgYUO0F03ZCeM
Samsung Electronics says Q2 operating profit likely fell 24.5 pct,Reuters,dl2OYqnKtdzYK0MZNgYUO0F03ZCeM
Samsung Electronics says second quarter operating profit likely fell 24.5 percent,Reuters,dl2OYqnKtdzYK0MZNgYUO0F03ZCeM
Samsung tips worse-than-expected profit drop,MarketWatch,dl2OYqnKtdzYK0MZNgYUO0F03ZCeM
UPDATE 1-Air France warns on profit as overcapacity hits prices,Reuters,dol5L6_BURPZdlMMmiyBEQ7rMFoFM
Air France-KLM lowers 2014 earnings guidance,MarketWatch,dol5L6_BURPZdlMMmiyBEQ7rMFoFM
UPDATE 4-Brent oil hits fresh 1-month low under $110 in 7-day slide,Reuters,d19uy9lutvN2C3Mahq3GAmURqqSvM
Oil futures fall on Libyan supply expectations,MarketWatch,d19uy9lutvN2C3Mahq3GAmURqqSvM
NYMEX-US crude dips towards $103 as supplies set to rise,Reuters,d19uy9lutvN2C3Mahq3GAmURqqSvM
"UPDATE 9-Brent, US crude oil fall as supply fears fade",Reuters,d19uy9lutvN2C3Mahq3GAmURqqSvM
Oil settles at one-month low; natural gas tumbles,MarketWatch,d19uy9lutvN2C3Mahq3GAmURqqSvM
Oil edges lower after Libya lifts force majeure,MarketWatch,d19uy9lutvN2C3Mahq3GAmURqqSvM
Brent trades near 3-wk low just above $110; Libya could boost supply,Reuters,d19uy9lutvN2C3Mahq3GAmURqqSvM
Alcoa shares rise after earnings top Street view,MarketWatch,dtIm2VE5SyrOGvMnAwygiwqt4U1oM
UPDATE 3-Alcoa pledges finished products push as results beat Wall Street,Reuters,dtIm2VE5SyrOGvMnAwygiwqt4U1oM
Tesla sued in China; Groupon gets upgrade,MarketWatch,dtIm2VE5SyrOGvMnAwygiwqt4U1oM
"Alcoa, Allergan and PetSmart are stocks to watch",MarketWatch,dtIm2VE5SyrOGvMnAwygiwqt4U1oM
US stocks: Futures slip; ADM in $3 billion deal,MarketWatch,dtIm2VE5SyrOGvMnAwygiwqt4U1oM
UPDATE 2-Amazon courts Hachette authors by proposing they keep e-book  ...,Reuters,djB9LBsrA_0TyHM5hCZ0Jo3ZOqBnM
Amazon offers authors 100% of sales amid dispute,MarketWatch,djB9LBsrA_0TyHM5hCZ0Jo3ZOqBnM
S.Korean stocks end down after worst day in almost 2 weeks,Reuters,d43cbo-PKndaGSM6v01FuHMCaQ3AM
S.Korea stocks set for worst day in 2 weeks; won flat,Reuters,d43cbo-PKndaGSM6v01FuHMCaQ3AM
REFILE-WRAPUP 1-Incoming S. Korean minister cites weak economy; Samsung  ...,Reuters,d43cbo-PKndaGSM6v01FuHMCaQ3AM
"Samsung sees another profit dip, cites weak demand",MarketWatch,d43cbo-PKndaGSM6v01FuHMCaQ3AM
"Incoming South Korean minister cites weak economy; Samsung, retail lag",Reuters,d43cbo-PKndaGSM6v01FuHMCaQ3AM
"WRAPUP 1-Incoming S. Korean minister cites weak economy; Samsung, retail lag",Reuters,d43cbo-PKndaGSM6v01FuHMCaQ3AM
Samsung tips worse-than-expected profit drop,MarketWatch,d43cbo-PKndaGSM6v01FuHMCaQ3AM
SE Asia Stocks -Mixed; Manila shares fall on concerns over weak China demand,Reuters,dpXIE2Bj1Tjn35MEY-xCskzKo9DuM
GLOBAL MARKETS-Asian stocks extend drop after cool Chinese price data,Reuters,dpXIE2Bj1Tjn35MEY-xCskzKo9DuM
"Hong Kong shares fall with Tencent a big drag, China slips",Reuters,dpXIE2Bj1Tjn35MEY-xCskzKo9DuM
Hong Kong stocks fall further after China data,MarketWatch,dpXIE2Bj1Tjn35MEY-xCskzKo9DuM
"Better labor, inflation data likely temporary: Fed's Kocherlakota",Reuters,dNJB5f4GzH0jTlMeEyWcKVpMod5UM
"'Unusual' mix of negative growth, strong jobs: Fed's Kocherlakota",Reuters,dNJB5f4GzH0jTlMeEyWcKVpMod5UM
"Unusual mix of negative growth, strong jobs -Fed's Kocherlakota",Reuters,dNJB5f4GzH0jTlMeEyWcKVpMod5UM
US economic growth to continue at modest pace - Fed's Lacker,Reuters,dNJB5f4GzH0jTlMeEyWcKVpMod5UM
UPDATE 1-Lacker says inflation moving toward Fed's target,Reuters,dNJB5f4GzH0jTlMeEyWcKVpMod5UM
"Fed must be pre-emptive, hiking rate before inflation emerges: Lacker",MarketWatch,dNJB5f4GzH0jTlMeEyWcKVpMod5UM
"US STOCKS-Wall St falls in broad weakness, Dow below 17000",Reuters,djcW5_rWDRB_FJMiIFS9RQtqO1mNM
"US STOCKS-Wall St slumps in broad decline, Dow under 17000",Reuters,djcW5_rWDRB_FJMiIFS9RQtqO1mNM
"S&P 500, Nasdaq retest major support",MarketWatch,djcW5_rWDRB_FJMiIFS9RQtqO1mNM
US STOCKS SNAPSHOT-Wall St opens lower as earnings loom,Reuters,djcW5_rWDRB_FJMiIFS9RQtqO1mNM
"US STOCKS-Futures point to lower open, investors await earnings",Reuters,djcW5_rWDRB_FJMiIFS9RQtqO1mNM
US STOCKS-Wall St drops as cyclicals weigh; small-caps lag,Reuters,djcW5_rWDRB_FJMiIFS9RQtqO1mNM
US STOCKS SNAPSHOT-Wall St pulls back from record levels,Reuters,djcW5_rWDRB_FJMiIFS9RQtqO1mNM
Stock valuations riding on stellar earnings performance,MarketWatch,djcW5_rWDRB_FJMiIFS9RQtqO1mNM
"UPDATE 2-China June consumer inflation cools, more stimulus expected",Reuters,dSKpO-yWIYdNCiMO6VEaOPpk0oP7M
"China's inflation eases (for now), leaving room for stimulus",MarketWatch,dSKpO-yWIYdNCiMO6VEaOPpk0oP7M
"CORRECTED-UPDATE 1-China June consumer inflation cools, more stimulus  ...",Reuters,dSKpO-yWIYdNCiMO6VEaOPpk0oP7M
"China June CPI rises 2.3 pct y/y, slightly less than forecast",Reuters,dSKpO-yWIYdNCiMO6VEaOPpk0oP7M
"China consumer inflation, wholesale deflation both ease",MarketWatch,dSKpO-yWIYdNCiMO6VEaOPpk0oP7M
Citigroup may pay $7 billion to resolve US mortgage probes: source,Reuters,dpAW9MWa0Awt8CMFxKchcYJ5z6qIM
Citi near $7 billion deal to resolve mortgage probe,MarketWatch,dpAW9MWa0Awt8CMFxKchcYJ5z6qIM
UPDATE 1-AbbVie forced to retract comments in Shire takeover fight,Reuters,dlknCqBVrOVJ4WMTGn5UzGeYobmoM
AbbVie forced to retract comments in Shire takeover fight,Reuters,dlknCqBVrOVJ4WMTGn5UzGeYobmoM
UPDATE 4-AbbVie hikes bid for drugmaker Shire to $51 billion,Reuters,dlknCqBVrOVJ4WMTGn5UzGeYobmoM
AbbVie says hostile move on Shire remains an option,Reuters,dlknCqBVrOVJ4WMTGn5UzGeYobmoM
Shire shares rise in premarket trade after AbbVie ups buyout bid by 11%,MarketWatch,dlknCqBVrOVJ4WMTGn5UzGeYobmoM
UPDATE 4-American Apparel strikes deal with largest shareholders,Reuters,dYAGDT_Vz7Pb6SM_5UHKNv645DAVM
UPDATE 3-American Apparel strikes deal with largest shareholders,Reuters,dYAGDT_Vz7Pb6SM_5UHKNv645DAVM
Investigation into American Apparel's ex-CEO to wrap up soon,Reuters,dYAGDT_Vz7Pb6SM_5UHKNv645DAVM
American Apparel gets $25 million from hedge fund,MarketWatch,dYAGDT_Vz7Pb6SM_5UHKNv645DAVM
Fed plans to end bond purchases in October,MarketWatch,dXszqDf4846Op3Mmpkp6XPRRaOFgM
Selected highlights from the Fed minutes,MarketWatch,dXszqDf4846Op3Mmpkp6XPRRaOFgM
"Fed mulls policy exit, eyes end of asset purchases",Reuters,dXszqDf4846Op3Mmpkp6XPRRaOFgM
"UPDATE 2-Fed mulls policy exit, eyes October end of asset purchases",Reuters,dXszqDf4846Op3Mmpkp6XPRRaOFgM
REFILE-TREASURIES-US bond prices rise as Fed hints no hurry to hike rates,Reuters,dXszqDf4846Op3Mmpkp6XPRRaOFgM
Treasurys swing higher after Fed minutes,MarketWatch,dXszqDf4846Op3Mmpkp6XPRRaOFgM
Fed plans to end taper in October: minutes,MarketWatch,dXszqDf4846Op3Mmpkp6XPRRaOFgM
China June daily crude oil imports down 7.8 pct on month,Reuters,dnRsrH4btw6fzzMSx1iy1g4n_HunM
"UPDATE 2-China June trade data misses forecasts, doubts over economy linger",Reuters,dnRsrH4btw6fzzMSx1iy1g4n_HunM
"China's exports, trade surplus miss forecasts",MarketWatch,dnRsrH4btw6fzzMSx1iy1g4n_HunM
China June crude-oil imports up 5% on year,MarketWatch,dnRsrH4btw6fzzMSx1iy1g4n_HunM
"UPDATE 1-China June exports grow less than expected, doubts over economy  ...",Reuters,dnRsrH4btw6fzzMSx1iy1g4n_HunM
"China June exports up 7.2 pct y/y, imports up 5.5 pct",Reuters,dnRsrH4btw6fzzMSx1iy1g4n_HunM
UPDATE 2-Japan May core machinery orders' record fall casts shadow over  ...,Reuters,djYopYCTJLOasRMH-QUElk3QTsTeM
Japan May core machinery orders dive almost 20%,MarketWatch,djYopYCTJLOasRMH-QUElk3QTsTeM
Japan May core machinery orders unexpectedly fall 19.5 pct mth/mth,Reuters,djYopYCTJLOasRMH-QUElk3QTsTeM
UPDATE 3-BOJ says inflation to stay above 1 pct despite cut in GDP forecast,Reuters,dmAZK2qQ60cmnrM57yeDe3ZXljKsM
HIGHLIGHTS 5-BOJ Governor Kuroda comments at news conference,Reuters,dmAZK2qQ60cmnrM57yeDe3ZXljKsM
"BOJ says recovery, inflation on track despite tax hike",Reuters,dmAZK2qQ60cmnrM57yeDe3ZXljKsM
Nikkei rises to 1-1/2-week high on US optimism; BOJ gets muted reaction,Reuters,dmAZK2qQ60cmnrM57yeDe3ZXljKsM
"Bank of Japan trims growth forecast, holds policy steady",MarketWatch,dmAZK2qQ60cmnrM57yeDe3ZXljKsM
"RPT--Hong Kong shares end higher, China Mobile leads again",Reuters,dNLPN5SYz6dw2OMxtHAT2tE8wWeXM
Hong Kong stocks extend gains on auto rally,MarketWatch,dNLPN5SYz6dw2OMxtHAT2tE8wWeXM
"UPDATE 3-Brent oil slips below $106.50, ample supplies outweigh Libya strife",Reuters,dDbZs5yNvMXdzyM2eLkppVUBnmu6M
"Oil futures choppy amid soft demand, politics",MarketWatch,dDbZs5yNvMXdzyM2eLkppVUBnmu6M
MARKET EYE-Indian bond yields edge lower on fall in inflation,Reuters,dDbZs5yNvMXdzyM2eLkppVUBnmu6M
"NYMEX-US crude at over $101 on Libya, Iraq supply concern, US inventory  ...",Reuters,dDbZs5yNvMXdzyM2eLkppVUBnmu6M
UPDATE 7-Oil inches up as signs of healthy supply tempered by Libya,Reuters,dDbZs5yNvMXdzyM2eLkppVUBnmu6M
Oil choppy as markets weigh geopolitical risks,MarketWatch,dDbZs5yNvMXdzyM2eLkppVUBnmu6M
NYMEX-US crude inches up towards $101; geopolitical risk in focus,Reuters,dDbZs5yNvMXdzyM2eLkppVUBnmu6M
Blockbuster Bakken deal may put a bit more oil in traders' hands,Reuters,dap7TgQqIJKCXtMuS6rCqs8qAoRkM
Whiting Pete agrees to buy Kodiak Oil & Gas,MarketWatch,dap7TgQqIJKCXtMuS6rCqs8qAoRkM
"UPDATE 2-Whiting to buy Kodiak for $3.8 bln, create No. 1 Bakken producer",Reuters,dap7TgQqIJKCXtMuS6rCqs8qAoRkM
US stocks: Dow closes above 17000,MarketWatch,dMwzWyjelhqNUQMnZaySeenA7HLSM
"US STOCKS-Wall St closes higher on Citi earnings, healthcare M&A",Reuters,dMwzWyjelhqNUQMnZaySeenA7HLSM
"US STOCKS SNAPSHOT-Wall Street ends higher on M&A, Citi earnings",Reuters,dMwzWyjelhqNUQMnZaySeenA7HLSM
"US STOCKS-Wall St opens higher on M&A, Citi earnings",Reuters,dMwzWyjelhqNUQMnZaySeenA7HLSM
Debt purchases are within ECB's mandate: Draghi,MarketWatch,dNVP3c9lv5aP-bM47K66lDEizKCLM
Euro zone bond yields dip as ECB's Draghi reaffirms possibility of QE,Reuters,dNVP3c9lv5aP-bM47K66lDEizKCLM
"GLOBAL MARKETS-Stocks, bonds edge up after Draghi, data eyed",Reuters,dNVP3c9lv5aP-bM47K66lDEizKCLM
ECB liquidity plan to be reflected in euro: report,MarketWatch,dNVP3c9lv5aP-bM47K66lDEizKCLM
Draghi says has no plans to leave the ECB,Reuters,dNVP3c9lv5aP-bM47K66lDEizKCLM
UPDATE 1-ECB's Draghi says appreciated euro a risk to recovery,Reuters,dNVP3c9lv5aP-bM47K66lDEizKCLM
European stocks bruised by weak German sentiment data,MarketWatch,d2xz_PR6bEUQrfMJCp5whorBe1CrM
UPDATE 1-German investor morale drops to lowest in 1-1/2 years in July,Reuters,d2xz_PR6bEUQrfMJCp5whorBe1CrM
German investor morale drops to lowest in 1-1/2 years in July,Reuters,d2xz_PR6bEUQrfMJCp5whorBe1CrM
"Apple, IBM team up to create apps, sell phones",MarketWatch,dYFSM9IPBVus5CM3Nb_sp74vC4BMM
UPDATE 1-IBM to offer iPads and iPhones for business users,Reuters,dYFSM9IPBVus5CM3Nb_sp74vC4BMM
Blackberry US shares fall after the bell,Reuters,dYFSM9IPBVus5CM3Nb_sp74vC4BMM
"UPDATE 4-Yahoo to keep more of Alibaba, share half of IPO proceeds",Reuters,dN3lcpsGAo8QJGM3cPj_gL-gci9iM
"Yahoo to keep more of Alibaba, share half of IPO proceeds",Reuters,dN3lcpsGAo8QJGM3cPj_gL-gci9iM
"UPDATE 2-Yahoo amends deal with Alibaba, misses Wall St revenue target",Reuters,dN3lcpsGAo8QJGM3cPj_gL-gci9iM
Yahoo's Mayer has nothing to celebrate,MarketWatch,dN3lcpsGAo8QJGM3cPj_gL-gci9iM
"Yahoo, Intel results on tap in after hours",MarketWatch,dN3lcpsGAo8QJGM3cPj_gL-gci9iM
Yahoo advertising declines to weigh on revenue,MarketWatch,dN3lcpsGAo8QJGM3cPj_gL-gci9iM
"Tech stocks waver ahead of Yahoo, Intel reports",MarketWatch,dN3lcpsGAo8QJGM3cPj_gL-gci9iM
"Updates, advisories and surprises",MarketWatch,dN3lcpsGAo8QJGM3cPj_gL-gci9iM
"Yahoo: Focus on Alibaba, display business",MarketWatch,dN3lcpsGAo8QJGM3cPj_gL-gci9iM
UPDATE 3-Novartis and Google to develop 'smart' contact lens,Reuters,d7pENdSrXiC9BnMxhvVtJ38G9qVCM
"Novartis to license Google ""smart lens"" technology",MarketWatch,d7pENdSrXiC9BnMxhvVtJ38G9qVCM
Alibaba pushes further into entertainment,MarketWatch,d8cAnd671i7vzeM4w_cldw7JkDFYM
"UPDATE 1-Lions Gate, Alibaba to offer joint subscription TV streaming service in  ...",Reuters,d8cAnd671i7vzeM4w_cldw7JkDFYM
UPDATE 1-US official warns of lawsuit as BofA mortgage talks stall,Reuters,d_LF_1UpoQ2iK5Mu50mFoQ0wkXbeM
US official warns of lawsuit as BofA mortgage talks stall,Reuters,d_LF_1UpoQ2iK5Mu50mFoQ0wkXbeM
US official warns banks of lawsuits over mortgage misconduct,Reuters,d_LF_1UpoQ2iK5Mu50mFoQ0wkXbeM
UPDATE 1-BofA pays AIG $650 million to settle mortgage disputes,Reuters,d_LF_1UpoQ2iK5Mu50mFoQ0wkXbeM
"Bank of America, DoJ discuss mortgage settlement",MarketWatch,d_LF_1UpoQ2iK5Mu50mFoQ0wkXbeM
BofA pays AIG $650 million to settle mortgage disputes,Reuters,d_LF_1UpoQ2iK5Mu50mFoQ0wkXbeM
Bank of America profit falls 43% on legal charges,MarketWatch,d_LF_1UpoQ2iK5Mu50mFoQ0wkXbeM
Who's afraid of Janet Yellen?,Reuters,d_6QnkHd8ScDmCMnQBi8D4PjJtN5M
SAFT ON WEALTH-Who's afraid of Janet Yellen?,Reuters,d_6QnkHd8ScDmCMnQBi8D4PjJtN5M
FOREX-Dollar up on US rate speculation after Yellen comments,Reuters,d_6QnkHd8ScDmCMnQBi8D4PjJtN5M
"Benchmark Treasurys rise after data, Fed",MarketWatch,d_6QnkHd8ScDmCMnQBi8D4PjJtN5M
Highlights: Yellen's Q&A testimony to House panel,Reuters,d_6QnkHd8ScDmCMnQBi8D4PjJtN5M
Pound rises to 22-month high against the euro,MarketWatch,d_6QnkHd8ScDmCMnQBi8D4PjJtN5M
Jim Cramer's wrong — the Fed should talk valuations,MarketWatch,d_6QnkHd8ScDmCMnQBi8D4PjJtN5M
FOREX-Dollar rises on US rate speculation after Yellen comments,Reuters,d_6QnkHd8ScDmCMnQBi8D4PjJtN5M
U.S. stocks: Futures build on gains with Bank of America ahead,MarketWatch,d_6QnkHd8ScDmCMnQBi8D4PjJtN5M
"FOREX-Dollar bulls hear hawkish hint from Yellen, inflation lifts sterling",Reuters,d_6QnkHd8ScDmCMnQBi8D4PjJtN5M
Why Yellen didn't rock the markets today,MarketWatch,d_6QnkHd8ScDmCMnQBi8D4PjJtN5M
Dollar extends gains after Yellen's comments,MarketWatch,d_6QnkHd8ScDmCMnQBi8D4PjJtN5M
Fed's George says economy 'ready' for higher rates,MarketWatch,d_6QnkHd8ScDmCMnQBi8D4PjJtN5M
"UPDATE 3-PayPal fuels higher eBay revenue even as cyber attack, rivals weigh",Reuters,dpsFIWb16k0fAJMHxyvFCsBa8jwQM
EBay's Q2 revenue climbs 13 percent,Reuters,dpsFIWb16k0fAJMHxyvFCsBa8jwQM
"EBay logs payments, marketplaces gains",MarketWatch,dpsFIWb16k0fAJMHxyvFCsBa8jwQM
"UPDATE 2-Yum's China rebound dimmed by India, Pizza Hut weakness",Reuters,d-MkWJLmE5PuzEMoBmNlAxIDOQtoM
Yum Brands profit up 19% as China unit rallies,MarketWatch,d-MkWJLmE5PuzEMoBmNlAxIDOQtoM
US Treasury urges Congress to act on corporate tax dodge deals,Reuters,d5S-bBF1pAiIh4MDcY5QI--P7OECM
UPDATE 4-US Treasury urges Congress to act on corporate tax dodge deals,Reuters,d5S-bBF1pAiIh4MDcY5QI--P7OECM
Obama urges immediate action on 'inversions',MarketWatch,d5S-bBF1pAiIh4MDcY5QI--P7OECM
"Fed Beige Book: Activity, labor markets improve in all regions",MarketWatch,dv4dD48eGImkZCM1Khjp6k_teerVM
US economic activity expands in Fed's 12 districts -Beige Book,Reuters,dv4dD48eGImkZCM1Khjp6k_teerVM
"Economy, labor market expanding across US: Beige Book",MarketWatch,dv4dD48eGImkZCM1Khjp6k_teerVM
9 reasons Apple's stock will keep rising,MarketWatch,d2SeEz654jNV_xMhyeuALMy5e5_eM
Apple and IBM: From 'Think' to 'Think Different' to 'Think Again',MarketWatch,d2SeEz654jNV_xMhyeuALMy5e5_eM
"UPDATE 1-Apple-IBM deal dents BlackBerry's prospects, slams stock",Reuters,d2SeEz654jNV_xMhyeuALMy5e5_eM
UPDATE 3-Fiat Chrysler denies report of merger talks with VW,Reuters,d5nku-eSP2ov2BMN1nz0sBzcCN0WM
"Fiat held no merger talks with Volkswagen, spokesman says",Reuters,d5nku-eSP2ov2BMN1nz0sBzcCN0WM
Exor says Fiat held no merger talks with Volkswagen,Reuters,d5nku-eSP2ov2BMN1nz0sBzcCN0WM
Fiat shares rise on report of VW merger talks,MarketWatch,d5nku-eSP2ov2BMN1nz0sBzcCN0WM
Microsoft up on job cuts; Barbie sinks Mattel,MarketWatch,dTQk20X8bdYdxxMqVWefyCvF88AyM
"UPDATE 4-Morgan Stanley profit more than doubles, beating estimates",Reuters,dTQk20X8bdYdxxMqVWefyCvF88AyM
UPDATE 2-Morgan Stanley moves ahead with Rosneft deal despite sanctions  ...,Reuters,dTQk20X8bdYdxxMqVWefyCvF88AyM
"CORRECTED-UPDATE 2-Morgan Stanley profit more than doubles, beating  ...",Reuters,dTQk20X8bdYdxxMqVWefyCvF88AyM
CORRECTED-Morgan Stanley quarterly profit more than doubles,Reuters,dTQk20X8bdYdxxMqVWefyCvF88AyM
"Morgan Stanley earnings: Watch bond trading, wealth management",MarketWatch,dTQk20X8bdYdxxMqVWefyCvF88AyM
PRECIOUS-Gold rallies on safe-haven bids after Malaysian plane downed,Reuters,drCNvsebNn8C6HMG5C4XL0Niz6VfM
Gold up again as tensions with Russia rise,MarketWatch,drCNvsebNn8C6HMG5C4XL0Niz6VfM
PRECIOUS-Gold rises 1.3 pct on Ukraine tension; palladium up,Reuters,drCNvsebNn8C6HMG5C4XL0Niz6VfM
PRECIOUS-Gold edges above $1300/oz as Russia sanctions hit equities,Reuters,drCNvsebNn8C6HMG5C4XL0Niz6VfM
"Gold rises again, but caution still rules",MarketWatch,drCNvsebNn8C6HMG5C4XL0Niz6VfM
"PRECIOUS-Gold steady near 4-week low; stronger equities, data weigh",Reuters,drCNvsebNn8C6HMG5C4XL0Niz6VfM
UPDATE 5-Microsoft to cut 18000 jobs this year as it chops Nokia,Reuters,dsAS6qyOREVE47MAf4ErwtwuGS2xM
Microsoft axe-wielding or not — jobs market getting better,MarketWatch,dsAS6qyOREVE47MAf4ErwtwuGS2xM
"Microsoft to cut 18000 jobs, book big charge",MarketWatch,dsAS6qyOREVE47MAf4ErwtwuGS2xM
Microsoft shares hit 14-year high,MarketWatch,dsAS6qyOREVE47MAf4ErwtwuGS2xM
Text: Microsoft CEO Satya Nadella's memo on job cuts,MarketWatch,dsAS6qyOREVE47MAf4ErwtwuGS2xM
What's your question for Microsoft's Satya Nadella?,MarketWatch,dsAS6qyOREVE47MAf4ErwtwuGS2xM
Text: Microsoft device chief Stephen Elop's email on company shake-up,MarketWatch,dsAS6qyOREVE47MAf4ErwtwuGS2xM
Nadella tries to fix Microsoft's GM problem,MarketWatch,dsAS6qyOREVE47MAf4ErwtwuGS2xM
Is it third time lucky for IBM and Apple?,MarketWatch,dSamYZFaQ4_NkLMe4VzR3GpK5NSeM
"Apple, IBM to “Think Again” with new partnership",MarketWatch,dSamYZFaQ4_NkLMe4VzR3GpK5NSeM
FedEx faces charges in drug-shipping probe,MarketWatch,dhk-07pc2zNVpwMQ0vHJfnLXHohXM
UPDATE 2-FedEx faces US criminal charges over online pharmacies,Reuters,dhk-07pc2zNVpwMQ0vHJfnLXHohXM
UPDATE 1-FedEx faces US criminal charges over online pharmacies,Reuters,dhk-07pc2zNVpwMQ0vHJfnLXHohXM
Johnson Controls revenue rises on higher demand from China,Reuters,dDlXCWrqWmNnuwMPUDmuhs18SkxZM
UPDATE 1-Johnson Controls revenue rises on higher demand from China,Reuters,dDlXCWrqWmNnuwMPUDmuhs18SkxZM
Johnson Controls revenue rises 3 pct on China demand,Reuters,dDlXCWrqWmNnuwMPUDmuhs18SkxZM
Johnson Controls profit slides on charges,MarketWatch,dDlXCWrqWmNnuwMPUDmuhs18SkxZM
UPDATE 3-IBM software sales weaker than expected in 2nd quarter,Reuters,dyVdK6BQ_dovhiM9VvQh6bvE1CQ4M
"IBM boosts profit, even as revenue keeps falling",MarketWatch,dyVdK6BQ_dovhiM9VvQh6bvE1CQ4M
"RPT-IBM beats revenue estimates as company focuses on big data, cloud",Reuters,dyVdK6BQ_dovhiM9VvQh6bvE1CQ4M
GE credit card unit to be valued at up to $21.6 bln in IPO,Reuters,debPEffm4LElovMQ8io8qiGewE4PM
UPDATE 1-GE credit card unit to be valued at up to $21.6 bln in IPO,Reuters,debPEffm4LElovMQ8io8qiGewE4PM
"UPDATE 2-GE profit rises 13 pct, expects retail finance IPO end-July",Reuters,debPEffm4LElovMQ8io8qiGewE4PM
GE credit card unit says to raise up to $3.25 bln in IPO,Reuters,debPEffm4LElovMQ8io8qiGewE4PM
GE's Synchrony IPO could raise $3.1 billion,MarketWatch,debPEffm4LElovMQ8io8qiGewE4PM
GE expects to pocket $3.1 billion from Synchrony IPO,MarketWatch,debPEffm4LElovMQ8io8qiGewE4PM
GE profit climbs 13% as it preps for IPO of finance unit,MarketWatch,debPEffm4LElovMQ8io8qiGewE4PM
GE posts second-quarter operating earnings of 39 cents a share,MarketWatch,debPEffm4LElovMQ8io8qiGewE4PM
What to watch for in GE earnings,MarketWatch,debPEffm4LElovMQ8io8qiGewE4PM
Google spurs tech gains following earnings,MarketWatch,dJvS10Uzt_Y0ixMbQCFbGYd055dbM
UPDATE 1-Google seen best placed for growth as it transitions to mobile,Reuters,dJvS10Uzt_Y0ixMbQCFbGYd055dbM
Google gains in after-hours as sales top estimates,MarketWatch,dJvS10Uzt_Y0ixMbQCFbGYd055dbM
Google to take center stage in after hours trade,MarketWatch,dJvS10Uzt_Y0ixMbQCFbGYd055dbM
Shire upgrades FY view as quarterly revenue rises,MarketWatch,d_sK8OtA_HsSMgMlTR0x-DmmeOYdM
AbbVie woos Shire into $54 billion acquisition deal,MarketWatch,d_sK8OtA_HsSMgMlTR0x-DmmeOYdM
RLPC-AbbVie's Shire merger backed with 13.5 bln stg bridge loan,Reuters,d_sK8OtA_HsSMgMlTR0x-DmmeOYdM
"NORTH CHICAGO, Illinois, Jul 18, 2014 (PR Newswire Europe via COMTEX  ...",MarketWatch,d_sK8OtA_HsSMgMlTR0x-DmmeOYdM
Just add items to create a watchlist now:,MarketWatch,d_sK8OtA_HsSMgMlTR0x-DmmeOYdM
AbbVie woes Shire into $54 billion acquisition deal,MarketWatch,d_sK8OtA_HsSMgMlTR0x-DmmeOYdM
"CORRECTED-UPDATE 1-Shire, AbbVie to announce $53 bln merger by Friday  ...",Reuters,d_sK8OtA_HsSMgMlTR0x-DmmeOYdM
"CORRECTED-Shire, AbbVie to announce $53 billion merger by Friday -sources",Reuters,d_sK8OtA_HsSMgMlTR0x-DmmeOYdM
"UPDATE 2-Interpublic revenue gets a boost from UK, beats estimate",Reuters,dj8IZUJAB1N7SzMT881dOH-vmwlqM
"Interpublic's profit, revenue rises",MarketWatch,dj8IZUJAB1N7SzMT881dOH-vmwlqM
UPDATE 2-Higher turbocharger sales boost Honeywell results,Reuters,d8AIolIiRpcb1QMmB2RqnyPHJ1pJM
Honeywell profit boosted by turbocharger sales,Reuters,d8AIolIiRpcb1QMmB2RqnyPHJ1pJM
"Honeywell profit rises, raises low end of outlook",MarketWatch,d8AIolIiRpcb1QMmB2RqnyPHJ1pJM
UPDATE 1-IBM to offer iPads and iPhones for business users,Reuters,dSamYZFaQ4_NkLMe4VzR3GpK5NSeM
UBS says books 254 million euros against second quarter to settle one German  ...,Reuters,dAYAp_8zVXvm60MmfgMv7WYQVhhBM
UBS discloses under US scrutiny over dark pool,MarketWatch,dAYAp_8zVXvm60MmfgMv7WYQVhhBM
CORRECTED-UPDATE 1-UBS says books 254 mln Sfr against Q2 to settle one  ...,Reuters,dAYAp_8zVXvm60MmfgMv7WYQVhhBM
UBS says cooperating with US inquiries about dark pools,Reuters,dAYAp_8zVXvm60MmfgMv7WYQVhhBM
"UBS posts profit gain, beating forecasts",MarketWatch,dAYAp_8zVXvm60MmfgMv7WYQVhhBM
UPDATE 5-Property website Zillow to buy rival Trulia to cut costs,Reuters,dPKRgNyZOhJf-yMvwaXUfYnxIMacM
Zillow's $3.5 billion Trulia buy leads tech action,MarketWatch,dPKRgNyZOhJf-yMvwaXUfYnxIMacM
How the Zillow-Trulia deal affects online home search,MarketWatch,dPKRgNyZOhJf-yMvwaXUfYnxIMacM
Zillow rises on Trulia acquisition,MarketWatch,dPKRgNyZOhJf-yMvwaXUfYnxIMacM
"TRULIA, INC. SHAREHOLDER ALERT: Rigrodsky & Long, P.A. Announces  ...",MarketWatch,dPKRgNyZOhJf-yMvwaXUfYnxIMacM
UPDATE 2-Deutsche Bank profit rises as investment bank focus pays off,Reuters,dgASKzBdZdndrZMvlMt-lghTkGFSM
Deutsche Bank expects challenges for investment banking to persist,Reuters,dgASKzBdZdndrZMvlMt-lghTkGFSM
"Deutsche Bank Q2 profit up 16 percent, debt trading steady",Reuters,dgASKzBdZdndrZMvlMt-lghTkGFSM
"Deutsche Bank profit falls, missing forecasts",MarketWatch,dgASKzBdZdndrZMvlMt-lghTkGFSM
UPDATE 2-BP profit jumps but warns of Russia sanctions impact,Reuters,dkYfTN5Y1XhiKHMPHmMKuhWqV7x2M
BP profit jumps but warns of Russia sanctions impact,Reuters,dkYfTN5Y1XhiKHMPHmMKuhWqV7x2M
BP warns on impact of Russia sanctions,MarketWatch,dkYfTN5Y1XhiKHMPHmMKuhWqV7x2M
BP second-quarter profit rises 34 pct,Reuters,dkYfTN5Y1XhiKHMPHmMKuhWqV7x2M
BP profit rises on Rosneft boost,MarketWatch,dkYfTN5Y1XhiKHMPHmMKuhWqV7x2M
Court orders Russia to pay $50 billion for seizing Yukos assets,Reuters,dkYfTN5Y1XhiKHMPHmMKuhWqV7x2M
UPDATE 7-Court orders Russia to pay $50 bln for seizing Yukos assets,Reuters,dkYfTN5Y1XhiKHMPHmMKuhWqV7x2M
European court should note $50 bln Yukos ruling in assessing separate claim  ...,Reuters,dkYfTN5Y1XhiKHMPHmMKuhWqV7x2M
CORRECTED-Russia to challenge Hague Court's Yukos ruling -Finance Ministry,Reuters,dkYfTN5Y1XhiKHMPHmMKuhWqV7x2M
CORRECTED-UPDATE 1-Court orders Russia to pay over $50 bln in damages  ...,Reuters,dkYfTN5Y1XhiKHMPHmMKuhWqV7x2M
"CORRECTED-UPDATE 3-Rouble, stocks down after Russia says will challenge  ...",Reuters,dkYfTN5Y1XhiKHMPHmMKuhWqV7x2M
Russia ordered to pay $50 billion to Yukos shareholders,MarketWatch,dkYfTN5Y1XhiKHMPHmMKuhWqV7x2M
Honda profit beats estimates but US sales dented,Reuters,dVmzXRf-s3jagMMjzVEn1snVCfEKM
UPDATE 2-Honda profit beats estimates but US sales dented,Reuters,dVmzXRf-s3jagMMjzVEn1snVCfEKM
"Honda Q1 profit rises 7 pct, beats estimates on cost cuts, Japan sales",Reuters,dVmzXRf-s3jagMMjzVEn1snVCfEKM
Honda net profit up 20% on sales growth,MarketWatch,dVmzXRf-s3jagMMjzVEn1snVCfEKM
UPDATE 2-Nissan aims to boost US sales and profit as it closes on Honda,Reuters,dVmzXRf-s3jagMMjzVEn1snVCfEKM
Nissan reports hefty profit rise,MarketWatch,dVmzXRf-s3jagMMjzVEn1snVCfEKM
5 things not to buy at dollar stores,MarketWatch,dyKLaN8mKAL7bIMJ9OSn_lHbS4hpM
TRULIA SHAREHOLDER ALERT - Andrews & Springer LLC is Seeking More  ...,MarketWatch,dyKLaN8mKAL7bIMJ9OSn_lHbS4hpM
US stocks eke out small gains,MarketWatch,dyKLaN8mKAL7bIMJ9OSn_lHbS4hpM
UPDATE 6-Dollar Tree to buy Family Dollar to stave off competition,Reuters,dyKLaN8mKAL7bIMJ9OSn_lHbS4hpM
US STOCKS-Wall St yawns as deal news offsets data; Herbalife sinks,Reuters,dyKLaN8mKAL7bIMJ9OSn_lHbS4hpM
This is how big Icahn's payoff was on Family Dollar,MarketWatch,dyKLaN8mKAL7bIMJ9OSn_lHbS4hpM
US STOCKS-Wall St near flat as deal news offsets housing data,Reuters,dyKLaN8mKAL7bIMJ9OSn_lHbS4hpM
UPDATE 2-China regulator announces anti-monopoly probe of Microsoft,Reuters,d-mbL8_DqBYvEdMBqoh-6GQ42xlLM
RPT-China regulator in anti-monopoly probe of Microsoft,Reuters,d-mbL8_DqBYvEdMBqoh-6GQ42xlLM
Microsoft confirms China investigation,MarketWatch,d-mbL8_DqBYvEdMBqoh-6GQ42xlLM
REFILE-UPDATE 3-Microsoft targeted in apparent Chinese anti-trust probe,Reuters,d-mbL8_DqBYvEdMBqoh-6GQ42xlLM
Chinese officials visit Microsoft offices in China Visits,MarketWatch,d-mbL8_DqBYvEdMBqoh-6GQ42xlLM
"JD.com, Tencent take early Xbox preorders in China",MarketWatch,d-mbL8_DqBYvEdMBqoh-6GQ42xlLM
UPDATE 2-Microsoft targeted in apparent Chinese antitrust probe,Reuters,d-mbL8_DqBYvEdMBqoh-6GQ42xlLM
UPDATE 1-JD.com to sell Microsoft's Xbox One games console in China,Reuters,d-mbL8_DqBYvEdMBqoh-6GQ42xlLM
UPDATE 3-Brent steady around $108 in range-bound market,Reuters,dxuhoupGhpkiZOMQkK8zG0doqwxvM
Brent hovers near $107.50 ahead of US data,Reuters,dxuhoupGhpkiZOMQkK8zG0doqwxvM
NYMEX-US crude takes back some losses after stockpile draw,Reuters,dxuhoupGhpkiZOMQkK8zG0doqwxvM
UPDATE 9-Brent oil firm on new Russia sanctions; US slips on refinery,Reuters,dxuhoupGhpkiZOMQkK8zG0doqwxvM
"BP, Shell, Morgan Stanley seek end of oil price-fixing lawsuit",Reuters,dxuhoupGhpkiZOMQkK8zG0doqwxvM
"Oil mixed; WTI slips on supply worries, Brent gains",MarketWatch,dxuhoupGhpkiZOMQkK8zG0doqwxvM
"UPDATE 8-Oil lower on signs of excess supply, weak demand in Europe and Asia",Reuters,dxuhoupGhpkiZOMQkK8zG0doqwxvM
Brent slips below $108 as Mideast tension cools on Gaza lull,Reuters,dxuhoupGhpkiZOMQkK8zG0doqwxvM
Amgen plans to cut up to 2900 jobs,MarketWatch,dDZm7vLNBM-A2BMS2AHLAQdoo_qXM
"UPDATE 2-Amgen to cut up to 2900 jobs, prepares to introduce new drugs",Reuters,dDZm7vLNBM-A2BMS2AHLAQdoo_qXM
"Amgen to cut up to 2900 jobs, prepares to introduce new drugs",Reuters,dDZm7vLNBM-A2BMS2AHLAQdoo_qXM
"Amgen to cut up to 15% of workforce, ups EPS view",MarketWatch,dDZm7vLNBM-A2BMS2AHLAQdoo_qXM
Lorillard profit down as e-cigarette sales fall,MarketWatch,dRzQGh1kP51__YM55BL_u1NLDltmM
UPDATE 2-British American Tobacco profit hit by strong pound,Reuters,dRzQGh1kP51__YM55BL_u1NLDltmM
British American Tobacco results hurt by forex,Reuters,dRzQGh1kP51__YM55BL_u1NLDltmM
British American Tobacco sales hit by currencies,MarketWatch,dRzQGh1kP51__YM55BL_u1NLDltmM
REFILE-Reynolds American profit rises 6.7 pct on higher pricing,Reuters,dRzQGh1kP51__YM55BL_u1NLDltmM
Nintendo swings to net loss in first quarter,MarketWatch,didJMFurji2KkxM11y2MloaFQku_M
"Nintendo Q1 oper loss worse than expected, outlook unchanged",Reuters,didJMFurji2KkxM11y2MloaFQku_M
Private-sector job growth tops 200000 for fourth month: ADP,MarketWatch,d3sB3euVeLYJh5Mn1qbWt12TtiXLM
UPDATE 2-US private sector adds 218000 jobs in July -ADP,Reuters,d3sB3euVeLYJh5Mn1qbWt12TtiXLM
UPDATE 2-Yelp's business account growth falls short of expectations,Reuters,d4_4o21tBqps6fMqaQM_3vyeO2mxM
Yelp swings to profit for first time since IPO,MarketWatch,d4_4o21tBqps6fMqaQM_3vyeO2mxM
Samsung to launch two new high-end smartphones,MarketWatch,dk7ilF8iYguJ8VM4vGpz_eBtkgKdM
"Samsung Elec says third quarter handset, tablet shipments to rise 10 percent vs  ...",Reuters,dk7ilF8iYguJ8VM4vGpz_eBtkgKdM
Samsung's net profit falls 20% on smartphone sales,MarketWatch,dk7ilF8iYguJ8VM4vGpz_eBtkgKdM
India Morning Call-Global Markets,Reuters,d2PUeHxkzWHiHIMS56XLaqxcsMEQM
"US STOCKS-S&P 500, Nasdaq end up as Fed in no rush to raise rates",Reuters,d2PUeHxkzWHiHIMS56XLaqxcsMEQM
US STOCKS SNAPSHOT-S&P 500 ends flat as Fed in no rush to raise rates,Reuters,d2PUeHxkzWHiHIMS56XLaqxcsMEQM
US STOCKS-S&P 500 nearly flat as investors digest Fed statement,Reuters,d2PUeHxkzWHiHIMS56XLaqxcsMEQM
"Twitter, US Steel soar; Buffalo Wild Wings are burned",MarketWatch,d2PUeHxkzWHiHIMS56XLaqxcsMEQM
US STOCKS-S&P 500 turns higher after Fed statement,Reuters,d2PUeHxkzWHiHIMS56XLaqxcsMEQM
US STOCKS-Wall St gives up gains as GDP raises Fed concerns,Reuters,d2PUeHxkzWHiHIMS56XLaqxcsMEQM
US STOCKS-Wall St up on GDP data; Twitter has biggest jump ever,Reuters,d2PUeHxkzWHiHIMS56XLaqxcsMEQM
Charting the approach of S&P 2000,MarketWatch,d2PUeHxkzWHiHIMS56XLaqxcsMEQM
"Twitter, AmEx, Yelp among stocks to watch",MarketWatch,d2PUeHxkzWHiHIMS56XLaqxcsMEQM
Herbalife sinks on disappointing results; Darden gains,MarketWatch,d2PUeHxkzWHiHIMS56XLaqxcsMEQM
Fed seen raising interest rates in June 2015,Reuters,dXv34hA28bZ3G2ME0i23KT1lJGVcM
"Fed torn between falling jobless, rising inflation",Reuters,dXv34hA28bZ3G2ME0i23KT1lJGVcM
WRAPUP 5-Fed nods to firmer prices yet still focused on labor weakness,Reuters,dXv34hA28bZ3G2ME0i23KT1lJGVcM
COLUMN-Fed to widen Main St/Wall St gap: James Saft,Reuters,dXv34hA28bZ3G2ME0i23KT1lJGVcM
"Expert Views: Fed reduces bond buying, still concerned about labor mkts",Reuters,dXv34hA28bZ3G2ME0i23KT1lJGVcM
"Fed sees economy gaining speed, mildly higher inflation",MarketWatch,dXv34hA28bZ3G2ME0i23KT1lJGVcM
"REFILE-WRAPUP 6-Argentina fails to reach debt agreement, default imminent",Reuters,ddkHM2pdw2rn30M-j3KGmN0Fp9FTM
Chronology: Argentina's turbulent history of economic crises,Reuters,ddkHM2pdw2rn30M-j3KGmN0Fp9FTM
Deal for Argentine banks to buy holdouts' debt fell through: sources,Reuters,ddkHM2pdw2rn30M-j3KGmN0Fp9FTM
It's not just hedge funds that own Argentine bonds,MarketWatch,ddkHM2pdw2rn30M-j3KGmN0Fp9FTM
Argentina rating cut to 'selective default' by S&P,MarketWatch,ddkHM2pdw2rn30M-j3KGmN0Fp9FTM
"Argentina, creditors fail to reach deal",MarketWatch,ddkHM2pdw2rn30M-j3KGmN0Fp9FTM
Economy minister asserts Argentina not in default,Reuters,ddkHM2pdw2rn30M-j3KGmN0Fp9FTM
"WRAPUP 4-Argentina fails to reach debt agreement, default looms",Reuters,ddkHM2pdw2rn30M-j3KGmN0Fp9FTM
"UPDATE 4-Food scare driving away Yum, McDonald's diners in China",Reuters,d998DFrjTLP1gZMXa3g1w04J6qXaM
"Food scare driving away Yum, McDonald's diners in China",Reuters,d998DFrjTLP1gZMXa3g1w04J6qXaM
Yum Brands: Shanghai Husi reports hit China chains,MarketWatch,d998DFrjTLP1gZMXa3g1w04J6qXaM
CORRECTED-Yum Brands says China sales hit by food scandal,Reuters,d998DFrjTLP1gZMXa3g1w04J6qXaM
Argentina trustee declares nonpayment on bonds,MarketWatch,d45lrITaqI7OdIM52IGhAToArjnNM
Argentine stocks and bonds sink after debt nonpayment,MarketWatch,d45lrITaqI7OdIM52IGhAToArjnNM
Argentine bondholders given instructions by BNY Mellon,Reuters,d45lrITaqI7OdIM52IGhAToArjnNM
Argentina urges bondholders to demand blocked payment from judge,Reuters,d45lrITaqI7OdIM52IGhAToArjnNM
Argentina says debt deal between third parties would not break RUFO,Reuters,d45lrITaqI7OdIM52IGhAToArjnNM
BNY confirms still holding Argentina bond monies,Reuters,d45lrITaqI7OdIM52IGhAToArjnNM
LinkedIn revenue rises 47 pct,Reuters,dnXRE0o5UVN0DrMAIq1BJtU9pLYyM
"UPDATE 1-LinkedIn forecasts strong qtr, driven by hiring business",Reuters,dnXRE0o5UVN0DrMAIq1BJtU9pLYyM
LinkedIn revenue climbs on strong ad gains,MarketWatch,dnXRE0o5UVN0DrMAIq1BJtU9pLYyM
What to look for in LinkedIn earnings,MarketWatch,dnXRE0o5UVN0DrMAIq1BJtU9pLYyM
Dow industrials tumble 317 points in worst day since Feb. 3,MarketWatch,dEfdTocFn42Jg0MZxocww9TD8Z7zM
US STOCKS SNAPSHOT-Wall Street tumbles on Fed rate angst,Reuters,dEfdTocFn42Jg0MZxocww9TD8Z7zM
Market bears fire shot across the bow,MarketWatch,dEfdTocFn42Jg0MZxocww9TD8Z7zM
US STOCKS-Wall St up on GDP data; Twitter has biggest jump ever,Reuters,dEfdTocFn42Jg0MZxocww9TD8Z7zM
"UPDATE 3-Big US banks' funding advantage reduced, could rise in crisis-official",Reuters,dSsiDeVpKrIE_-MlGumwbUPApyFuM
'Too big to fail' report hedges on big bank funding edge,MarketWatch,dSsiDeVpKrIE_-MlGumwbUPApyFuM
UPDATE 3-Higher oil prices lift Exxon's profit as production sags,Reuters,dujpf4KiScW08pMhr5kox35MvfNkM
CORRECTED-Exxon Mobil quarterly profit jumps 28 percent,Reuters,dujpf4KiScW08pMhr5kox35MvfNkM
Exxon's profit climbs 28% to beat estimates,MarketWatch,dujpf4KiScW08pMhr5kox35MvfNkM
US stocks: Futures drop on last day of July trade,MarketWatch,dujpf4KiScW08pMhr5kox35MvfNkM
"Earnings preview: Chevron's production, spending in focus",MarketWatch,dujpf4KiScW08pMhr5kox35MvfNkM
UPDATE 2-Action camera maker GoPro reports bigger loss as costs double,Reuters,drGrMY-_uDNODtMMjhru4KAqI1zDM
Action camera maker GoPro reports bigger loss,Reuters,drGrMY-_uDNODtMMjhru4KAqI1zDM
"GoPro's revenue up, but shares dip on growth worry",MarketWatch,drGrMY-_uDNODtMMjhru4KAqI1zDM
"Overdraft fees risky for consumers, bonanza for US banks: report",Reuters,d7Zsg7iuFULW2xMQsMixx_z0uWtkM
"Behold, the 17000% overdraft charge",MarketWatch,d7Zsg7iuFULW2xMQsMixx_z0uWtkM
UPDATE 3-Tesla expects to boost 2015 output to more than 60000,Reuters,d_6CT2UjnUp12gMtzr7_n0kjjW_VM
Tesla CEO says company to bear up to half cost of battery factory,Reuters,d_6CT2UjnUp12gMtzr7_n0kjjW_VM
Tesla CEO says company can make more than 60000 vehicles in 2015,Reuters,d_6CT2UjnUp12gMtzr7_n0kjjW_VM
Tesla Motors' loss widens despite greater output,MarketWatch,d_6CT2UjnUp12gMtzr7_n0kjjW_VM
Panasonic to help build Tesla battery plant,MarketWatch,d_6CT2UjnUp12gMtzr7_n0kjjW_VM
Panasonic to initially invest $200-300 million in Tesla battery plant: source,Reuters,d_6CT2UjnUp12gMtzr7_n0kjjW_VM
UPDATE 7-France's Iliad challenges Sprint for control of T-Mobile,Reuters,dUYL87lG0rr5S5Mm-H_jM0AD5umdM
CORRECTED-France's Iliad confirms bid for T-Mobile US,Reuters,dUYL87lG0rr5S5Mm-H_jM0AD5umdM
UPDATE 5-France's Iliad challenges Sprint for control of T-Mobile,Reuters,dUYL87lG0rr5S5Mm-H_jM0AD5umdM
France's Iliad makes buyout offer for T-Mobile US -WSJ,Reuters,dUYL87lG0rr5S5Mm-H_jM0AD5umdM
France's Iliad makes a buyout offer for T-Mobile US-source,Reuters,dUYL87lG0rr5S5Mm-H_jM0AD5umdM
UPDATE 3-T-Mobile leads industry in subscriber additions,Reuters,dUYL87lG0rr5S5Mm-H_jM0AD5umdM
"T-Mobile US swings to profit, adds customers",MarketWatch,dUYL87lG0rr5S5Mm-H_jM0AD5umdM
UPDATE 3-Sprint Q1 revs top estimate as network upgrade progresses,Reuters,dUYL87lG0rr5S5Mm-H_jM0AD5umdM
CORRECTED-Sprint's revenue beats estimate as network upgrade progresses,Reuters,dUYL87lG0rr5S5Mm-H_jM0AD5umdM
"Sprint swings to profit, loses fewer customers",MarketWatch,dUYL87lG0rr5S5Mm-H_jM0AD5umdM
UPDATE 5-US auto sales fall short of expectations in July,Reuters,dpIAYouOAw0ScZMfKEAl2GjH5sCjM
US auto sales fall short of expectations in July,Reuters,dpIAYouOAw0ScZMfKEAl2GjH5sCjM
"UPDATE 1-Chrysler, Ford say Canada auto sales up on trucks",Reuters,dpIAYouOAw0ScZMfKEAl2GjH5sCjM
US car sales jump in July,MarketWatch,dpIAYouOAw0ScZMfKEAl2GjH5sCjM
"Fed should not let economy overheat, Fisher tells CNBC",Reuters,dunL-T5pNDVbTpMZnZ-3oAUKlKybM
Fed's Fisher sees 'significantly' earlier rate hike,Reuters,dunL-T5pNDVbTpMZnZ-3oAUKlKybM
Traders pare bets on earlier 2015 Fed rate hike,Reuters,dunL-T5pNDVbTpMZnZ-3oAUKlKybM
Disagreement surfaces among Fed hawks on when to tighten,MarketWatch,dunL-T5pNDVbTpMZnZ-3oAUKlKybM
Fed's Plosser: Interest rates 'well behind' what is appropriate,MarketWatch,dunL-T5pNDVbTpMZnZ-3oAUKlKybM
"UPDATE 2-Chevron Q2 profit tops estimates on higher oil, gas prices",Reuters,d_52RHgphNjRSVM021x7qw3R_RJwM
"Exxon, Chevron fall on weaker earnings",MarketWatch,d_52RHgphNjRSVM021x7qw3R_RJwM
"Asset sales, crude oil demand boost Chevron profit",MarketWatch,d_52RHgphNjRSVM021x7qw3R_RJwM
"UPDATE 2-Allergan sues Valeant, Ackman for alleged insider trading",Reuters,d772mFV5z60L8GMyaoBECjHv6BfXM
"UPDATE 3-Valeant shares fall on lowered 2014, 2015 forecasts",Reuters,d772mFV5z60L8GMyaoBECjHv6BfXM
Valeant profit climbs as emerging Europe rebounds,MarketWatch,d772mFV5z60L8GMyaoBECjHv6BfXM
UPDATE 1-Mobileye shares jump 58 pct in bumper debut,Reuters,dd8oMnvGtwOdKnMONhKiWRoj6uZEM
Mobileye shares rise 50 pct in bumper debut,Reuters,dd8oMnvGtwOdKnMONhKiWRoj6uZEM
Four things to know about Mobileye,MarketWatch,dd8oMnvGtwOdKnMONhKiWRoj6uZEM
Road safety firm Mobileye IPO priced at $25 per share,Reuters,dd8oMnvGtwOdKnMONhKiWRoj6uZEM
Car-tech company Mobileye prices IPO above range,MarketWatch,dd8oMnvGtwOdKnMONhKiWRoj6uZEM
"China manufacturing gathers pace, Europe falters, US steady",Reuters,dhROrVjRWUkVI1MQ9QDiX3ID6oyvM
Markit final July US manufacturing PMI slips to 55.8,MarketWatch,dhROrVjRWUkVI1MQ9QDiX3ID6oyvM
China's factories spring to life as global trade reawakens,Reuters,dhROrVjRWUkVI1MQ9QDiX3ID6oyvM
"GLOBAL ECONOMY-China, Asian factory growth gathers pace; Europe falters",Reuters,dhROrVjRWUkVI1MQ9QDiX3ID6oyvM
UK manufacturing growth slows in July,MarketWatch,dhROrVjRWUkVI1MQ9QDiX3ID6oyvM
Turkey's PMI hits 5-year low on inflation hit,MarketWatch,dhROrVjRWUkVI1MQ9QDiX3ID6oyvM
China manufacturing gauges improve in July,MarketWatch,dhROrVjRWUkVI1MQ9QDiX3ID6oyvM
GLOBAL ECONOMY-China's factories spring to life as global trade reawakens,Reuters,dhROrVjRWUkVI1MQ9QDiX3ID6oyvM
"RPT-UPDATE 2-China PMIs jump to multi-month highs in July, add to view  ...",Reuters,dhROrVjRWUkVI1MQ9QDiX3ID6oyvM
REFILE-China July official PMI rises to 51.7 from 51 in June,Reuters,dhROrVjRWUkVI1MQ9QDiX3ID6oyvM
China's official manufacturing PMI beats forecast,MarketWatch,dhROrVjRWUkVI1MQ9QDiX3ID6oyvM
China's official factory index rises to beat forecasts,MarketWatch,dhROrVjRWUkVI1MQ9QDiX3ID6oyvM
US STOCKS SNAPSHOT-Wall St ends down; S&P has worst week since 2012,Reuters,dDwIt2PAJMt3gjMWRsCEfERwpFoCM
US stocks: Futures slide with July jobs on deck,MarketWatch,dDwIt2PAJMt3gjMWRsCEfERwpFoCM
Market bears fire shot across the bow,MarketWatch,dDwIt2PAJMt3gjMWRsCEfERwpFoCM
"UPDATE 4-P&G to sell up to 100 brands to revive sales, cut costs",Reuters,d-V4lPR9GMfLyVM8daUnX7LRI9fjM
P&G profit tops estimates as organic sales rise,MarketWatch,d-V4lPR9GMfLyVM8daUnX7LRI9fjM
What to look for in Procter & Gamble's earnings,MarketWatch,d-V4lPR9GMfLyVM8daUnX7LRI9fjM
"WRAPUP 5-US job growth cools, unemployment rate rises",Reuters,dQZS5QxKV728FrMenPgAVg51PsWMM
"WRAPUP 4-US job growth cools, unemployment rate rises",Reuters,dQZS5QxKV728FrMenPgAVg51PsWMM
Best part of jobs report: rise in unemployment rate,MarketWatch,dQZS5QxKV728FrMenPgAVg51PsWMM
US adds 209000 jobs in July to keep hot streak intact,MarketWatch,dQZS5QxKV728FrMenPgAVg51PsWMM
"Stable job growth, but wages have yet to budge",MarketWatch,dQZS5QxKV728FrMenPgAVg51PsWMM
Nvidia's third-quarter revenue outlook exceeds expectations,Reuters,diMVguElqKT-IqMOJHG4i0pjKlfcM
UPDATE 2-Nvidia's 3rd-qtr revenue outlook exceeds expectations,Reuters,diMVguElqKT-IqMOJHG4i0pjKlfcM
"Nvidia profit up 33% on gains in gaming, cloud",MarketWatch,diMVguElqKT-IqMOJHG4i0pjKlfcM
GLOBAL MARKETS-Shares rally on ECB stimulus bet; dollar gains,Reuters,dmr2OZWBib7wbhMKgpfBhbg3v29kM
"Draghi sparks optimism, but don't ignore caveats",MarketWatch,dmr2OZWBib7wbhMKgpfBhbg3v29kM
Euro zone bond yields dive as Draghi comments feed QE speculation,Reuters,dmr2OZWBib7wbhMKgpfBhbg3v29kM
FOREX-Dollar climbs as euro struggles near 1-year low,Reuters,dmr2OZWBib7wbhMKgpfBhbg3v29kM
TREASURIES-Yields drop as hopes for more ECB stimulus boosts demand,Reuters,dmr2OZWBib7wbhMKgpfBhbg3v29kM
Dovish Draghi triggers a rally for Europe stocks,MarketWatch,dmr2OZWBib7wbhMKgpfBhbg3v29kM
"Euro falls below $1.32, hits lowest level in nearly a year",MarketWatch,dmr2OZWBib7wbhMKgpfBhbg3v29kM
"FOREX-Euro struggles near 1-yr low on weak German data, Draghi's comments",Reuters,dmr2OZWBib7wbhMKgpfBhbg3v29kM
"GLOBAL MARKETS-Euro falls, stocks rise on ECB stimulus bet",Reuters,dmr2OZWBib7wbhMKgpfBhbg3v29kM
"FOREX-Euro hovers near 1-year low on Draghi's comments, eyes IFO",Reuters,dmr2OZWBib7wbhMKgpfBhbg3v29kM
RPT-GLOBAL ECONOMY WEEKAHEAD-Europe fears deflation as Ukraine  ...,Reuters,dmr2OZWBib7wbhMKgpfBhbg3v29kM
FOREX-Euro stumbles to lowest in almost a year on Draghi dovishness,Reuters,dmr2OZWBib7wbhMKgpfBhbg3v29kM
Draghi says ECB ready to adjust policy if inflation drops further,Reuters,dmr2OZWBib7wbhMKgpfBhbg3v29kM
Draghi says ECB stands ready to adjust policy further,Reuters,dmr2OZWBib7wbhMKgpfBhbg3v29kM
S&P 500 just topped 2000. Should you care?,MarketWatch,dIKJZFpKyVDG_tM8Q-AkpfgdzuRxM
US stocks: S&P 500 leaps over 2000 for intraday record,MarketWatch,dIKJZFpKyVDG_tM8Q-AkpfgdzuRxM
US STOCKS SNAPSHOT-S&P 500 tops 2000 for the first time,Reuters,dIKJZFpKyVDG_tM8Q-AkpfgdzuRxM
US STOCKS-S&P 500 tops 2000 for first time in broad advance,Reuters,dIKJZFpKyVDG_tM8Q-AkpfgdzuRxM
S&P 500 ventures atop the 2000 mark,MarketWatch,dIKJZFpKyVDG_tM8Q-AkpfgdzuRxM
"US STOCKS SNAPSHOT-Wall St opens up, S&P 500 hits new high",Reuters,dIKJZFpKyVDG_tM8Q-AkpfgdzuRxM
US stocks: Futures higher as Draghi lifts Europe,MarketWatch,dIKJZFpKyVDG_tM8Q-AkpfgdzuRxM
The doughnut burger's time has come,MarketWatch,dk6ynYIHv7N1ZfME3VPp1B6TrZCnM
"Burger King soars, GrubHub falls, Apple eyes another record close",MarketWatch,dk6ynYIHv7N1ZfME3VPp1B6TrZCnM
UPDATE 2-Tax savings spur Tim Hortons-Burger King merger talks; shares surge,Reuters,dk6ynYIHv7N1ZfME3VPp1B6TrZCnM
Burger King likes more than Tim Hortons' tax rate,MarketWatch,dk6ynYIHv7N1ZfME3VPp1B6TrZCnM
10 restaurant chains targeted for takeout,MarketWatch,dk6ynYIHv7N1ZfME3VPp1B6TrZCnM
Burger King may buy Canada's Tim Hortons to cut its taxes,MarketWatch,dk6ynYIHv7N1ZfME3VPp1B6TrZCnM
CANADA STOCKS-TSX hits record high as Tim Hortons jumps,Reuters,dk6ynYIHv7N1ZfME3VPp1B6TrZCnM
"WRAPUP 2-New home sales fall, but US economy stays on solid ground",Reuters,d4sLq1d97LRP6_Moihy5wbYi8hdXM
Sales of new homes reach troubling 4-month low,MarketWatch,d4sLq1d97LRP6_Moihy5wbYi8hdXM
Another worrying sign as sales of new homes slow,MarketWatch,d4sLq1d97LRP6_Moihy5wbYi8hdXM
"UPDATE 2-Alcoa to close smelter in Italy, take 3rd-quarter charge",Reuters,divHWPkK_aa53XMWZWgIiCNMunrUM
Alcoa to book charge as it shuts down costly Italian smelter,MarketWatch,divHWPkK_aa53XMWZWgIiCNMunrUM
Amazon to buy live-streaming game site Twitch: WSJ,Reuters,dMBknFu1_w-c5FMFY7oyae0YPM6gM
WRAPUP 2-Amazon snaps up live video startup Twitch for $970 million,Reuters,dMBknFu1_w-c5FMFY7oyae0YPM6gM
WRAPUP 1-Amazon snaps up live video startup Twitch for $970M cash,Reuters,dMBknFu1_w-c5FMFY7oyae0YPM6gM
"Amazon may dent, not kill, Google ads",MarketWatch,dMBknFu1_w-c5FMFY7oyae0YPM6gM
UPDATE 1-Amazon to buy live-streaming game site Twitch - WSJ,Reuters,dMBknFu1_w-c5FMFY7oyae0YPM6gM
Amazon.com to buy Twitch for roughly $1 bln-source,Reuters,dMBknFu1_w-c5FMFY7oyae0YPM6gM
Amazon to buy Twitch for more than $1 billion,MarketWatch,dMBknFu1_w-c5FMFY7oyae0YPM6gM
UPDATE 3-Sony says PlayStation network back online; user data safe,Reuters,d7U2-ozEuKvxIvMO8VJqzwPicLHIM
Sony says PlayStation network is back online after cyberattack,MarketWatch,d7U2-ozEuKvxIvMO8VJqzwPicLHIM
Jeweler Tiffany raises full-year profit forecast,Reuters,dQBArVIWPC8nlgMbs24FVVLGy2YPM
UPDATE 2-Tiffany raises profit forecast as high-end jewelry sales climb,Reuters,dQBArVIWPC8nlgMbs24FVVLGy2YPM
Tiffany profit rises 16% on strong sales growth,MarketWatch,dQBArVIWPC8nlgMbs24FVVLGy2YPM
Boycott iPhones before Whoppers if tax maneuvers are upsetting,MarketWatch,dPjRYZE_1e6dSgM971J1Vu6D8rqmM
DEALTALK-Buffett puts shareholders ahead of patriotism in Canadian deal,Reuters,dPjRYZE_1e6dSgM971J1Vu6D8rqmM
"The most hated car company, and why you shouldn't copy Burger King",MarketWatch,dPjRYZE_1e6dSgM971J1Vu6D8rqmM
"Wall St. flat near record highs, trading volume light",Reuters,djLhpi133eOrArMoyqZKsUDBkT5xM
Stocks flat as S&P 500 wavers near 2000; Tiffany pops,MarketWatch,djLhpi133eOrArMoyqZKsUDBkT5xM
"US STOCKS-Wall St flat at record highs, valuations seen reasonable",Reuters,djLhpi133eOrArMoyqZKsUDBkT5xM
Dow industrials challenge uncharted territory,MarketWatch,djLhpi133eOrArMoyqZKsUDBkT5xM
US STOCKS-Futures point to flat open with indexes at records,Reuters,djLhpi133eOrArMoyqZKsUDBkT5xM
US STOCKS-Futures slightly higher with indexes at records,Reuters,djLhpi133eOrArMoyqZKsUDBkT5xM
US stocks: S&P to stick above 2000,MarketWatch,djLhpi133eOrArMoyqZKsUDBkT5xM
US STOCKS SNAPSHOT-S&P 500 ends above 2000 for first time,Reuters,djLhpi133eOrArMoyqZKsUDBkT5xM
UPDATE 4-IMF's Lagarde put under investigation in French fraud case,Reuters,dDadJRtOK8XhmkMeadUDYQO5h1POM
IMF head Lagarde under probe in French corruption investigation,MarketWatch,dDadJRtOK8XhmkMeadUDYQO5h1POM
RPT-IMF's Lagarde put under investigation in French fraud case - source,Reuters,dDadJRtOK8XhmkMeadUDYQO5h1POM
SHAREHOLDER ALERT: Brower Piven Announces The Investigation Of Tim  ...,MarketWatch,dPjRYZE_1e6dSgM971J1Vu6D8rqmM
"Alibaba's profit, revenue surge ahead of IPO",MarketWatch,dkl3o8XruRtJGEMVNr7rIaX_k_XLM
UPDATE 5-Alibaba revenue accelerates ahead of IPO,Reuters,dkl3o8XruRtJGEMVNr7rIaX_k_XLM
Alibaba's profit improves ahead of IPO,MarketWatch,dkl3o8XruRtJGEMVNr7rIaX_k_XLM
CORRECTED-Alibaba revenue jumps on strong China demand,Reuters,dkl3o8XruRtJGEMVNr7rIaX_k_XLM
CORRECTED-IPO VIEW-Fund managers look to make room for Alibaba,Reuters,dkl3o8XruRtJGEMVNr7rIaX_k_XLM
Kleiner to invest in messaging startup Snapchat at near-$10 billion valuation  ...,Reuters,dkPjabOt_3c58pM7cXTzwf0VDxtQM
Twitter CEO: Snapchat at $10 billion 'not absurd',MarketWatch,dkPjabOt_3c58pM7cXTzwf0VDxtQM
Snapchat gets $10 billion valuation,MarketWatch,dkPjabOt_3c58pM7cXTzwf0VDxtQM
CBO forecasts $506 billion budget deficit for 2014,MarketWatch,d0sfyWjAYFsIGxMiYya_WALINFTKM
Weaker corporate tax receipts worsen US budget picture,Reuters,d0sfyWjAYFsIGxMiYya_WALINFTKM
UPDATE 2-Weaker corporate tax receipts worsen US budget picture,Reuters,d0sfyWjAYFsIGxMiYya_WALINFTKM
Alibaba revenue soars ahead of IPO,Reuters,dPCDwCs5nqa-rYMVNr7rIaX_k_XLM
INSIGHT-Mega-IPO to rekindle the 'bromance' behind Alibaba's rise,Reuters,dPCDwCs5nqa-rYMVNr7rIaX_k_XLM
"Alibaba's profit, revenue surge ahead of IPO",MarketWatch,dPCDwCs5nqa-rYMVNr7rIaX_k_XLM
CORRECTED-RPT-IPO VIEW-Fund managers look to make room for Alibaba,Reuters,dPCDwCs5nqa-rYMVNr7rIaX_k_XLM
UPDATE 1-IPO VIEW-Fund managers look to make room for Alibaba,Reuters,dPCDwCs5nqa-rYMVNr7rIaX_k_XLM
