sentence,version
"The wife of a rich man fell sick: and when she felt that her end drew nigh, she called her only daughter to her bedside, and said, ""Always be a good girl, and I will look down from heaven and watch over you."" Soon afterwards she shut her eyes and died, and was buried in the garden; and the little girl went every day to her grave and wept, and was always good and kind to all about her.",grimm
"And the snow spread a beautiful white covering over the grave; but by the time the sun had melted it away again, her father had married another wife.",grimm
"This new wife had two daughters of her own: they were fair in face but foul at heart, and it was now a sorry time for the poor little girl.",grimm
"""What does the good-for-nothing thing want in the parlor?"" said they; and they took away her fine clothes, and gave her an old frock to put on, and laughed at her and turned her into the kitchen.",grimm
"Then she was forced to do hard work; to rise early, before daylight, to bring the water, to make the fire, to cook and to wash.",grimm
"She had no bed to lie down on, but was made to lie by the hearth among the ashes, and they called her Cinderella.",grimm
"It happened once that her father was going to the fair, and asked his wife's daughters what he should bring to them.",grimm
"""Fine clothes,"" said the first.",grimm
"""Pearls and diamonds,"" said the second.",grimm
"""Now, child,"" said he to his own daughter, ""what will you have?""""The first sprig, dear father, that rubs against your hat on your way home,"" said she.",grimm
"Then he bought for the two first the fine clothes and pearls and diamonds they had asked for: and on his way home, as he rode through a green copse, a sprig of hazel brushed against him, so he broke it off and when he got home he gave it to his daughter.",grimm
"Then she took it, and went to her mother's grave and planted it there, and cried so much that it was watered with her tears; and there it grew and became a fine tree, and soon a little bird came and built its nest upon the tree, and talked with her and watched over her, and brought her whatever she wished for.",grimm
"Now it happened that the king of the land held a feast which was to last three days, and out of those who came to it his son was to choose a bride for himself; and Cinderella's two sisters were asked to come.",grimm
"So they called Cinderella, and said, ""Now, comb our hair, brush our shoes, and tie our sashes for us, for we are going to dance at the king's feast."" Then she did as she was told, but when all was done she could not help crying, for she thought to herself, she would have liked to go to the dance too, and at last she begged her mother very hard to let her go, ""You!",grimm
"Cinderella?"" said she; ""you who have nothing to wear, no clothes at all, and who cannot even dance—you want to go to the ball?"" And when she kept on begging, to get rid of her, she said at last, ""I will throw this basinful of peas into the ash heap, and if you have picked them all out in two hours' time you shall go to the feast too."" Then she threw the peas into the ashes; but the little maiden ran out at the back door into the garden, and cried out— ""Hither, thither, through the sky, turtle-doves and linnets, fly!",grimm
"Blackbird, thrush, and chaffinch gay, hither, thither, haste away!",grimm
"One and all, come, help me quick! haste ye, haste ye—pick, pick, pick!"" Then first came two white doves; and next two turtle-doves; and after them all the little birds under heaven came, and the little doves stooped their heads down and set to work, pick, pick, pick; and then the others began to pick, pick, pick, and picked out all the good grain and put it into a dish, and left the ashes.",grimm
"At the end of one hour the work was done, and all flew out again at the windows.",grimm
Then she brought the dish to her mother.,grimm
"But the mother said, ""No, no! indeed, you have no clothes and cannot dance; you shall not go."" And when Cinderella begged very hard to go, she said, ""If you can in one hour's time pick two of these dishes of pease out of the ashes, you shall go too."" So she shook two dishes of peas into the ashes; but the little maiden went out into the garden at the back of the house, and called as before and all the birds came flying, and in half an hour's time all was done, and out they flew again.",grimm
"And then Cinderella took the dishes to her mother, rejoicing to think that she should now go to the ball.",grimm
"But her mother said, ""It is all of no use, you cannot go; you have no clothes, and cannot dance; and you would only put us to shame;"" and off she went with her two daughters to the feast.",grimm
"Now when all were gone, and nobody left at home, Cinderella went sorrowfully and sat down under the hazel-tree, and cried out— ""Shake, shake, hazel-tree, gold and silver over me!"" Then her friend the bird flew out of the tree and brought a gold and silver dress for her, and slippers of spangled silk; and she put them on, and followed her sisters to the feast.",grimm
"But they did not know her, she looked so fine and beautiful in her rich clothes.",grimm
"The king's son soon came up to her, and took her by the hand and danced with her and no one else; and he never left her hand, but when any one else came to ask her to dance, he said, ""This lady is dancing with me."" Thus they danced till a late hour of the night, and then she wanted to go home; and the king's son said, ""I shall go and take care of you to your home,"" for he wanted to see where the beautiful maid lived.",grimm
"But she slipped away from him unawares, and ran off towards home, and the prince followed her; then she jumped up into the pigeon-house and shut the door.",grimm
"So he waited till her father came home, and told him that the unknown maiden who had been at the feast had hidden herself in the pigeon-house.",grimm
"But when they had broken open the door they found no one within; and as they came back into the house, Cinderella lay, as she always did, in her dirty frock by the ashes; for she had run as quickly as she could through the pigeon-house and on to the hazel-tree, and had there taken off her beautiful clothes, and laid them beneath the tree, that the bird might carry them away; and had seated herself amid the ashes again in her little old frock.",grimm
"The next day, when the feast was again held, and her father, mother and sisters were gone, Cinderella went to the hazel-tree, and all happened as the evening before.",grimm
"The king's son, who was waiting for her, took her by the hand and danced with her; and, when any one asked her to dance, he said as before, ""This lady is dancing with me."" When night came she wanted to go home; and the king's son went with her, but she sprang away from him all at once into the garden behind her father's house.",grimm
In this garden stood a fine large pear-tree; and Cinderella jumped up into it without being seen.,grimm
"Then the king's son waited till her father came home, and said to him, ""The unknown lady has slipped away, and I think she must have sprung into the pear-tree."" The father ordered an axe to be brought, and they cut down the tree, but found no one upon it.",grimm
"And when they came back into the kitchen, there lay Cinderella in the ashes as usual; for she had slipped down on the other side of the tree, and carried her beautiful clothes back to the bird at the hazel-tree, and then put on her little old frock.",grimm
"The third day, when her father and mother and sisters were gone, she went again into the garden, and said— ""Shake, shake, hazel-tree, gold and silver over me!"" Then her kind friend the bird brought a dress still finer than the former one, and slippers which were all of gold; and the king's son danced with her alone, and when any one else asked her to dance, he said, ""This lady is my partner."" Now when night came she wanted to go home; and the king's son would go with her, but she managed to slip away from him, though in such a hurry that she dropped her left golden slipper upon the stairs.",grimm
"So the prince took the shoe, and went the next day to the king, his father, and said, ""I will take for my wife the lady that this golden shoe fits."" Then both the sisters were overjoyed to hear this; for they had beautiful feet, and had no doubt that they could wear the golden slipper.",grimm
"The eldest went first into the room where the slipper was, and wanted to try it on, and the mother stood by.",grimm
"But her big toe could not go into it, and the shoe was altogether much too small for her.",grimm
"Then the mother said, ""Never mind, cut it off.",grimm
"When you are queen you will not care about toes; you will not want to go on foot."" So the silly girl cut her big toe off, and squeezed the shoe on, and went to the king's son.",grimm
"Then he took her for his bride, and rode away with her.",grimm
"But on their way home they had to pass by the hazel-tree that Cinderella had planted, and there sat a little dove on the branch, singing— ""Back again! back again! look to the shoe!",grimm
"The shoe is too small, and not made for you!",grimm
"Prince! prince! look again for thy bride, For she's not the true one that sits by thy side."" Then the prince looked at her foot, and saw by the blood that streamed from it what a trick she had played him.",grimm
"So he brought the false bride back to her home, and said, ""This is not the right bride; let the other sister try and put on the slipper."" Then she went into the room and got her foot into the shoe, all but the heel, which was too large.",grimm
"But her mother squeezed it in till the blood came, and took her to the king's son; and he rode away with her.",grimm
"But when they came to the hazel-tree, the little dove sat there still, and sang as before.",grimm
"Then the king's son looked down, and saw that the blood streamed from the shoe.",grimm
So he brought her back again also.,grimm
"""This is not the true bride,"" said he to the father; ""have you no other daughters?"" Then Cinderella came and she took her clumsy shoe off, and put on the golden slipper, and it fitted as if it had been made for her.",grimm
"And when he drew near and looked at her face the prince knew her, and said, ""This is the right bride."" Then he took Cinderella on his horse and rode away.",grimm
"And when they came to the hazel-tree the white dove sang— ""Prince! prince! take home thy bride, For she is the true one that sits by thy side!""",grimm
"Once there was a gentleman who married, for his second wife, the proudest and most haughty woman that was ever seen.",lang
"She had, by a former husband, two daughters of her own humor, who were, indeed, exactly like her in all things.",lang
"He had likewise, by another wife, a young daughter, but of unparalleled goodness and sweetness of temper, which she took from her mother, who was the best creature in the world.",lang
No sooner were the ceremonies of the wedding over but the mother-in-law began to show herself in her true colors.,lang
"She could not bear the good qualities of this pretty girl, and the less because they made her own daughters appear the more odious.",lang
"She employed her in the meanest work of the house: she scoured the dishes, tables, etc., and scrubbed madam's chamber, and those of misses, her daughters; she lay up in a sorry garret, upon a wretched straw bed, while her sisters lay in fine rooms, with floors all inlaid, upon beds of the very newest fashion, and where they had looking-glasses so large that they might see themselves at their full length from head to foot.",lang
"The poor girl bore all patiently, and dared not tell her father, who would have rattled her off; for his wife governed him entirely.",lang
"When she had done her work, she used to go into the chimney-corner, and sit down among cinders and ashes, which made her commonly be called Cinderwench; but the youngest, who was not so rude and uncivil as the eldest, called her Cinderella.",lang
"However, Cinderella, notwithstanding her mean apparel, was a hundred times handsomer than her sisters, though they were always dressed very richly.",lang
"It happened that the King's son gave a ball, and invited all persons of fashion to it.",lang
"Our young misses were also invited, for they cut a very grand figure among the quality.",lang
"They were mightily delighted at this invitation, and wonderfully busy in choosing out such gowns, petticoats, and head-clothes as might become them.",lang
"This was a new trouble to Cinderella; for it was she who ironed her sisters' linen, and plaited their ruffles; they talked all day long of nothing but how they should be dressed.",lang
"""For my part,"" said the eldest, ""I will wear my red velvet suit with French trimming."" ""And I,"" said the youngest, ""shall have my usual petticoat; but then, to make amends for that, I will put on my gold-flowered manteau, and my diamond stomacher, which is far from being the most ordinary one in the world."" They sent for the best tire-woman they could get to make up their head-dresses and adjust their double pinners, and they had their red brushes and patches from Mademoiselle de la Poche.",lang
"Cinderella was likewise called up to them to be consulted in all these matters, for she had excellent notions, and advised them always for the best, nay, and offered her services to dress their heads, which they were very willing she should do.",lang
"As she was doing this, they said to her: ""Cinderella, would you not be glad to go to the ball?"" ""Alas!"" said she, ""you only jeer me; it is not for such as I am to go thither."" ""Thou art in the right of it,"" replied they; ""it would make the people laugh to see a Cinderwench at a ball."" Anyone but Cinderella would have dressed their heads awry, but she was very good, and dressed them perfectly well They were almost two days without eating, so much were they transported with joy.",lang
"They broke above a dozen laces in trying to be laced up close, that they might have a fine slender shape, and they were continually at their looking-glass.",lang
"At last the happy day came; they went to Court, and Cinderella followed them with her eyes as long as she could, and when she had lost sight of them, she fell a-crying.",lang
"Her godmother, who saw her all in tears, asked her what was the matter.",lang
"""I wish I could—I wish I could—""; she was not able to speak the rest, being interrupted by her tears and sobbing.",lang
"This godmother of hers, who was a fairy, said to her, ""Thou wishest thou couldst go to the ball; is it not so?"" ""Y—es,"" cried Cinderella, with a great sigh.",lang
"""Well,"" said her godmother, ""be but a good girl, and I will contrive that thou shalt go."" Then she took her into her chamber, and said to her, ""Run into the garden, and bring me a pumpkin."" Cinderella went immediately to gather the finest she could get, and brought it to her godmother, not being able to imagine how this pumpkin could make her go to the ball.",lang
"Her godmother scooped out all the inside of it, having left nothing but the rind; which done, she struck it with her wand, and the pumpkin was instantly turned into a fine coach, gilded all over with gold.",lang
"She then went to look into her mouse-trap, where she found six mice, all alive, and ordered Cinderella to lift up a little the trapdoor, when, giving each mouse, as it went out, a little tap with her wand, the mouse was that moment turned into a fine horse, which altogether made a very fine set of six horses of a beautiful mouse-colored dapple-gray.",lang
"Being at a loss for a coachman, ""I will go and see,"" says Cinderella, ""if there is never a rat in the rat-trap—we may make a coachman of him."" ""Thou art in the right,"" replied her godmother; ""go and look."" Cinderella brought the trap to her, and in it there were three huge rats.",lang
"The fairy made choice of one of the three which had the largest beard, and, having touched him with her wand, he was turned into a fat, jolly coachman, who had the smartest whiskers eyes ever beheld.",lang
"After that, she said to her: ""Go again into the garden, and you will find six lizards behind the watering-pot, bring them to me."" She had no sooner done so but her godmother turned them into six footmen, who skipped up immediately behind the coach, with their liveries all bedaubed with gold and silver, and clung as close behind each other as if they had done nothing else their whole lives.",lang
"The Fairy then said to Cinderella: ""Well, you see here an equipage fit to go to the ball with; are you not pleased with it?"" ""Oh! yes,"" cried she; ""but must I go thither as I am, in these nasty rags?"" Her godmother only just touched her with her wand, and, at the same instant, her clothes were turned into cloth of gold and silver, all beset with jewels.",lang
"This done, she gave her a pair of glass slippers, the prettiest in the whole world.",lang
"Being thus decked out, she got up into her coach; but her godmother, above all things, commanded her not to stay till after midnight, telling her, at the same time, that if she stayed one moment longer, the coach would be a pumpkin again, her horses mice, her coachman a rat, her footmen lizards, and her clothes become just as they were before.",lang
"She promised her godmother she would not fail of leaving the ball before midnight; and then away she drives, scarce able to contain herself for joy.",lang
"The King's son who was told that a great princess, whom nobody knew, was come, ran out to receive her; he gave her his hand as she alighted out of the coach, and led her into the ball, among all the company.",lang
"There was immediately a profound silence, they left off dancing, and the violins ceased to play, so attentive was everyone to contemplate the singular beauties of the unknown new-comer.",lang
"Nothing was then heard but a confused noise of: ""Ha! how handsome she is!",lang
"Ha! how handsome she is!"" The King himself, old as he was, could not help watching her, and telling the Queen softly that it was a long time since he had seen so beautiful and lovely a creature.",lang
"All the ladies were busied in considering her clothes and headdress, that they might have some made next day after the same pattern, provided they could meet with such fine material and as able hands to make them.",lang
"The King's son conducted her to the most honorable seat, and afterward took her out to dance with him; she danced so very gracefully that they all more and more admired her.",lang
"A fine collation was served up, whereof the young prince ate not a morsel, so intently was he busied in gazing on her.",lang
"She went and sat down by her sisters, showing them a thousand civilities, giving them part of the oranges and citrons which the Prince had presented her with, which very much surprised them, for they did not know her.",lang
"While Cinderella was thus amusing her sisters, she heard the clock strike eleven and three-quarters, whereupon she immediately made a courtesy to the company and hasted away as fast as she could.",lang
"When she got home she ran to seek out her godmother, and, after having thanked her, she said she could not but heartily wish she might go next day to the ball, because the King's son had desired her.",lang
"As she was eagerly telling her godmother whatever had passed at the ball, her two sisters knocked at the door, which Cinderella ran and opened.",lang
"""How long you have stayed!"" cried she, gaping, rubbing her eyes and stretching herself as if she had been just waked out of her sleep; she had not, however, any manner of inclination to sleep since they went from home.",lang
"""If thou hadst been at the ball,"" said one of her sisters, ""thou wouldst not have been tired with it.",lang
"There came thither the finest princess, the most beautiful ever was seen with mortal eyes; she showed us a thousand civilities, and gave us oranges and citrons."" Cinderella seemed very indifferent in the matter; indeed, she asked them the name of that princess; but they told her they did not know it, and that the King's son was very uneasy on her account and would give all the world to know who she was.",lang
"At this Cinderella, smiling, replied: ""She must, then, be very beautiful indeed; how happy you have been!",lang
Could not I see her?,lang
"Ah! dear Miss Charlotte, do lend me your yellow suit of clothes which you wear every day."" ""Ay, to be sure!"" cried Miss Charlotte; ""lend my clothes to such a dirty Cinderwench as thou art!",lang
"I should be a fool."" Cinderella, indeed, expected well such answer, and was very glad of the refusal; for she would have been sadly put to it if her sister had lent her what she asked for jestingly.",lang
"The next day the two sisters were at the ball, and so was Cinderella, but dressed more magnificently than before.",lang
"The King's son was always by her, and never ceased his compliments and kind speeches to her; to whom all this was so far from being tiresome that she quite forgot what her godmother had recommended to her; so that she, at last, counted the clock striking twelve when she took it to be no more than eleven; she then rose up and fled, as nimble as a deer.",lang
"The Prince followed, but could not overtake her.",lang
"She left behind one of her glass slippers, which the Prince took up most carefully.",lang
"She got home but quite out of breath, and in her nasty old clothes, having nothing left her of all her finery but one of the little slippers, fellow to that she dropped.",lang
The guards at the palace gate were asked: If they had not seen a princess go out.,lang
"Who said: They had seen nobody go out but a young girl, very meanly dressed, and who had more the air of a poor country wench than a gentlewoman.",lang
"When the two sisters returned from the ball Cinderella asked them: If they had been well diverted, and if the fine lady had been there.",lang
"They told her: Yes, but that she hurried away immediately when it struck twelve, and with so much haste that she dropped one of her little glass slippers, the prettiest in the world, which the King's son had taken up; that he had done nothing but look at her all the time at the ball, and that most certainly he was very much in love with the beautiful person who owned the glass slipper.",lang
"What they said was very true; for a few days after the King's son caused it to be proclaimed, by sound of trumpet, that he would marry her whose foot the slipper would just fit.",lang
"They whom he employed began to try it upon the princesses, then the duchesses and all the Court, but in vain; it was brought to the two sisters, who did all they possibly could to thrust their foot into the slipper, but they could not effect it.",lang
"Cinderella, who saw all this, and knew her slipper, said to them, laughing: ""Let me see if it will not fit me."" Her sisters burst out a-laughing, and began to banter her.",lang
"The gentleman who was sent to try the slipper looked earnestly at Cinderella, and, finding her very handsome, said: It was but just that she should try, and that he had orders to let everyone make trial.",lang
"He obliged Cinderella to sit down, and, putting the slipper to her foot, he found it went on very easily, and fitted her as if it had been made of wax.",lang
"The astonishment her two sisters were in was excessively great, but still abundantly greater when Cinderella pulled out of her pocket the other slipper, and put it on her foot.",lang
"Thereupon, in came her godmother, who, having touched with her wand Cinderella's clothes, made them richer and more magnificent than any of those she had before.",lang
"And now her two sisters found her to be that fine, beautiful lady whom they had seen at the ball.",lang
They threw themselves at her feet to beg pardon for all the ill-treatment they had made her undergo.,lang
"Cinderella took them up, and, as she embraced them, cried: That she forgave them with all her heart, and desired them always to love her.",lang
"She was conducted to the young prince, dressed as she was; he thought her more charming than ever, and, a few days after, married her.",lang
"Cinderella, who was no less good than beautiful, gave her two sisters lodgings in the palace, and that very same day matched them with two great lords of the Court",lang
"Once there was a gentleman who married, for his second wife, the proudest and most haughty woman that was ever seen.",perrault
"She had, by a former husband, two daughters of her own, who were, indeed, exactly like her in all things.",perrault
"He had likewise, by another wife, a young daughter, but of unparalleled goodness and sweetness of temper, which she took from her mother, who was the best creature in the world.",perrault
No sooner were the ceremonies of the wedding over but the stepmother began to show herself in her true colors.,perrault
"She could not bear the good qualities of this pretty girl, and the less because they made her own daughters appear the more odious.",perrault
She employed her in the meanest work of the house.,perrault
"She scoured the dishes, tables, etc., and cleaned madam's chamber, and those of misses, her daughters.",perrault
"She slept in a sorry garret, on a wretched straw bed, while her sisters slept in fine rooms, with floors all inlaid, on beds of the very newest fashion, and where they had looking glasses so large that they could see themselves at their full length from head to foot.",perrault
"The poor girl bore it all patiently, and dared not tell her father, who would have scolded her; for his wife governed him entirely.",perrault
"When she had done her work, she used to go to the chimney corner, and sit down there in the cinders and ashes, which caused her to be called Cinderwench.",perrault
"Only the younger sister, who was not so rude and uncivil as the older one, called her Cinderella.",perrault
"However, Cinderella, notwithstanding her coarse apparel, was a hundred times more beautiful than her sisters, although they were always dressed very richly.",perrault
"It happened that the king's son gave a ball, and invited all persons of fashion to it.",perrault
"Our young misses were also invited, for they cut a very grand figure among those of quality.",perrault
"They were mightily delighted at this invitation, and wonderfully busy in selecting the gowns, petticoats, and hair dressing that would best become them.",perrault
This was a new difficulty for Cinderella; for it was she who ironed her sister's linen and pleated their ruffles.,perrault
They talked all day long of nothing but how they should be dressed.,perrault
"""For my part,"" said the eldest, ""I will wear my red velvet suit with French trimming."" ""And I,"" said the youngest, ""shall have my usual petticoat; but then, to make amends for that, I will put on my gold-flowered cloak, and my diamond stomacher, which is far from being the most ordinary one in the world."" They sent for the best hairdresser they could get to make up their headpieces and adjust their hairdos, and they had their red brushes and patches from Mademoiselle de la Poche.",perrault
"They also consulted Cinderella in all these matters, for she had excellent ideas, and her advice was always good.",perrault
"Indeed, she even offered her services to fix their hair, which they very willingly accepted.",perrault
"As she was doing this, they said to her, ""Cinderella, would you not like to go to the ball?"" ""Alas!"" said she, ""you only jeer me; it is not for such as I am to go to such a place."" ""You are quite right,"" they replied.",perrault
"""It would make the people laugh to see a Cinderwench at a ball."" Anyone but Cinderella would have fixed their hair awry, but she was very good, and dressed them perfectly well.",perrault
They were so excited that they hadn't eaten a thing for almost two days.,perrault
Then they broke more than a dozen laces trying to have themselves laced up tightly enough to give them a fine slender shape.,perrault
They were continually in front of their looking glass.,perrault
At last the happy day came.,perrault
"They went to court, and Cinderella followed them with her eyes as long as she could.",perrault
"When she lost sight of them, she started to cry.",perrault
"Her godmother, who saw her all in tears, asked her what was the matter.",perrault
"""I wish I could.",perrault
"I wish I could."" She was not able to speak the rest, being interrupted by her tears and sobbing.",perrault
"This godmother of hers, who was a fairy, said to her, ""You wish that you could go to the ball; is it not so?"" ""Yes,"" cried Cinderella, with a great sigh.",perrault
"""Well,"" said her godmother, ""be but a good girl, and I will contrive that you shall go."" Then she took her into her chamber, and said to her, ""Run into the garden, and bring me a pumpkin."" Cinderella went immediately to gather the finest she could get, and brought it to her godmother, not being able to imagine how this pumpkin could help her go to the ball.",perrault
"Her godmother scooped out all the inside of it, leaving nothing but the rind.",perrault
"Having done this, she struck the pumpkin with her wand, and it was instantly turned into a fine coach, gilded all over with gold.",perrault
"She then went to look into her mousetrap, where she found six mice, all alive, and ordered Cinderella to lift up a little the trapdoor.",perrault
"She gave each mouse, as it went out, a little tap with her wand, and the mouse was that moment turned into a fine horse, which altogether made a very fine set of six horses of a beautiful mouse colored dapple gray.",perrault
"Being at a loss for a coachman, Cinderella said, ""I will go and see if there is not a rat in the rat trap that we can turn into a coachman."" ""You are right,"" replied her godmother, ""Go and look."" Cinderella brought the trap to her, and in it there were three huge rats.",perrault
"The fairy chose the one which had the largest beard, touched him with her wand, and turned him into a fat, jolly coachman, who had the smartest whiskers that eyes ever beheld.",perrault
"After that, she said to her, ""Go again into the garden, and you will find six lizards behind the watering pot.",perrault
"Bring them to me."" She had no sooner done so but her godmother turned them into six footmen, who skipped up immediately behind the coach, with their liveries all bedaubed with gold and silver, and clung as close behind each other as if they had done nothing else their whole lives.",perrault
"The fairy then said to Cinderella, ""Well, you see here an equipage fit to go to the ball with; are you not pleased with it?"" ""Oh, yes,"" she cried; ""but must I go in these nasty rags?"" Her godmother then touched her with her wand, and, at the same instant, her clothes turned into cloth of gold and silver, all beset with jewels.",perrault
"This done, she gave her a pair of glass slippers, the prettiest in the whole world.",perrault
"Being thus decked out, she got up into her coach; but her godmother, above all things, commanded her not to stay past midnight, telling her, at the same time, that if she stayed one moment longer, the coach would be a pumpkin again, her horses mice, her coachman a rat, her footmen lizards, and that her clothes would become just as they were before.",perrault
"She promised her godmother to leave the ball before midnight; and then drove away, scarcely able to contain herself for joy.",perrault
"The king's son, who was told that a great princess, whom nobody knew, had arrived, ran out to receive her.",perrault
"He gave her his hand as she alighted from the coach, and led her into the hall, among all the company.",perrault
There was immediately a profound silence.,perrault
"Everyone stopped dancing, and the violins ceased to play, so entranced was everyone with the singular beauties of the unknown newcomer.",perrault
"Nothing was then heard but a confused noise of, ""How beautiful she is!",perrault
"How beautiful she is!"" The king himself, old as he was, could not help watching her, and telling the queen softly that it was a long time since he had seen so beautiful and lovely a creature.",perrault
"All the ladies were busied in considering her clothes and headdress, hoping to have some made next day after the same pattern, provided they could find such fine materials and as able hands to make them.",perrault
"The king's son led her to the most honorable seat, and afterwards took her out to dance with him.",perrault
She danced so very gracefully that they all more and more admired her.,perrault
"A fine meal was served up, but the young prince ate not a morsel, so intently was he busied in gazing on her.",perrault
"She went and sat down by her sisters, showing them a thousand civilities, giving them part of the oranges and citrons which the prince had presented her with, which very much surprised them, for they did not know her.",perrault
"While Cinderella was thus amusing her sisters, she heard the clock strike eleven and three-quarters, whereupon she immediately made a courtesy to the company and hurried away as fast as she could.",perrault
"Arriving home, she ran to seek out her godmother, and, after having thanked her, she said she could not but heartily wish she might go to the ball the next day as well, because the king's son had invited her.",perrault
"As she was eagerly telling her godmother everything that had happened at the ball, her two sisters knocked at the door, which Cinderella ran and opened.",perrault
"""You stayed such a long time!"" she cried, gaping, rubbing her eyes and stretching herself as if she had been sleeping; she had not, however, had any manner of inclination to sleep while they were away from home.",perrault
"""If you had been at the ball,"" said one of her sisters, ""you would not have been tired with it.",perrault
"The finest princess was there, the most beautiful that mortal eyes have ever seen.",perrault
"She showed us a thousand civilities, and gave us oranges and citrons."" Cinderella seemed very indifferent in the matter.",perrault
"Indeed, she asked them the name of that princess; but they told her they did not know it, and that the king's son was very uneasy on her account and would give all the world to know who she was.",perrault
"At this Cinderella, smiling, replied, ""She must, then, be very beautiful indeed; how happy you have been!",perrault
Could not I see her?,perrault
"Ah, dear Charlotte, do lend me your yellow dress which you wear every day."" ""Yes, to be sure!"" cried Charlotte; ""lend my clothes to such a dirty Cinderwench as you are!",perrault
"I should be such a fool."" Cinderella, indeed, well expected such an answer, and was very glad of the refusal; for she would have been sadly put to it, if her sister had lent her what she asked for jestingly.",perrault
"The next day the two sisters were at the ball, and so was Cinderella, but dressed even more magnificently than before.",perrault
"The king's son was always by her, and never ceased his compliments and kind speeches to her.",perrault
"All this was so far from being tiresome to her, and, indeed, she quite forgot what her godmother had told her.",perrault
She thought that it was no later than eleven when she counted the clock striking twelve.,perrault
"She jumped up and fled, as nimble as a deer.",perrault
"The prince followed, but could not overtake her.",perrault
"She left behind one of her glass slippers, which the prince picked up most carefully.",perrault
"She reached home, but quite out of breath, and in her nasty old clothes, having nothing left of all her finery but one of the little slippers, the mate to the one that she had dropped.",perrault
The guards at the palace gate were asked if they had not seen a princess go out.,perrault
"They replied that they had seen nobody leave but a young girl, very shabbily dressed, and who had more the air of a poor country wench than a gentlewoman.",perrault
"When the two sisters returned from the ball Cinderella asked them if they had been well entertained, and if the fine lady had been there.",perrault
"They told her, yes, but that she hurried away immediately when it struck twelve, and with so much haste that she dropped one of her little glass slippers, the prettiest in the world, which the king's son had picked up; that he had done nothing but look at her all the time at the ball, and that most certainly he was very much in love with the beautiful person who owned the glass slipper.",perrault
"What they said was very true; for a few days later, the king's son had it proclaimed, by sound of trumpet, that he would marry her whose foot this slipper would just fit.",perrault
"They began to try it on the princesses, then the duchesses and all the court, but in vain; it was brought to the two sisters, who did all they possibly could to force their foot into the slipper, but they did not succeed.",perrault
"Cinderella, who saw all this, and knew that it was her slipper, said to them, laughing, ""Let me see if it will not fit me."" Her sisters burst out laughing, and began to banter with her.",perrault
"The gentleman who was sent to try the slipper looked earnestly at Cinderella, and, finding her very handsome, said that it was only just that she should try as well, and that he had orders to let everyone try.",perrault
"He had Cinderella sit down, and, putting the slipper to her foot, he found that it went on very easily, fitting her as if it had been made of wax.",perrault
"Her two sisters were greatly astonished, but then even more so, when Cinderella pulled out of her pocket the other slipper, and put it on her other foot.",perrault
"Then in came her godmother and touched her wand to Cinderella's clothes, making them richer and more magnificent than any of those she had worn before.",perrault
"And now her two sisters found her to be that fine, beautiful lady whom they had seen at the ball.",perrault
They threw themselves at her feet to beg pardon for all the ill treatment they had made her undergo.,perrault
"Cinderella took them up, and, as she embraced them, said that she forgave them with all her heart, and wanted them always to love her.",perrault
"She was taken to the young prince, dressed as she was.",perrault
"He thought she was more charming than before, and, a few days after, married her.",perrault
"Cinderella, who was no less good than beautiful, gave her two sisters lodgings in the palace, and that very same day matched them with two great lords of the court.",perrault
Moral: Beauty in a woman is a rare treasure that will always be admired.,perrault
"Graciousness, however, is priceless and of even greater value.",perrault
This is what Cinderella's godmother gave to her when she taught her to behave like a queen.,perrault
"Young women, in the winning of a heart, graciousness is more important than a beautiful hairdo.",perrault
It is a true gift of the fairies.,perrault
"Without it nothing is possible; with it, one can do anything.",perrault
"Another moral: Without doubt it is a great advantage to have intelligence, courage, good breeding, and common sense.",perrault
"These, and similar talents come only from heaven, and it is good to have them.",perrault
"However, even these may fail to bring you success, without the blessing of a godfather or a godmother.",perrault
"Once upon a time, in a faraway kingdom, there lived a young girl named Cinderella.",kids
"She was a kind, gentle, and beautiful child with the most radiant smile.",kids
"Cinderella had a heart full of love, but unfortunately, fate hadn't been kind to Cinderella.",kids
"Her mother had passed away, leaving her alone with her selfish stepmother.",kids
"The stepmother had two daughters of her own, and she was terribly jealous of Cinderella's beauty and kind heart.",kids
"She treated Cinderella unfairly, making her do all the housework and dress in rags while her own daughters wore fine clothes and lived in luxury.",kids
"Despite the cruelty she faced, Cinderella remained kind and gentle, never letting her stepmother's unkindness change who she was.",kids
"She would often seek comfort in the garden, talking to the birds and the animals, who had become her dearest friends.",kids
"One day, the kingdom received exciting news.",kids
"The prince was hosting a grand ball at the palace, and every maiden in the land was invited.",kids
Cinderella's stepsisters were overjoyed and spent weeks preparing their gowns and practicing their dance moves.,kids
"Cinderella watched her stepsisters with a sad smile, hoping she might be able to attend the ball and experience a bit of the magic she had heard about in her mother's stories.",kids
But her stepmother was insistent that Cinderella would stay home and continue with her chores.,kids
"The night of the ball arrived, and Cinderella was left alone in her old clothes while her stepsisters and stepmother departed for the palace.",kids
"She sat by the fireplace, tears in her eyes, wishing for just a taste of the magic her mother had told her about.",kids
"Suddenly, a soft, sweet voice filled the room.",kids
"It was her fairy godmother, a beautiful figure surrounded by a soft, glowing light.",kids
"""Why are you crying, my dear?"" the fairy godmother asked.",kids
Cinderella explained her wish to attend the ball but how her stepmother had been unkind and refused to allow her to go.,kids
"The fairy godmother smiled and said, ""Don't worry, my child.",kids
"You shall go to the ball."" With a wave of her wand, Cinderella's rags were transformed into a stunning gown, and on her feet, she wore the most delicate glass slippers that sparkled like stars.",kids
"Her fairy godmother turned a pumpkin into a magnificent carriage and mice into beautiful horses, so Cinderella could travel to the palace in style.",kids
"Before she left, the fairy godmother gave Cinderella a piece of advice: ""Remember, my dear, the magic will only last until midnight.",kids
"When the clock strikes twelve, you must leave the palace and return home."" Cinderella thanked her fairy godmother and climbed into the magical carriage.",kids
"As she arrived at the palace, she felt like a princess, her heart dancing with joy.",kids
"The moment Cinderella entered the ballroom, the entire room fell silent.",kids
"The prince, charmed by her beauty, approached her, and they danced together like a dream.",kids
Cinderella was the happiest she had ever been.,kids
"But as the hours flew by, she suddenly heard the bells of the palace clock.",kids
The first stroke of midnight sent a shiver down her spine.,kids
She remembered her fairy godmother's warning and knew she must leave.,kids
Cinderella hurriedly said goodbye to the prince and fled from the palace.,kids
"As she ran down the grand staircase, one of her glass slippers slipped off her foot.",kids
"She didn't have time to retrieve it, and so, with only one glass slipper, she disappeared into the night.",kids
"Cinderella's beautiful gown and glass slippers turned back into rags, leaving her with only the memory of the enchanting evening she had spent at the palace.",kids
"The next day, the prince was determined to find the owner of the glass slipper.",kids
"He and his attendants traveled throughout the kingdom, visiting every home to see if the slipper would fit any young maiden.",kids
"When they arrived at Cinderella's cottage, her stepsisters eagerly tried to fit their feet into the glass slipper.",kids
"But it was too small for them, and their feet simply couldn't squeeze in.",kids
"Cinderella watched, hidden from view, as her stepsisters attempted to trick the prince.",kids
"Then, she stepped forward and, with a hopeful heart, asked, ""May I try?"" The prince agreed, and as she placed her foot into the glass slipper, it fit perfectly.",kids
The prince's eyes lit up with joy as he realized he had found the maiden he had danced with at the ball.,kids
Cinderella's stepsisters were astonished and upset.,kids
"But even though they were mean to her, Cinderella didn't feel angry.",kids
"Instead, she forgave them for their unkindness, as she believed that kindness was the most important thing in the world.",kids
"And so, Cinderella was reunited with the prince, and they lived happily ever after, proving that goodness, kindness, and a loving heart could overcome the challenges life may bring.",kids
Once upon a time there was a sweet little girl.,grimm
"Everyone who saw her liked her, but most of all her grandmother, who did not know what to give the child next.",grimm
Once she gave her a little cap made of red velvet.,grimm
"Because it suited her so well, and she wanted to wear it all the time, she came to be known as Little Red Riding Hood.",grimm
"One day her mother said to her: ""Come Little Red Riding Hood.",grimm
Here is a piece of cake and a bottle of wine.,grimm
Take them to your grandmother.,grimm
"She is sick and weak, and they will do her well.",grimm
Mind your manners and give her my greetings.,grimm
"Behave yourself on the way, and do not leave the path, or you might fall down and break the glass, and then there will be nothing for your sick grandmother."" Little Red Riding Hood promised to obey her mother.",grimm
"The grandmother lived out in the woods, a half hour from the village.",grimm
When Little Red Riding Hood entered the woods a wolf came up to her.,grimm
"She did not know what a wicked animal he was, and was not afraid of him.",grimm
"""Good day to you, Little Red Riding Hood."" - ""Thank you, wolf."" - ""Where are you going so early, Little Red Riding Hood?"" - ""To grandmother's."" - ""And what are you carrying under your apron?"" - ""Grandmother is sick and weak, and I am taking her some cake and wine.",grimm
"We baked yesterday, and they should give her strength."" - ""Little Red Riding Hood, just where does your grandmother live?"" - ""Her house is a good quarter hour from here in the woods, under the three large oak trees.",grimm
There's a hedge of hazel bushes there.,grimm
"You must know the place,"" said Little Red Riding Hood.",grimm
"The wolf thought to himself: ""Now there is a tasty bite for me.",grimm
"Just how are you going to catch her?"" Then he said: ""Listen, Little Red Riding Hood, haven't you seen the beautiful flowers that are blossoming in the woods?",grimm
Why don't you go and take a look?,grimm
And I don't believe you can hear how beautifully the birds are singing.,grimm
You are walking along as though you were on your way to school in the village.,grimm
"It is very beautiful in the woods."" Little Red Riding Hood opened her eyes and saw the sunlight breaking through the trees and how the ground was covered with beautiful flowers.",grimm
"She thought: ""If a take a bouquet to grandmother, she will be very pleased.",grimm
"Anyway, it is still early, and I'll be home on time."" And she ran off into the woods looking for flowers.",grimm
"Each time she picked one she thought that she could see an even more beautiful one a little way off, and she ran after it, going further and further into the woods.",grimm
But the wolf ran straight to the grandmother's house and knocked on the door.,grimm
"""Who's there?"" - ""Little Red Riding Hood.",grimm
I'm bringing you some cake and wine.,grimm
"Open the door for me."" - ""Just press the latch,"" called out the grandmother.",grimm
"""I'm too weak to get up."" The wolf pressed the latch, and the door opened.",grimm
"He stepped inside, went straight to the grandmother's bed, and ate her up.",grimm
"Then he took her clothes, put them on, and put her cap on his head.",grimm
He got into her bed and pulled the curtains shut.,grimm
"Little Red Riding Hood had run after flowers, and did not continue on her way to grandmother's until she had gathered all that she could carry.",grimm
"When she arrived, she found, to her surprise, that the door was open.",grimm
"She walked into the parlor, and everything looked so strange that she thought: ""Oh, my God, why am I so afraid?",grimm
"I usually like it at grandmother's."" Then she went to the bed and pulled back the curtains.",grimm
Grandmother was lying there with her cap pulled down over her face and looking very strange.,grimm
"""Oh, grandmother, what big ears you have!"" - ""All the better to hear you with."" - ""Oh, grandmother, what big eyes you have!"" - ""All the better to see you with."" - ""Oh, grandmother, what big hands you have!"" - ""All the better to grab you with!"" - ""Oh, grandmother, what a horribly big mouth you have!"" - ""All the better to eat you with!"" And with that he jumped out of bed, jumped on top of poor Little Red Riding Hood, and ate her up.",grimm
"As soon as the wolf had finished this tasty bite, he climbed back into bed, fell asleep, and began to snore very loudly.",grimm
A huntsman was just passing by.,grimm
"He thought it strange that the old woman was snoring so loudly, so he decided to take a look.",grimm
"He stepped inside, and in the bed there lay the wolf that he had been hunting for such a long time.",grimm
"""He has eaten the grandmother, but perhaps she still can be saved.",grimm
"I won't shoot him,"" thought the huntsman.",grimm
So he took a pair of scissors and cut open his belly.,grimm
He had cut only a few strokes when he saw the red cap shining through.,grimm
"He cut a little more, and the girl jumped out and cried: ""Oh, I was so frightened!",grimm
"It was so dark inside the wolf's body!"" And then the grandmother came out alive as well.",grimm
Then Little Red Riding Hood fetched some large heavy stones.,grimm
"They filled the wolf's body with them, and when he woke up and tried to run away, the stones were so heavy that he fell down dead.",grimm
The three of them were happy.,grimm
The huntsman took the wolf's pelt.,grimm
The grandmother ate the cake and drank the wine that Little Red Riding Hood had brought.,grimm
"And Little Red Riding Hood thought to herself: ""As long as I live, I will never leave the path and run off into the woods by myself if mother tells me not to."" They also tell how Little Red Riding Hood was taking some baked things to her grandmother another time, when another wolf spoke to her and wanted her to leave the path.",grimm
But Little Red Riding Hood took care and went straight to grandmother's.,grimm
"She told her that she had seen the wolf, and that he had wished her a good day, but had stared at her in a wicked manner.",grimm
"""If we hadn't been on a public road, he would have eaten me up,"" she said.",grimm
"""Come,"" said the grandmother.",grimm
"""Let's lock the door, so he can't get in."" Soon afterward the wolf knocked on the door and called out: ""Open up, grandmother.",grimm
"It's Little Red Riding Hood, and I'm bringing you some baked things."" They remained silent, and did not open the door.",grimm
"The wicked one walked around the house several times, and finally jumped onto the roof.",grimm
"He wanted to wait until Little Red Riding Hood went home that evening, then follow her and eat her up in the darkness.",grimm
But the grandmother saw what he was up to.,grimm
There was a large stone trough in front of the house.,grimm
"""Fetch a bucket, Little Red Riding Hood,"" she said.",grimm
"""Yesterday I cooked some sausage.",grimm
"Carry the water that I boiled them with to the trough."" Little Red Riding Hood carried water until the large, large trough was clear full.",grimm
The smell of sausage arose into the wolf's nose.,grimm
"He sniffed and looked down, stretching his neck so long that he could no longer hold himself, and he began to slide.",grimm
"He slid off the roof, fell into the trough, and drowned.",grimm
And Little Red Riding Hood returned home happily and safely.,grimm
"Once upon a time there lived in a certain village a little country girl, the prettiest creature was ever seen.",lang
Her mother was excessively fond of her; and her grandmother doted on her still more.,lang
This good woman had made for her a little red riding-hood; which became the girl so extremely well that everybody called her Little Red Riding-Hood.,lang
"One day her mother, having made some custards, said to her: ""Go, my dear, and see how thy grandmamma does, for I hear she has been very ill; carry her a custard, and this little pot of butter."" Little Red Riding-Hood set out immediately to go to her grandmother, who lived in another village.",lang
"As she was going through the wood, she met with Gaffer Wolf, who had a very great mind to eat her up, but he dared not, because of some faggot-makers hard by in the forest.",lang
He asked her whither she was going.,lang
"The poor child, who did not know that it was dangerous to stay and hear a wolf talk, said to him: ""I am going to see my grandmamma and carry her a custard and a little pot of butter from my mamma."" ""Oh! ay,"" answered Little Red Riding-Hood; ""it is beyond that mill you see there, at the first house in the village."" ""Well,"" said the Wolf, ""and I'll go and see her too.",lang
"I'll go this way and you go that, and we shall see who will be there soonest."" The Wolf began to run as fast as he could, taking the nearest way, and the little girl went by that farthest about, diverting herself in gathering nuts, running after butterflies, and making nosegays of such little flowers as she met with.",lang
The Wolf was not long before he got to the old woman's house.,lang
"He knocked at the door—tap, tap.",lang
"""Who's there?"" ""Your grandchild, Little Red Riding-Hood,"" replied the Wolf, counterfeiting her voice; ""who has brought you a custard and a little pot of butter sent you by mamma."" The good grandmother, who was in bed, because she was somewhat ill, cried out: ""Pull the bobbin, and the latch will go up."" The Wolf pulled the bobbin, and the door opened, and then presently he fell upon the good woman and ate her up in a moment, for it was above three days that he had not touched a bit.",lang
"He then shut the door and went into the grandmother's bed, expecting Little Red Riding-Hood, who came some time afterward and knocked at the door—tap, tap.",lang
"""Who's there?"" Little Red Riding-Hood, hearing the big voice of the Wolf, was at first afraid; but believing her grandmother had got a cold and was hoarse, answered: ""'Tis your grandchild, Little Red Riding-Hood, who has brought you a custard and a little pot of butter mamma sends you."" The Wolf cried out to her, softening his voice as much as he could: ""Pull the bobbin, and the latch will go up."" Little Red Riding-Hood pulled the bobbin, and the door opened.",lang
"The Wolf, seeing her come in, said to her, hiding himself under the bed-clothes: ""Put the custard and the little pot of butter upon the stool, and come and lie down with me."" Little Red Riding-Hood undressed herself and went into bed, where, being greatly amazed to see how her grandmother looked in her night-clothes, she said to her: ""Grandmamma, what great arms you have got!"" ""That is the better to hug thee, my dear."" ""Grandmamma, what great legs you have got!"" ""That is to run the better, my child."" ""Grandmamma, what great ears you have got!"" ""That is to hear the better, my child."" ""Grandmamma, what great eyes you have got!"" ""It is to see the better, my child."" ""Grandmamma, what great teeth you have got!"" ""That is to eat thee up."" And, saying these words, this wicked wolf fell upon Little Red Riding-Hood, and ate her all up.",lang
"Once upon a time, there lived in a certain village, a little country girl, the prettiest creature was ever seen.",perrault
Her mother was excessively fond of her; and her grand-mother doated on her much more.,perrault
"This good woman got made for her a little red riding-hood; which became the girl so extremely well, that every body called her Little Red Riding-Hood.",perrault
"One day, her mother, having made some girdle-cakes, said to her: ""Go, my dear, and see how thy grand-mamma does, for I hear she has been very ill, carry her a girdle-cake, and this little pot of butter."" Little Red Riding-Hood set out immediately to go to her grand-mother, who lived in another village.",perrault
"As she was going thro' the wood, she met with Gaffer Wolf, who had a very great mind to eat her up, but he durst not, because of some faggot-makers hard by in the forest.",perrault
He asked her whither she was going.,perrault
"The poor child, who did not know that it was dangerous to stay and hear a Wolf talk, said to him: ""I am going to see my grand-mamma, and carry her a girdle-cake, and a little pot of butter, from my mamma."" ""Does she live far off?"" said the Wolf.",perrault
"""Oh! ay,"" answered Little Red Riding-Hood, ""it is beyond that mill you see there, at the first house in the village."" ""Well,"" said the Wolf, ""and I'll go and see her too: I'll go this way, and you go that, and we shall see who will be there soonest."" The Wolf began to run as fast as he could, taking the nearest way; and the little girl went by that farthest about, diverting herself in gathering nuts, running after butterflies, and making nosegays of such little flowers as she met with.",perrault
"The Wolf was not long before he got to the old woman's house: he knocked at the door, tap, tap.",perrault
"""Who's there?"" ""Your grand-child, Little Red Riding-Hood,"" replied the Wolf, counterfeiting her voice, ""who has brought you a girdle-cake, and a little pot of butter, sent you by mamma."" The good grand-mother, who was in bed, because she found herself somewhat ill, cry'd out: ""Pull the peg, and the bolt will fall."" The Wolf pull'd the peg, and the door opened, and then presently he fell upon the good woman, and ate her up in a moment; for it was above three days that he had not touched a bit.",perrault
"He then shut the door, and went into the grand-mother's bed, expecting Little Red Riding-Hood, who came some time afterwards, and knock'd at the door, tap, tap.",perrault
"""Who's there?"" Little Red Riding-Hood, hearing the big voice of the Wolf, was at first afraid; but believing her grand-mother had got a cold, and was hoarse, answered: ""'Tis your grand-child, Little Red Riding-Hood, who has brought you a girdle-cake, and a little pot of butter, mamma sends you."" The Wolf cried out to her, softening his voice as much as he could, ""Pull the peg, and the bolt will fall."" Little Red Riding-Hood pulled the peg, and the door opened.",perrault
"The Wolf seeing her come in, said to her, hiding himself under the bedclothes: ""Put the cake, and the little pot of butter upon the bread-bin, and come and lye down with me."" Little Red Riding-Hood undressed herself, and went into bed; where, being greatly amazed to see how her grand-mother looked in her night-cloaths, she said to her: ""Grand-mamma, what great arms you have got!"" ""That is the better to hug thee, my dear."" ""Grand-mamma, what great legs you have got!"" ""That is to run the better, my child."" ""Grand-mamma, what great ears you have got!"" ""That is to hear the better, my child."" ""Grand-mamma, what great eyes you have got!"" ""It is to see the better, my child."" ""Grand-mamma, what great teeth you have got!"" ""That is to eat thee up."" And, saying these words, this wicked Wolf fell upon poor Little Red Riding-Hood, and ate her all up.",perrault
"Once upon a time, in a cozy village surrounded by a deep green forest, there lived a sweet little girl named Little Red Riding Hood.",kids
She was called that because of the bright red hooded cloak her grandmother had sewn just for her.,kids
It was her favorite thing to wear.,kids
"Little Red loved visiting her grandmother, who lived in a cottage on the other side of the woods.",kids
"One sunny morning, her mother packed a small basket with warm muffins, a jar of golden honey, and some herbal tea.",kids
"""Take this to Grandma and stay on the path,"" her mother said.",kids
"""And remember—never talk to strangers."" ""I promise, Mama,"" Little Red said cheerfully and skipped off into the forest, her red cloak fluttering behind her like a flag.",kids
"As she followed the winding trail, the birds chirped overhead and butterflies danced beside her.",kids
"But hidden behind a tree, a sneaky gray wolf watched with sharp eyes.",kids
The wolf stepped out and smiled in a friendly way.,kids
"""Good morning, little one.",kids
"Where are you going with that lovely basket?"" ""To visit my grandmother,"" Little Red replied politely.",kids
"""She's not feeling well, so I'm bringing her some treats."" ""Ah,"" said the wolf, pretending to care.",kids
"""What a kind girl you are!",kids
Wouldn't some fresh flowers make her feel even better?,kids
"There's a meadow just over there."" Little Red looked and saw a sunny patch full of colorful wildflowers.",kids
"""That's a great idea!"" she said and walked over to pick a few.",kids
"While she gathered flowers, the wolf dashed off to Grandma's cottage, his paws barely making a sound.",kids
"When he arrived, he knocked on the door.",kids
"Grandma, who was resting in bed, called out, ""Come in!"" But when she saw the wolf, she gasped.",kids
"Quick as a flash, he locked her in the closet and put on her cap and glasses.",kids
"A little while later, Little Red arrived and knocked.",kids
"""Grandma, it's me!"" she called.",kids
"""I brought you muffins and honey!"" ""Come in, my dear,"" the wolf said in a high, squeaky voice.",kids
Little Red stepped inside but paused.,kids
Something felt strange.,kids
"""Grandma, what big eyes you have,"" she said slowly.",kids
"""The better to see you with, my dear,"" the wolf replied.",kids
"""And what big ears you have!"" ""The better to hear you with."" ""And… what big teeth you have!"" Little Red said, taking a step back.",kids
"""The better to eat you with!"" the wolf growled, leaping out of bed.",kids
"Just as he jumped toward her, the door burst open!",kids
A brave woodsman had been passing by and heard the strange voices.,kids
"With a loud shout, he rushed in and scared the wolf away with his axe.",kids
The woodsman opened the closet and helped Grandma out.,kids
"She gave Little Red a big, relieved hug.",kids
"From that day on, Little Red Riding Hood never wandered from the path again and never spoke to strangers, no matter how friendly they seemed.",kids
She thanked the woodsman with a warm muffin and a smile—and always remembered the adventure in the forest.,kids
"In past times there were a king and a queen, who said every day, ""Oh, if only we had a child!"" but they never received one.",grimm
"Then it happened one day while the queen was sitting in her bath, that a frog crept out of the water onto the ground and said to her, ""Your wish shall be fulfilled, and before a year passes you will bring a daughter into the world."" What the frog said did happen, and the queen gave birth to a girl who was so beautiful that the king could not contain himself for joy, and he ordered a great celebration.",grimm
"He invited not only his relatives, friends, and acquaintances, but also the wise women so that they would be kindly disposed toward the child.",grimm
"There were thirteen of them in his kingdom, but because he had only twelve golden plates from which they were to eat, one of them had to remain at home.",grimm
"The feast was celebrated with great splendor, and at its conclusion the wise women presented the child with their magic gifts.",grimm
"The one gave her virtue, the second one beauty, the third one wealth, and so on with everything that one could wish for on earth.",grimm
The eleventh one had just pronounced her blessing when the thirteenth one suddenly walked in.,grimm
"She wanted to avenge herself for not having been invited, and without greeting anyone or even looking at them she cried out with a loud voice, ""In the princess's fifteenth year she shall prick herself with a spindle and fall over dead."" And without saying another word she turned around and left the hall.",grimm
"Everyone was horrified, and the twelfth wise woman, who had not yet offered her wish, stepped foreward.",grimm
"Because she was unable to undo the wicked wish, but only to soften it, she said, ""It shall not be her death.",grimm
"The princess will only fall into a hundred-year deep sleep."" The king, wanting to rescue his dear child, issued an order that all spindles in the entire kingdom should be burned.",grimm
"The wise women's gifts were all fulfilled on the girl, for she was so beautiful, well behaved, friendly, and intelligent that everyone who saw her had to love her.",grimm
"Now it happened that on the day when she turned fifteen years of age the king and the queen were not at home, and the girl was all alone in the castle.",grimm
"She walked around from one place to the next, looking into rooms and chambers as her heart desired.",grimm
Finally she came to an old tower.,grimm
"She climbed up the narrow, winding stairs and arrived at a small door.",grimm
"In the lock there was a rusty key, and when she turned it the door sprang open.",grimm
There in a small room sat an old woman with a spindle busily spinning her flax.,grimm
"""Good day, old woman,"" said the princess.",grimm
"""What are you doing there?"" ""I am spinning,"" said the old woman, nodding her head.",grimm
"""What is that thing that is so merrily bouncing about?"" asked the girl, taking hold of the spindle, for she too wanted to spin.",grimm
"She had no sooner touched the spindle when the magic curse was fulfilled, and she pricked herself in the finger.",grimm
"The instant that she felt the prick she fell onto a bed that was standing there, and she lay there in a deep sleep.",grimm
And this sleep spread throughout the entire castle.,grimm
"The king and queen, who had just returned home, walked into the hall and began falling asleep, and all of their attendants as well.",grimm
"The horses fell asleep in their stalls, the dogs in the courtyard, the pigeons on the roof, the flies on the walls, and even the fire on the hearth flickered, stopped moving, and fell asleep.",grimm
The roast stopped sizzling.,grimm
"The cook, who was about to pull kitchen boy's hair for having done something wrong, let him loose and fell asleep.",grimm
"The wind stopped blowing, and outside the castle not a leaf was stirring in the trees.",grimm
"Round about the castle a thorn hedge began to grow, and every year it became higher, until it finally surrounded and covered the entire castle.",grimm
"Finally nothing at all could be seen of it, not even the flag on the roof.",grimm
"A legend circulated throughout the land about the beautiful sleeping Little Brier-Rose, for so the princess was called.",grimm
"Legends also told that from time to time princes came, wanting to force their way through the hedge into the castle.",grimm
"However, they did not succeed, for the thorns held firmly together, as though they had hands, and the young men became stuck in them, could not free themselves, and died miserably.",grimm
"Many long, long years later, once again a prince came to the country.",grimm
He heard an old man telling about the thorn hedge.,grimm
"It was said that there was a castle behind it, in which a beautiful princess named Little Brier-Rose had been asleep for a hundred years, and with her the king and the queen and all the royal attendants were sleeping.",grimm
"He also knew from his grandfather that many princes had come and tried to penetrate the thorn hedge, but they had become stuck in it and died a sorrowful death.",grimm
"Then the young man said, ""I am not afraid.",grimm
"I will go there and see the beautiful Little Brier-Rose."" However much the good old man tried to dissuade him, the prince would not listen to his words.",grimm
"The hundred years had just passed, and the day had come when Little Brier-Rose was to awaken.",grimm
"When the prince approached the thorn hedge, it was nothing but large, beautiful flowers that separated by themselves, allowing him to pass through without harm, but then behind him closed back into a hedge.",grimm
"In the courtyard he saw the horses and spotted hunting dogs lying there asleep, and on the roof the pigeons, perched with their little heads tucked under they wings.",grimm
"When he walked inside the flies were asleep on the wall, the cook in the kitchen was still holding up his hand as if he wanted to grab the boy, and the maid was sitting in front of the black chicken that was supposed to be plucked.",grimm
"He walked further and saw all the attendants lying asleep in the hall, and above them near the throne the king and the queen were lying.",grimm
"He walked on still further, and it was so quiet that he could hear his own breath.",grimm
Finally he came to the tower and opened the door to the little room where Little Brier-Rose was sleeping.,grimm
There she lay and was so beautiful that he could not take his eyes off her.,grimm
He bent over and gave her a kiss.,grimm
"When he touched her with the kiss Little Brier-Rose opened her eyes, awoke, and looked at him kindly.",grimm
"They went downstairs together, and the king awoke, and the queen, and all the royal attendants, and they looked at one another in amazement.",grimm
The horses in the courtyard stood up and shook themselves.,grimm
The hunting dogs jumped and wagged their tails.,grimm
"The pigeons on the roof pulled their little heads out from beneath their wings, looked around, and flew into the field.",grimm
The flies on the walls crept about again.,grimm
"The fire in the kitchen rose up, broke into flames, and cooked the food.",grimm
The roast began to sizzle once again.,grimm
"The cook boxed the boy's ears, causing him to cry, and the maid finished plucking the chicken.",grimm
"And then the prince's marriage to Little Brier-Rose was celebrated with great splendor, and they lived happily until they died.",grimm
"There were formerly a king and a queen, who were so sorry that they had no children; so sorry that it cannot be expressed.",lang
"They went to all the waters in the world; vows, pilgrimages, all ways were tried, and all to no purpose.",lang
"At last, however, the Queen had a daughter.",lang
"There was a very fine christening; and the Princess had for her god- mothers all the fairies they could find in the whole kingdom (they found seven), that every one of them might give her a gift, as was the custom of fairies in those days.",lang
By this means the Princess had all the perfections imaginable.,lang
"After the ceremonies of the christening were over, all the company returned to the King's palace, where was prepared a great feast for the fairies.",lang
"There was placed before every one of them a magnificent cover with a case of massive gold, wherein were a spoon, knife, and fork, all of pure gold set with diamonds and rubies.",lang
"But as they were all sitting down at table they saw come into the hall a very old fairy, whom they had not invited, because it was above fifty years since she had been out of a certain tower, and she was believed to be either dead or enchanted.",lang
"The King ordered her a cover, but could not furnish her with a case of gold as the others, because they had only seven made for the seven fairies.",lang
"The old Fairy fancied she was slighted, and muttered some threats between her teeth.",lang
"One of the young fairies who sat by her overheard how she grumbled; and, judging that she might give the little Princess some unlucky gift, went, as soon as they rose from table, and hid herself behind the hangings, that she might speak last, and repair, as much as she could, the evil which the old Fairy might intend.",lang
In the meanwhile all the fairies began to give their gifts to the Princess.,lang
"The youngest gave her for gift that she should be the most beautiful person in the world; the next, that she should have the wit of an angel; the third, that she should have a wonderful grace in everything she did; the fourth, that she should dance perfectly well; the fifth, that she should sing like a nightingale; and the sixth, that she should play all kinds of music to the utmost perfection.",lang
"The old Fairy's turn coming next, with a head shaking more with spite than age, she said that the Princess should have her hand pierced with a spindle and die of the wound.",lang
"This terrible gift made the whole company tremble, and everybody fell a-crying.",lang
"At this very instant the young Fairy came out from behind the hangings, and spake these words aloud: ""Assure yourselves, O King and Queen, that your daughter shall not die of this disaster.",lang
"It is true, I have no power to undo entirely what my elder has done.",lang
"The Princess shall indeed pierce her hand with a spindle; but, instead of dying, she shall only fall into a profound sleep, which shall last a hundred years, at the expiration of which a king's son shall come and awake her."" The King, to avoid the misfortune foretold by the old Fairy, caused immediately proclamation to be made, whereby everybody was forbidden, on pain of death, to spin with a distaff and spindle, or to have so much as any spindle in their houses.",lang
"About fifteen or sixteen years after, the King and Queen being gone to one of their houses of pleasure, the young Princess happened one day to divert herself in running up and down the palace; when going up from one apartment to another, she came into a little room on the top of the tower, where a good old woman, alone, was spinning with her spindle.",lang
This good woman had never heard of the King's proclamation against spindles.,lang
"""What are you doing there, goody?"" said the Princess.",lang
"""I am spinning, my pretty child,"" said the old woman, who did not know who she was.",lang
"""Ha!"" said the Princess, ""this is very pretty; how do you do it?",lang
"Give it to me, that I may see if I can do so."" She had no sooner taken it into her hand than, whether being very hasty at it, somewhat unhandy, or that the decree of the Fairy had so ordained it, it ran into her hand, and she fell down in a swoon.",lang
"The good old woman, not knowing very well what to do in this affair, cried out for help.",lang
"People came in from every quarter in great numbers; they threw water upon the Princess's face, unlaced her, struck her on the palms of her hands, and rubbed her temples with Hungary- water; but nothing would bring her to herself.",lang
"And now the King, who came up at the noise, bethought himself of the prediction of the fairies, and, judging very well that this must necessarily come to pass, since the fairies had said it, caused the Princess to be carried into the finest apartment in his palace, and to be laid upon a bed all embroidered with gold and silver.",lang
"One would have taken her for a little angel, she was so very beautiful; for her swooning away had not diminished one bit of her complexion; her cheeks were carnation, and her lips were coral; indeed, her eyes were shut, but she was heard to breathe softly, which satisfied those about her that she was not dead.",lang
"The King commanded that they should not disturb her, but let her sleep quietly till her hour of awaking was come.",lang
"The good Fairy who had saved her life by condemning her to sleep a hundred years was in the kingdom of Matakin, twelve thousand leagues off, when this accident befell the Princess; but she was instantly informed of it by a little dwarf, who had boots of seven leagues, that is, boots with which he could tread over seven leagues of ground in one stride.",lang
"The Fairy came away immediately, and she arrived, about an hour after, in a fiery chariot drawn by dragons.",lang
"The King handed her out of the chariot, and she approved everything he had done, but as she had very great foresight, she thought when the Princess should awake she might not know what to do with herself, being all alone in this old palace; and this was what she did: she touched with her wand everything in the palace (except the King and Queen)--governesses, maids of honor, ladies of the bedchamber, gentlemen, officers, stewards, cooks, undercooks, scullions, guards, with their beefeaters, pages, footmen; she likewise touched all the horses which were in the stables, pads as well as others, the great dogs in the outward court and pretty little Mopsey too, the Princess's little spaniel, which lay by her on the bed.",lang
"Immediately upon her touching them they all fell asleep, that they might not awake before their mistress and that they might be ready to wait upon her when she wanted them.",lang
"The very spits at the fire, as full as they could hold of partridges and pheasants, did fall asleep also.",lang
All this was done in a moment.,lang
Fairies are not long in doing their business.,lang
"And now the King and the Queen, having kissed their dear child without waking her, went out of the palace and put forth a proclamation that nobody should dare to come near it.",lang
"This, however, was not necessary, for in a quarter of an hour's time there grew up all round about the park such a vast number of trees, great and small, bushes and brambles, twining one within another, that neither man nor beast could pass through; so that nothing could be seen but the very top of the towers of the palace; and that, too, not unless it was a good way off.",lang
"Nobody; doubted but the Fairy gave herein a very extraordinary sample of her art, that the Princess, while she continued sleeping, might have nothing to fear from any curious people.",lang
"When a hundred years were gone and passed the son of the King then reigning, and who was of another family from that of the sleeping Princess, being gone a-hunting on that side of the country, asked: What those towers were which he saw in the middle of a great thick wood?",lang
Everyone answered according as they had heard.,lang
"Some said: That it was a ruinous old castle, haunted by spirits.",lang
"Others, That all the sorcerers and witches of the country kept there their sabbath or night's meeting.",lang
"The common opinion was: That an ogre lived there, and that he carried thither all the little children he could catch, that he might eat them up at his leisure, without anybody being able to follow him, as having himself only the power to pass through the wood.",lang
"The Prince was at a stand, not knowing what to believe, when a very good countryman spake to him thus: ""May it please your royal highness, it is now about fifty years since I heard from my father, who heard my grandfather say, that there was then in this castle a princess, the most beautiful was ever seen; that she must sleep there a hundred years, and should be waked by a king's son, for whom she was reserved."" The young Prince was all on fire at these words, believing, without weighing the matter, that he could put an end to this rare adventure; and, pushed on by love and honor, resolved that moment to look into it.",lang
"Scarce had he advanced toward the wood when all the great trees, the bushes, and brambles gave way of themselves to let him pass through; he walked up to the castle which he saw at the end of a large avenue which he went into; and what a little surprised him was that he saw none of his people could follow him, because the trees closed again as soon as he had passed through them.",lang
"However, he did not cease from continuing his way; a young and amorous prince is always valiant.",lang
"He came into a spacious outward court, where everything he saw might have frozen the most fearless person with horror.",lang
"There reigned all over a most frightful silence; the image of death everywhere showed itself, and there was nothing to be seen but stretched-out bodies of men and animals, all seeming to be dead.",lang
"He, however, very well knew, by the ruby faces and pimpled noses of the beefeaters, that they were only asleep; and their goblets, wherein still remained some drops of wine, showed plainly that they fell asleep in their cups.",lang
"He then crossed a court paved with marble, went up the stairs and came into the guard chamber, where guards were standing in their ranks, with their muskets upon their shoulders, and snoring as loud as they could.",lang
"After that he went through several rooms full of gentlemen and ladies, all asleep, some standing, others sitting.",lang
"At last he came into a chamber all gilded with gold, where he saw upon a bed, the curtains of which were all open, the finest sight was ever beheld--a princess, who appeared to be about fifteen or sixteen years of age, and whose bright and, in a manner, resplendent beauty, had somewhat in it divine.",lang
"He approached with trembling and admiration, and fell down before her upon his knees.",lang
"And now, as the enchantment was at an end, the Princess awaked, and looking on him with eyes more tender than the first view might seem to admit of: ""Is it you, my Prince?"" said she to him.",lang
"""You have waited a long while."" The Prince, charmed with these words, and much more with the manner in which they were spoken, knew not how to show his joy and gratitude; he assured her that he loved her better than he did himself; their discourse was not well connected, they did weep more than talk--little eloquence, a great deal of love.",lang
"He was more at a loss than she, and we need not wonder at it; she had time to think on what to say to him; for it is very probable (though history mentions nothing of it) that the good Fairy, during so long a sleep, had given her very agreeable dreams.",lang
"In short, they talked four hours together, and yet they said not half what they had to say.",lang
"In the meanwhile all the palace awaked; everyone thought upon their particular business, and as all of them were not in love they were ready to die for hunger.",lang
"The chief lady of honor, being as sharp set as other folks, grew very impatient, and told the Princess aloud that supper was served up.",lang
"The Prince helped the Princess to rise; she was entirely dressed, and very magnificently, but his royal highness took care not to tell her that she was dressed like his great-grandmother, and had a point band peeping over a high collar; she looked not a bit less charming and beautiful for all that.",lang
"They went into the great hall of looking-glasses, where they supped, and were served by the Princess's officers, the violins and hautboys played old tunes, but very excellent, though it was now above a hundred years since they had played; and after supper, without losing any time, the lord almoner married them in the chapel of the castle, and the chief lady of honor drew the curtains.",lang
"They had but very little sleep--the Princess had no occasion; and the Prince left her next morning to return to the city, where his father must needs have been in pain for him.",lang
"The Prince told him: That he lost his way in the forest as he was hunting, and that he had lain in the cottage of a charcoal-burner, who gave him cheese and brown bread.",lang
"The King, his father, who was a good man, believed him; but his mother could not be persuaded it was true; and seeing that he went almost every day a-hunting, and that he always had some excuse ready for so doing, though he had lain out three or four nights together, she began to suspect that he was married, for he lived with the Princess above two whole years, and had by her two children, the eldest of which, who was a daughter, was named Morning, and the youngest, who was a son, they called Day, because he was a great deal handsomer and more beautiful than his sister.",lang
"The Queen spoke several times to her son, to inform herself after what manner he did pass his time, and that in this he ought in duty to satisfy her.",lang
"But he never dared to trust her with his secret; he feared her, though he loved her, for she was of the race of the Ogres, and the King would never have married her had it not been for her vast riches; it was even whispered about the Court that she had Ogreish inclinations, and that, whenever she saw little children passing by, she had all the difficulty in the world to avoid falling upon them.",lang
And so the Prince would never tell her one word.,lang
"But when the King was dead, which happened about two years afterward, and he saw himself lord and master, he openly declared his marriage; and he went in great ceremony to conduct his Queen to the palace.",lang
"They made a magnificent entry into the capital city, she riding between her two children.",lang
"Soon after the King went to make war with the Emperor Contalabutte, his neighbor.",lang
"He left the government of the kingdom to the Queen his mother, and earnestly recommended to her care his wife and children.",lang
"He was obliged to continue his expedition all the summer, and as soon as he departed the Queen-mother sent her daughter-in-law to a country house among the woods, that she might with the more ease gratify her horrible longing.",lang
"Some few days afterward she went thither herself, and said to her clerk of the kitchen: ""I have a mind to eat little Morning for my dinner to- morrow."" ""Ah! madam,"" cried the clerk of the kitchen.",lang
"""I will have it so,"" replied the Queen (and this she spoke in the tone of an Ogress who had a strong desire to eat fresh meat), ""and will eat her with a sauce Robert."" The poor man, knowing very well that he must not play tricks with Ogresses, took his great knife and went up into little Morning's chamber.",lang
"She was then four years old, and came up to him jumping and laughing, to take him about the neck, and ask him for some sugar-candy.",lang
"Upon which he began to weep, the great knife fell out of his hand, and he went into the back yard, and killed a little lamb, and dressed it with such good sauce that his mistress assured him that she had never eaten anything so good in her life.",lang
"He had at the same time taken up little Morning, and carried her to his wife, to conceal her in the lodging he had at the bottom of the courtyard.",lang
"About eight days afterward the wicked Queen said to the clerk of the kitchen, ""I will sup on little Day."" He answered not a word, being resolved to cheat her as he had done before.",lang
"He went to find out little Day, and saw him with a little foil in his hand, with which he was fencing with a great monkey, the child being then only three years of age.",lang
"He took him up in his arms and carried him to his wife, that she might conceal him in her chamber along with his sister, and in the room of little Day cooked up a young kid, very tender, which the Ogress found to be wonderfully good.",lang
"This was hitherto all mighty well; but one evening this wicked Queen said to her clerk of the kitchen: ""I will eat the Queen with the same sauce I had with her children."" It was now that the poor clerk of the kitchen despaired of being able to deceive her.",lang
"The young Queen was turned of twenty, not reckoning the hundred years she had been asleep; and how to find in the yard a beast so firm was what puzzled him.",lang
"He took then a resolution, that he might save his own life, to cut the Queen's throat; and going up into her chamber, with intent to do it at once, he put himself into as great fury as he could possibly, and came into the young Queen's room with his dagger in his hand.",lang
"He would not, however, surprise her, but told her, with a great deal of respect, the orders he had received from the Queen-mother.",lang
"""Do it; do it"" (said she, stretching out her neck).",lang
"""Execute your orders, and then I shall go and see my children, my poor children, whom I so much and so tenderly loved."" For she thought them dead ever since they had been taken away without her knowledge.",lang
"""No, no, madam"" (cried the poor clerk of the kitchen, all in tears); ""you shall not die, and yet you shall see your children again; but then you must go home with me to my lodgings, where I have concealed them, and I shall deceive the Queen once more, by giving her in your stead a young hind."" Upon this he forthwith conducted her to his chamber, where, leaving her to embrace her children, and cry along with them, he went and dressed a young hind, which the Queen had for her supper, and devoured it with the same appetite as if it had been the young Queen.",lang
"Exceedingly was she delighted with her cruelty, and she had invented a story to tell the King, at his return, how the mad wolves had eaten up the Queen his wife and her two children.",lang
"One evening, as she was, according to her custom, rambling round about the courts and yards of the palace to see if she could smell any fresh meat, she heard, in a ground room, little Day crying, for his mamma was going to whip him, because he had been naughty; and she heard, at the same time, little Morning begging pardon for her brother.",lang
"The Ogress presently knew the voice of the Queen and her children, and being quite mad that she had been thus deceived, she commanded next morning, by break of day (with a most horrible voice, which made everybody tremble), that they should bring into the middle of the great court a large tub, which she caused to be filled with toads, vipers, snakes, and all sorts of serpents, in order to have thrown into it the Queen and her children, the clerk of the kitchen, his wife and maid; all whom she had given orders should be brought thither with their hands tied behind them.",lang
"They were brought out accordingly, and the executioners were just going to throw them into the tub, when the King (who was not so soon expected) entered the court on horseback (for he came post) and asked, with the utmost astonishment, what was the meaning of that horrible spectacle.",lang
"No one dared to tell him, when the Ogress, all enraged to see what had happened, threw herself head foremost into the tub, and was instantly devoured by the ugly creatures she had ordered to be thrown into it for others.",lang
"The King could not but be very sorry, for she was his mother; but he soon comforted himself with his beautiful wife and his pretty children.",lang
"Once upon a time there lived a king and queen who were grieved, more grieved than words can tell, because they had no children.",perrault
"They tried the waters of every country, made vows and pilgrimages, and did everything that could be done, but without result.",perrault
"At last, however, the queen found that her wishes were fulfilled, and in due course she gave birth to a daughter.",perrault
"A grand christening was held, and all the fairies that could be found in the realm (they numbered seven in all) were invited to be godmothers to the little princess.",perrault
This was done so that by means of the gifts which each in turn would bestow upon her (in accordance with the fairy custom of those days) the princess might be endowed with every imaginable perfection.,perrault
"When the christening ceremony was over, all the company returned to the king's palace, where a great banquet was held in honor of the fairies.",perrault
"Places were laid for them in magnificent style, and before each was placed a solid gold casket containing a spoon, fork, and knife of fine gold, set with diamonds and rubies.",perrault
"But just as all were sitting down to table an aged fairy was seen to enter, whom no one had thought to invite -- the reason being that for more than fifty years she had never quitted the tower in which she lived, and people had supposed her to be dead or bewitched.",perrault
"By the king's orders a place was laid for her, but it was impossible to give her a golden casket like the others, for only seven had been made for the seven fairies.",perrault
"The old creature believed that she was intentionally slighted, and muttered threats between her teeth.",perrault
"She was overheard by one of the young fairies, who was seated nearby.",perrault
"The latter, guessing that some mischievous gift might be bestowed upon the little princess, hid behind the tapestry as soon as the company left the table.",perrault
"Her intention was to be the last to speak, and so to have the power of counteracting, as far as possible, any evil which the old fairy might do.",perrault
Presently the fairies began to bestow their gifts upon the princess.,perrault
"The youngest ordained that she should be the most beautiful person in the world; the next, that she should have the temper of an angel; the third, that she should do everything with wonderful grace; the fourth, that she should dance to perfection; the fifth, that she should sing like a nightingale; and the sixth, that she should play every kind of music with the utmost skill.",perrault
It was now the turn of the aged fairy.,perrault
"Shaking her head, in token of spite rather than of infirmity, she declared that the princess should prick her hand with a spindle, and die of it.",perrault
A shudder ran through the company at this terrible gift.,perrault
All eyes were filled with tears.,perrault
But at this moment the young fairy stepped forth from behind the tapestry.,perrault
"""Take comfort, your Majesties,"" she cried in a loud voice.",perrault
"""Your daughter shall not die.",perrault
"My power, it is true, is not enough to undo all that my aged kinswoman has decreed.",perrault
The princess will indeed prick her hand with a spindle.,perrault
But instead of dying she shall merely fall into a profound slumber that will last a hundred years.,perrault
"At the end of that time a king's son shall come to awaken her."" The king, in an attempt to avert the unhappy doom pronounced by the old fairy, at once published an edict forbidding all persons, under pain of death, to use a spinning wheel or keep a spindle in the house.",perrault
"At the end of fifteen or sixteen years the king and queen happened one day to be away, on pleasure bent.",perrault
"The princess was running about the castle, and going upstairs from room to room she came at length to a garret at the top of a tower, where an old serving woman sat alone with her distaff, spinning.",perrault
This good woman had never heard speak of the king's proclamation forbidding the use of spinning wheels.,perrault
"""What are you doing, my good woman?"" asked the princess.",perrault
"""I am spinning, my pretty child,"" replied the dame, not knowing who she was.",perrault
"""Oh, what fun!"" rejoined the princess.",perrault
"""How do you do it?",perrault
"Let me try and see if I can do it equally well."" Partly because she was too hasty, partly because she was a little heedless, but also because the fairy decree had ordained it, no sooner had she seized the spindle than she pricked her hand and fell down in a swoon.",perrault
In great alarm the good dame cried out for help.,perrault
People came running from every quarter to the princess.,perrault
"They threw water on her face, chafed her with their hands, and rubbed her temples with the royal essence of Hungary.",perrault
But nothing would restore her.,perrault
"Then the king, who had been brought upstairs by the commotion, remembered the fairy prophecy.",perrault
"Feeling certain that what had happened was inevitable, since the fairies had decreed it, he gave orders that the princess should be placed in the finest apartment in the palace, upon a bed embroidered in gold and silver.",perrault
"You would have thought her an angel, so fair was she to behold.",perrault
The trance had not taken away the lovely color of her complexion.,perrault
"Her cheeks were delicately flushed, her lips like coral.",perrault
"Her eyes, indeed, were closed, but her gentle breathing could be heard, and it was therefore plain that she was not dead.",perrault
The king commanded that she should be left to sleep in peace until the hour of her awakening should come.,perrault
"When the accident happened to the princess, the good fairy who had saved her life by condemning her to sleep a hundred years was in the kingdom of Mataquin, twelve thousand leagues away.",perrault
"She was instantly warned of it, however, by a little dwarf who had a pair of seven-league boots, which are boots that enable one to cover seven leagues at a single step.",perrault
"The fairy set off at once, and within an hour her chariot of fire, drawn by dragons, was seen approaching.",perrault
"The king handed her down from her chariot, and she approved of all that he had done.",perrault
"But being gifted with great powers of foresight, she bethought herself that when the princess came to be awakened, she would be much distressed to find herself all alone in the old castle.",perrault
And this is what she did.,perrault
"She touched with her wand everybody (except the king and queen) who was in the castle -- governesses, maids of honor, ladies-in-waiting, gentlemen, officers, stewards, cooks, scullions, errand boys, guards, porters, pages, footmen.",perrault
"She touched likewise all the horses in the stables, with their grooms, the big mastiffs in the courtyard, and little Puff, the pet dog of the princess, who was lying on the bed beside his mistress.",perrault
"The moment she had touched them they all fell asleep, to awaken only at the same moment as their mistress.",perrault
Thus they would always be ready with their service whenever she should require it.,perrault
"The very spits before the fire, loaded with partridges and pheasants, subsided into slumber, and the fire as well.",perrault
"All was done in a moment, for the fairies do not take long over their work.",perrault
"Then the king and queen kissed their dear child, without waking her, and left the castle.",perrault
"Proclamations were issued, forbidding any approach to it, but these warnings were not needed, for within a quarter of an hour there grew up all round the park so vast a quantity of trees big and small, with interlacing brambles and thorns, that neither man nor beast could penetrate them.",perrault
"The tops alone of the castle towers could be seen, and these only from a distance.",perrault
"Thus did the fairy's magic contrive that the princess, during all the time of her slumber, should have naught whatever to fear from prying eyes.",perrault
At the end of a hundred years the throne had passed to another family from that of the sleeping princess.,perrault
"One day the king's son chanced to go a-hunting that way, and seeing in the distance some towers in the midst of a large and dense forest, he asked what they were.",perrault
His attendants told him in reply the various stories which they had heard.,perrault
"Some said there was an old castle haunted by ghosts, others that all the witches of the neighborhood held their revels there.",perrault
"The favorite tale was that in the castle lived an ogre, who carried thither all the children whom he could catch.",perrault
"There he devoured them at his leisure, and since he was the only person who could force a passage through the wood nobody had been able to pursue him.",perrault
"While the prince was wondering what to believe, an old peasant took up the tale.",perrault
"""Your Highness,"" said he, ""more than fifty years ago I heard my father say that in this castle lies a princess, the most beautiful that has ever been seen.",perrault
"It is her doom to sleep there for a hundred years, and then to be awakened by a king's son, for whose coming she waits."" This story fired the young prince.",perrault
"He jumped immediately to the conclusion that it was for him to see so gay an adventure through, and impelled alike by the wish for love and glory, he resolved to set about it on the spot.",perrault
"Hardly had he taken a step towards the wood when the tall trees, the brambles and the thorns, separated of themselves and made a path for him.",perrault
"He turned in the direction of the castle, and espied it at the end of a long avenue.",perrault
"This avenue he entered, and was surprised to notice that the trees closed up again as soon as he had passed, so that none of his retinue were able to follow him.",perrault
"A young and gallant prince is always brave, however; so he continued on his way, and presently reached a large forecourt.",perrault
The sight that now met his gaze was enough to fill him with an icy fear.,perrault
"The silence of the place was dreadful, and death seemed all about him.",perrault
"The recumbent figures of men and animals had all the appearance of being lifeless, until he perceived by the pimply noses and ruddy faces of the porters, that they merely slept.",perrault
"It was plain, too, from their glasses, in which were still some dregs of wine, that they had fallen asleep while drinking.",perrault
"The prince made his way into a great courtyard, paved with marble, and mounting the staircase entered the guardroom.",perrault
"Here the guards were lined up on either side in two ranks, their muskets on their shoulders, snoring their hardest.",perrault
"Through several apartments crowded with ladies and gentlemen in waiting, some seated, some standing, but all asleep, he pushed on, and so came at last to a chamber which was decked all over with gold.",perrault
There he encountered the most beautiful sight he had ever seen.,perrault
"Reclining upon a bed, the curtains of which on every side were drawn back, was a princess of seemingly some fifteen or sixteen summers, whose radiant beauty had an almost unearthly luster.",perrault
Trembling in his admiration he drew near and went on his knees beside her.,perrault
"At the same moment, the hour of disenchantment having come, the princess awoke, and bestowed upon him a look more tender than a first glance might seem to warrant.",perrault
"""Is it you, dear prince?"" she said.",perrault
"""You have been long in coming!"" Charmed by these words, and especially by the manner in which they were said, the prince scarcely knew how to express his delight and gratification.",perrault
He declared that he loved her better than he loved himself.,perrault
"His words were faltering, but they pleased the more for that.",perrault
"The less there is of eloquence, the more there is of love.",perrault
"Her embarrassment was less than his, and that is not to be wondered at, since she had had time to think of what she would say to him.",perrault
It seems (although the story says nothing about it) that the good fairy had beguiled her long slumber with pleasant dreams.,perrault
"To be brief, after four hours of talking they had not succeeded in uttering one half of the things they had to say to each other.",perrault
Now the whole palace had awakened with the princess.,perrault
"Everyone went about his business, and since they were not all in love they presently began to feel mortally hungry.",perrault
"The lady-in-waiting, who was suffering like the rest, at length lost patience, and in a loud voice called out to the princess that supper was served.",perrault
"The princess was already fully dressed, and in most magnificent style.",perrault
"As he helped her to rise, the prince refrained from telling her that her clothes, with the straight collar which she wore, were like those to which his grandmother had been accustomed.",perrault
"And in truth, they in no way detracted from her beauty.",perrault
"They passed into an apartment hung with mirrors, and were there served with supper by the stewards of the household, while the fiddles and oboes played some old music and played it remarkably well, considering they had not played at all for just upon a hundred years.",perrault
"A little later, when supper was over, the chaplain married them in the castle chapel, and in due course, attended by the courtiers in waiting, they retired to rest.",perrault
"They slept but little, however.",perrault
"The princess, indeed, had not much need of sleep, and as soon as morning came the prince took his leave of her.",perrault
"He returned to the city, and told his father, who was awaiting him with some anxiety, that he had lost himself while hunting in the forest, but had obtained some black bread and cheese from a charcoal burner, in whose hovel he had passed the night.",perrault
"His royal father, being of an easygoing nature, believed the tale, but his mother was not so easily hoodwinked.",perrault
"She noticed that he now went hunting every day, and that he always had an excuse handy when he had slept two or three nights from home.",perrault
"She felt certain, therefore, that he had some love affair.",perrault
"Two whole years passed since the marriage of the prince and princess, and during that time they had two children.",perrault
"The first, a daughter, was called ""Dawn,"" while the second, a boy, was named ""Day,"" because he seemed even more beautiful than his sister.",perrault
Many a time the queen told her son that he ought to settle down in life.,perrault
"She tried in this way to make him confide in her, but he did not dare to trust her with his secret.",perrault
"Despite the affection which he bore her, he was afraid of his mother, for she came of a race of ogres, and the king had only married her for her wealth.",perrault
"It was whispered at the court that she had ogrish instincts, and that when little children were near her she had the greatest difficulty in the world to keep herself from pouncing on them.",perrault
No wonder the prince was reluctant to say a word.,perrault
"But at the end of two years the king died, and the prince found himself on the throne.",perrault
"He then made public announcement of his marriage, and went in state to fetch his royal consort from her castle.",perrault
With her two children beside her she made a triumphal entry into the capital of her husband's realm.,perrault
"Some time afterwards the king declared war on his neighbor, the Emperor Cantalabutte.",perrault
"He appointed the queen mother as regent in his absence, and entrusted his wife and children to her care.",perrault
"He expected to be away at the war for the whole of the summer, and as soon as he was gone the queen mother sent her daughter-in-law and the two children to a country mansion in the forest.",perrault
This she did that she might be able the more easily to gratify her horrible longings.,perrault
A few days later she went there and in the evening summoned the chief steward.,perrault
"""For my dinner tomorrow,"" she told him, ""I will eat little Dawn."" ""Oh, Madam!"" exclaimed the steward.",perrault
"""That is my will,"" said the queen; and she spoke in the tones of an ogre who longs for raw meat.",perrault
"""You will serve her with piquant sauce,"" she added.",perrault
"The poor man, seeing plainly that it was useless to trifle with an ogress, took his big knife and went up to little Dawn's chamber.",perrault
"She was at that time four years old, and when she came running with a smile to greet him, flinging her arms round his neck and coaxing him to give her some sweets, he burst into tears, and let the knife fall from his hand.",perrault
"Presently he went down to the yard behind the house, and slaughtered a young lamb.",perrault
For this he made so delicious a sauce that his mistress declared she had never eaten anything so good.,perrault
"At the same time the steward carried little Dawn to his wife, and bade the latter hide her in the quarters which they had below the yard.",perrault
Eight days later the wicked queen summoned her steward again.,perrault
"""For my supper,"" she announced, ""I will eat little Day."" The steward made no answer, being determined to trick her as he had done previously.",perrault
"He went in search of little Day, whom he found with a tiny foil in his hand, making brave passes -- though he was but three years old -- at a big monkey.",perrault
"He carried him off to his wife, who stowed him away in hiding with little Dawn.",perrault
"To the ogress the steward served up, in place of Day, a young kid so tender that she found it surpassingly delicious.",perrault
"So far, so good.",perrault
But there came an evening when this evil queen again addressed the steward.,perrault
"""I have a mind,"" she said, ""to eat the queen with the same sauce as you served with her children."" This time the poor steward despaired of being able to practice another deception.",perrault
"The young queen was twenty years old, without counting the hundred years she had been asleep.",perrault
"Her skin, though white and beautiful, had become a little tough, and what animal could he possibly find that would correspond to her?",perrault
"He made up his mind that if he would save his own life he must kill the queen, and went upstairs to her apartment determined to do the deed once and for all.",perrault
"Goading himself into a rage he drew his knife and entered the young queen's chamber, but a reluctance to give her no moment of grace made him repeat respectfully the command which he had received from the queen mother.",perrault
"""Do it! do it!"" she cried, baring her neck to him; ""carry out the order you have been given!",perrault
"Then once more I shall see my children, my poor children that I loved so much!"" Nothing had been said to her when the children were stolen away, and she believed them to be dead.",perrault
The poor steward was overcome by compassion.,perrault
"""No, no, Madam,"" he declared.",perrault
"""You shall not die, but you shall certainly see your children again.",perrault
"That will be in my quarters, where I have hidden them.",perrault
"I shall make the queen eat a young hind in place of you, and thus trick her once more."" Without more ado he led her to his quarters, and leaving her there to embrace and weep over her children, proceeded to cook a hind with such art that the queen mother ate it for her supper with as much appetite as if it had indeed been the young queen.",perrault
"The queen mother felt well satisfied with her cruel deeds, and planned to tell the king, on his return, that savage wolves had devoured his consort and his children.",perrault
"It was her habit, however, to prowl often about the courts and alleys of the mansion, in the hope of scenting raw meat, and one evening she heard the little boy Day crying in a basement cellar.",perrault
"The child was weeping because his mother had threatened to whip him for some naughtiness, and she heard at the same time the voice of Dawn begging forgiveness for her brother.",perrault
"The ogress recognized the voices of the queen and her children, and was enraged to find she had been tricked.",perrault
"The next morning, in tones so affrighting that all trembled, she ordered a huge vat to be brought into the middle of the courtyard.",perrault
"This she filled with vipers and toads, with snakes and serpents of every kind, intending to cast into it the queen and her children, and the steward with his wife and serving girl.",perrault
"By her command these were brought forward, with their hands tied behind their backs.",perrault
"There they were, and her minions were making ready to cast them into the vat, when into the courtyard rode the king!",perrault
"Nobody had expected him so soon, but he had traveled posthaste.",perrault
"Filled with amazement, he demanded to know what this horrible spectacle meant.",perrault
"None dared tell him, and at that moment the ogress, enraged at what confronted her, threw herself head foremost into the vat, and was devoured on the instant by the hideous creatures she had placed in it.",perrault
"The king could not but be sorry, for after all she was his mother; but it was not long before he found ample consolation in his beautiful wife and children.",perrault
"Long ago, the Kingdom of France was home to a King and a Queen.",kids
"Beyond everything, their greatest desire was to have a child, and at last, their dream was realized.",kids
Beautiful baby princess Aurora born to the Queen.,kids
"The Queen was extremely content, as was the King.",kids
"To this excitement, bells rang joyfully throughout the nation.",kids
They threw a naming ceremony for their daughter and invited every fairy in the realm.,kids
Every visitor was presented with dishes and utensils crafted entirely of gold.,kids
"Maleficent, an elderly fairy who disappeared half a century ago and hasn't been seen in a long time, showed up at the ceremony out of the dark and without any prior warning.",kids
"Since she was a fairy and the King and Queen honored her presence, they set up a fitting environment for the new guest right away.",kids
"Regretfully, the plates and cutlery weren't made entirely of gold.",kids
The old fairy became enraged at this and took offense.,kids
It was now time for each fairy to bestow her blessing on the kid at the same moment.,kids
"When it was her time to speak, Maleficent stood up and exclaimed, ""I declare before you all that this child, on her sixteenth birthday, shall stab her finger on the spindle of a spinning wheel and die!"" With a whoosh of smoke, Maleficent was gone.",kids
Everyone was in a panic.,kids
"Still, one of the fairies had not given her the go-ahead.",kids
"It was unimaginable, but the King and Queen asked her to revoke the curse.",kids
"Alternatively, the fairy proposed that she might reduce the curse.",kids
"""The princess will not perish when she pricks her finger on the spinning wheel on her sixteenth birthday; rather, she will slumber for a century,"" he declared.",kids
"""A century?",kids
"""After our daughter turns sixteen, we won't recognize her anymore,"" the Queen remarked in a terrified and heartbroken voice.",kids
"Following the events, the King issued an order banning all spinning wheels from the realm.",kids
"The princess would not come near a spinning wheel, so he told them to do as he saw appropriate.",kids
Fairies would raise the baby in a cabin hidden in the woodland.,kids
"To keep her secure, they would keep her there until she turned sixteen.",kids
It would be fine to return Princess Aurora to the palace after everything is finished.,kids
"As years passed by, then came the day of the curse, Princess Aurora's sixteenth birthday, and shortly afterward, when she was exploring the castle, she found a hidden room with an elderly man bent over a spinning wheel.",kids
"Curious, she asked the old woman if she could give it a try, but the moment she touched the spindle's needle, she fell to the ground.",kids
"When the witch's spell is fulfilled, she falls into a deep sleep rather than passing away.",kids
"The king gave the order with a heavy heart, and she would now lie in the splendid apartment for many years to come.",kids
The entire kingdom was grieving for Sleeping Beauty and was in extreme sadness.,kids
A forest grew around the castle as the years went by.,kids
"A century later, while Phillip, a handsome prince, was strolling through the woodland, he entered the nation.",kids
"While examining the sleeping beauty's curse in depth, he was startled to find her, and he instantly fell in love.",kids
He bent and planted a kiss on her.,kids
"The spell was lifted, and the princess came awake.",kids
Everybody was ecstatic.,kids
"When the kingdom learned that she had awoken from her slumber, everyone rejoiced.",kids
"During the evening, the prince and the princess danced well.",kids
"They were married shortly after, and they had a happy marriage.",kids
The story of Sleeping Beauty ends here in love and marriage.,kids
